================================================================================
[1/10]

QUESTION:
What is the FY2018 capital expenditure amount (in USD millions) for 3M? Give a response to the question by relying on the details shown in the cash flow statement.

CONTEXT 1 (3M_2018_10K.pdf):
efficiency. The Company expects 2019 capital spending to be approximately $1.7 billion to $1.9 billion as 3M continues to invest in its businesses.
 
3M invests in renewal and maintenance programs, which pertain to cost reduction, cycle time, maintaining and renewing current capacity, eliminating
pollution, and compliance. Costs related to maintenance, ordinary repairs, and certain other items are expensed. 3M also invests in growth, which adds to
capacity, driven by new products, both through expansion of current facilities and new facilities. Finally, 3M also invests in other initiatives, such as
information technology (IT) and laboratory facilities.
 
Refer to Note 3 for information on acquisitions and divestitures. The Company is actively considering additional acquisitions, investments and strategic
alliances, and from time to time may also divest certain businesses. Proceeds from sale of businesses in 2018 primarily relate to the sale of 3M’s

CONTEXT 2 (3M_2018_10K.pdf):
cash. The first quarter of each year is typically 3M’s seasonal low for free cash flow and free cash flow conversion. Below find a recap of free cash flow and
free cash flow conversion for 2018, 2017 and 2016.
 
In 2018, free cash flow conversion was impacted by the $176 million measurement period adjustment to the tax expense recorded in December 2017 from
the enactment of the TCJA, the $897 million pre-tax impact related to the resolution of the Minnesota natural resource damages (NRD), and the $381
million pre-tax impact from the gain on sale of the Communication Markets Division, net of restructuring actions related to addressing corporate functional
costs following the divestiture. On a combined basis, these items reduced free cash flow conversion by 2 percentage points.
 
In 2017, free cash flow conversion was impacted by enactment of the TCJA, along with an additional U.S. pension contribution of $600 million that 3M

CONTEXT 3 (3M_2018_10K.pdf):
59
[Page 60]
Table of Contents 
3M Company and Subsidiaries
Consolidated Statement of Cash Flow s
Years ended December 31
 
(Millions)
    
2018
    
2017
    
2016
 
Cash Flows from Operating Activities
 
 
  
 
  
 
  
Net income including noncontrolling interest
 
$
5,363  
$
4,869  
$
5,058  
Adjustments to reconcile net income including noncontrolling interest to net cash
provided by operating activities
 
 
  
 
  
 
  
Depreciation and amortization
 
 
1,488  
 
1,544  
 
1,474  
Company pension and postretirement contributions
 
 
(370) 
 
(967) 
 
(383) 
Company pension and postretirement expense
 
 
410  
 
334  
 
250  
Stock-based compensation expense
 
 
302  
 
324  
 
298  
Gain on sale of businesses
 
 
(545) 
 
(586) 
 
(111) 
Deferred income taxes
 
 
(57) 
 
107  
 
 7  
Changes in assets and liabilities
 
 
  
 
  
 
  
Accounts receivable
 
 
(305) 
 
(245) 
 
(313) 
Inventories
 
 
(509) 
 
(387) 
 
57  
Accounts payable
 
 
408  
 
24  
 
148

CONTEXT 4 (3M_2018_10K.pdf):
quarter repayment of maturing medium-term notes, the net impact of repayments and borrowings of international subsidiaries along with foreign currency
effects, and lower year on year commercial paper balance. Outstanding commercial paper was $435 million at December 31, 2018, as compared to $745
million at December 31, 2017. Net commercial paper issuances and repayments and borrowings by international subsidiaries are largely reflected in
“Change in short-term debt – net” in the preceding table. 3M’s primary short-term liquidity needs are met through cash on hand and U.S. commercial paper
issuances.
 
Proceeds from debt for 2018 primarily relate to the September 2018, issuance of $400 million aggregate principal amount of 3-year fixed rate medium-term
notes due 2021 with a coupon rate of 3.00%, $300 million aggregate principal amount of 5.5-year fixed rate medium-term notes due 2024 with a coupon

CONTEXT 5 (3M_2018_10K.pdf):
Net cash provided by operating activities
 
$
6,439  
$
6,240  
$
6,662  
Purchases of property, plant and equipment (PP&E)
 
 
(1,577) 
 
(1,373) 
 
(1,420) 
Free cash flow
 
$
4,862  
$
4,867  
$
5,242  
Net income attributable to 3M
 
$
5,349  
$
4,858  
$
5,050  
Free cash flow conversion
 
 
91 %   
100 %  
104 %
 
Off-Balance Sheet Arrangements and Contractual Obligations:
 
As of December 31, 2018, the Company has not utilized special purpose entities to facilitate off-balance sheet financing arrangements. Refer to the section
entitled “Warranties/Guarantees” in Note 16 for discussion of accrued product warranty liabilities and guarantees.
 
In addition to guarantees, 3M, in the normal course of business, periodically enters into agreements that require the Company to indemnify either major
customers or suppliers for specific risks, such as claims for injury or property damage arising out of the use of 3M products or the negligence of 3M

CONTEXT 6 (3M_2018_10K.pdf):
efficiency. In 2018, 63% of 3M’s capital spending was within the United States, followed by Europe, Middle East and Africa; Asia Pacific; and Latin
America/Canada. 3M is increasing its investment in manufacturing and sourcing capability in order to more closely align its product capability with its sales
in major geographic areas in order to best serve its customers throughout the world with proprietary, automated, efficient, safe and sustainable processes.
Capital spending is discussed in more detail later in MD&A in the section entitled “Cash Flows from Investing Activities.”
 
 
 CRITICAL ACCOUNTING ESTIMA TES
 
Information regarding significant accounting policies is included in Note 1 of the consolidated financial statements. As stated in Note 1, the preparation of
financial statements requires management to make estimates and assumptions that affect the reported amounts of assets, liabilities, revenue and expenses,

CONTEXT 7 (3M_2018_10K.pdf):
increases in inventory and accounts receivable. The combination of accounts receivable, inventories and accounts payable increased working capital by
$406 million in 2018, compared to the working capital increases of $608 million in 2017. Additional discussion on working capital changes is provided
earlier in the “Financial Condition and Liquidity” section.
 
In 2017, cash flows provided by operating activities decreased $422 million compared to the same period last year. Factors that decreased operating cash
flows were increases in pension contributions, plus year-on-year increases in working capital. In December 2017, 3M contributed $600 million to its U.S.
defined benefit pension plan, contributing to a year-on-year increase in pension and postretirement contributions of $584 million. The combination of
accounts receivable, inventories and accounts payable increased working capital by $608 million in 2017, compared to working capital increases of $108

CONTEXT 8 (3M_2018_10K.pdf):
monitoring. In addition, 3M divested a polymer additives compounding business, formerly part of the Company’s Industrial business, and reflected a gain
on final closing adjustments from a prior divestiture which, in aggregate, were not material. These divestitures resulted in a gain on sale of businesses of
$24 million. 3M also divested an abrasives glass products business, formerly part of the Company’s Industrial business, which resulted in a gain on sale of
less than $15 million in the second quarter of 2018. Also, 3M reflected an immaterial gain from an earnout on a previous divestiture in the fourth quarter of
2018.
 
In June 2018, 3M completed the sale of substantially all of its Communication Markets Division to Corning Incorporated. This business, with annual sales
of approximately $400 million, consists of optical fiber and copper passive connectivity solutions for the telecommunications industry including 3M’s

CONTEXT 9 (3M_2018_10K.pdf):
Communication Markets Division and the sale of certain personal safety product offerings primarily focused on noise, environmental, and heat stress
monitoring within the Safety and Graphics business segment.
 
Purchases of marketable securities and investments and proceeds from maturities and sale of marketable securities and investments are primarily
attributable to asset-backed securities, certificates of deposit/time deposits, commercial paper, and other securities, which are classified as available-for-sale.
Refer to Note 11 for more details about 3M’s diversified marketable securities portfolio. Purchases of investments include additional survivor benefit
insurance, plus investments in equity securities.
 
Cash Flows from Financing Activities:
 
Years ended December 31
        
 
        
 
        
 
 
(Millions)
 
2018
 
2017
 
2016
 
Change in short-term debt — net
 
$
(284) 
$
578  
$
(797) 
Repayment of debt (maturities greater than 90 days)
 
 
(1,034) 
 
(962)

CONTEXT 10 (3M_2018_10K.pdf):
Dividends Paid to Shareholders:
 
Cash dividends paid to shareholders totaled $3.193 billion ($5.44 per share) in 2018, $2.803 billion ($4.70 per share) in 2017, and $2.678 billion ($4.44 per
share) in 2016. 3M has paid dividends since 1916. In February 2019, 3M’s Board of Directors declared a first-quarter 2019 dividend of $1.44 per share, an
increase of 6 percent. This is equivalent to an annual dividend of $5.76 per share and marked the 61st consecutive year of dividend increases.
 
48
[Page 49]
Table of Contents 
Other cash flows from financing activities may include various other items, such as changes in cash overdraft balances, and principal payments for capital
leases. In addition, in 2017, this included a payment related to the $96 million in interest expense associated with premiums and fees for the early retirement
of debt. See Note 12 for additional details.
 
Free Cash Flow (non-GAAP measure):

CONTEXT 11 (3M_2018_10K.pdf):
business, formerly part of the Company’s Industrial business, and reflected a gain on final closing adjustments from a prior divestiture which, in aggregate,
were not material. In May 2018, 3M divested an abrasives glass products business, formerly part of the Company’s Industrial business, with annual sales of
approximately $10 million. The transaction resulted in a pre-tax gain of less than $15 million. The Company also reflected an immaterial gain in the fourth
quarter from an earnout on a previous divestiture.
In June 2018, 3M completed the sale of substantially all of its Communication Markets Division to Corning Incorporated. This business, with annual sales
of approximately $400 million, consists of optical fiber and copper passive connectivity solutions for the telecommunications industry including 3M’s
xDSL, FTTx, and structured cabling solutions and, in certain countries, telecommunications system integration services. 3M received cash proceeds of $772

CONTEXT 12 (3M_2018_10K.pdf):
·
3M sold and leased-back certain recently constructed machinery and equipment in return for municipal securities, which in aggregate, were
recorded as a capital lease asset and obligation of approximately $13 million in 2018, $13 million in 2017, and $12 million in 2016, with an
average remaining lease term remaining of 15 years at December 31, 2018.
 
Minimum lease payments under capital and operating leases with non-cancelable terms in excess of one year as of December 31, 2018, were as follows:
 
        
 
    
Operating
 
(Millions)
 
Capital Leases
 
Leases
 
2019
 
$
18  
$
283  
2020
 
 
16  
 
208  
2021
 
 
14  
 
153  
2022
 
 
12  
 
122  
2023
 
 
12  
 
92  
After 2023
 
 
32  
 
253  
Total
 
$
104  
$
1,111  
Less: Amounts representing interest
 
 
12  
 
  
Present value of future minimum lease payments
 
 
92  
 
  
Less: Current obligations under capital leases
 
 
17  
 
  
Long-term obligations under capital leases
 
$
75

CONTEXT 13 (3M_2018_10K.pdf):
charges that did not repeat in 2018.
 
Research, Development and Related Expenses:
 
R&D in dollars decreased $49 million for full year 2018 when compared to the same period last year. The decrease primarily relates to R&D no longer
incurred related to the Communication Markets Division, which was primarily divested in the second quarter of 2018 and completed in the fourth quarter of
2018. 3M continued to invest in its key initiatives, including R&D aimed at disruptive innovation programs with the potential to create entirely new markets
and disrupt existing markets. R&D, measured as a percent of sales, was 5.6 percent in 2018, compared to 5.9 percent in 2017 and 2016.
 
Gain on Sale of Businesses:
 
In the first quarter of 2018, 3M closed on the sale of certain personal safety product offerings primarily focused on noise, environmental, and heat stress

CONTEXT 14 (3M_2018_10K.pdf):
when comparing 2017 to 2016. Refer to the section entitled “Financial Condition and Liquidity” later in MD&A for a discussion of items impacting cash
flows. In November 2018, 3M’s Board of Directors authorized the repurchase of up to $10 billion of 3M’s outstanding common stock, which replaced the
Company’s February 2016 repurchase program. This program has no pre-established end date. In 2018, the Company purchased $4.9 billion of its own
stock, compared to purchases of $2.1 billion in 2017 and $3.8 billion in 2016. The Company expects to purchase $2.0 billion to $4.0 billion of its own stock
in 2019. In February 2019, 3M’s Board of Directors declared a first-quarter 2019 dividend of $1.44 per share, an increase of 6 percent. This marked the
61st consecutive year of dividend increases for 3M. The Company has an AA- credit rating, with a stable outlook, from Standard & Poor’s and an A1

CONTEXT 15 (3M_2018_10K.pdf):
preservation. 3M recorded a charge of $897 million ($710 million after-tax), inclusive of legal fees and other related obligations, in the first quarter of 2018
associated with the resolution of this matter. In the fourth quarter of 2018, 3M recorded a related $60 million tax expense resulting from the Company’s
ongoing IRS examination under the Compliance Assurance Process (CAP) and new guidance released under the Tax Cuts and Jobs Act. Also during the
first quarter of 2018, 3M recorded a tax expense of $217 million related to a measurement period adjustment to the provisional amounts recorded in
December 2017 from the enactment of the Tax Cuts and Jobs Act (TCJA). In the fourth quarter 2018, 3M finalized the tax impact related to TCJA with a
reversal of previously recorded tax expense in the amount of $41 million.
During the fourth quarter of 2017, 3M recorded a net tax expense of $762 million related to the enactment of the Tax Cuts and Jobs Act (TCJA). The

ANSWER:
Based on the Consolidated Statement of Cash Flows, the FY2018 capital expenditure amount (listed as "Purchases of property, plant and equipment (PP&E)") for 3M was $1,577 million.

GOLD:
$1577.00

JUSTIFICATION:
The metric capital expenditures was directly extracted from the company 10K. The line item name, as seen in the 10K, was: Purchases of property, plant and equipment (PP&E).

================================================================================
[2/10]

QUESTION:
Assume that you are a public equities analyst. Answer the following question by primarily using information that is shown in the balance sheet: what is the year end FY2018 net PPNE for 3M? Answer in USD billions.

CONTEXT 1 (3M_2018_10K.pdf):
[Page 58]
Table of Contents 
3M Company and Subsidiaries
Consolidated Balance Shee t
At December 31
 
 
    
December 31,
    
December 31,
 
(Dollars in millions, except per share amount)
    
2018
    
2017
 
Assets
 
 
  
 
  
Current assets
 
 
  
 
  
Cash and cash equivalents
 
$
2,853  
$
3,053  
Marketable securities — current
 
 
380  
 
1,076  
Accounts receivable — net of allowances of $95 and $103
 
 
5,020  
 
4,911  
Inventories
 
 
  
 
  
Finished goods
 
 
2,120  
 
1,915  
Work in process
 
 
1,292  
 
1,218  
Raw materials and supplies
 
 
954  
 
901  
Total inventories
 
 
4,366  
 
4,034  
Prepaids
 
 
741  
 
937  
Other current assets
 
 
349  
 
266  
Total current assets
 
 
13,709  
 
14,277  
Property, plant and equipment
 
 
24,873  
 
24,914  
Less: Accumulated depreciation
 
 
(16,135)  
 
(16,048)  
Property, plant and equipment — net
 
 
8,738  
 
8,866  
Goodwill
 
 
10,051  
 
10,513  
Intangible assets — net
 
 
2,657  
 
2,936

CONTEXT 2 (3M_2018_10K.pdf):
8,738  
 
8,866  
Goodwill
 
 
10,051  
 
10,513  
Intangible assets — net
 
 
2,657  
 
2,936  
Other assets
 
 
1,345  
 
1,395  
Total assets
 
$
36,500  
$
37,987  
Liabilities
 
 
  
 
  
Current liabilities
 
 
  
 
  
Short-term borrowings and current portion of long-term debt
 
$
1,211  
$
1,853  
Accounts payable
 
 
2,266  
 
1,945  
Accrued payroll
 
 
749  
 
870  
Accrued income taxes
 
 
243  
 
310  
Other current liabilities
 
 
2,775  
 
2,709  
Total current liabilities
 
 
7,244  
 
7,687  
 
 
 
  
 
  
Long-term debt
 
 
13,411  
 
12,096  
Pension and postretirement benefits
 
 
2,987  
 
3,620  
Other liabilities
 
 
3,010  
 
2,962  
Total liabilities
 
$
26,652  
$
26,365  
Commitments and contingencies (Note 16)
 
 
  
 
  
Equity
 
 
  
 
  
3M Company shareholders’ equity:
 
 
  
 
  
Common stock par value, $.01 par value
 
$
 9  
$
 9  
Shares outstanding - 2018: 576,575,168
 
 
  
 
  
Shares outstanding - 2017: 594,884,237

CONTEXT 3 (3M_2018_10K.pdf):
in aggregate.
 
3M goodwill totaled approximately $10.1 billion as of December 31, 2018. 3M’s annual goodwill impairment testing is performed in the fourth quarter of
each year. Impairment testing for goodwill is done at a reporting unit level, with all goodwill assigned to a reporting unit. Reporting units are one level
below the business segment level, but are required to be combined when reporting units within the same segment have similar economic characteristics. At
3M, reporting units correspond to a division. 3M did not combine any of its reporting units for impairment testing.
 
An impairment loss would be recognized when the carrying amount of the reporting unit’s net assets exceeds the estimated fair value of the reporting unit,
and the loss would equal that difference. The estimated fair value of a reporting unit is determined using earnings for the reporting unit multiplied by a

CONTEXT 4 (3M_2018_10K.pdf):
value at both December 31, 2018, and September 30, 2018, was significantly in excess of its shareholders’ equity of approximately $10 billion.
 
As discussed in Note 3, 3M sold its Communication Markets division in 2018, which comprised substantially all of the $272 million reduction in goodwill
associated with divestitures during 2018.
 
In 2018, 3M determined fair values using either an industry price-earnings ratio approach or a discounted cash flows analysis. Where applicable, 3M used a
weighted-average discounted cash flow analysis for certain divisions, using projected cash flows that were
41
[Page 42]
Table of Contents 
weighted based on different sales growth and terminal value assumptions, among other factors. The weighting was based on management’s estimates of the
likelihood of each scenario occurring.
 
3M is a highly integrated enterprise, where businesses share technology and leverage common fundamental strengths and capabilities, thus many of 3M’s

CONTEXT 5 (3M_2018_10K.pdf):
648  
Total intangible assets — net
 
$
2,657  
$
2,936  
 
77
[Page 78]
Table of Contents 
Certain tradenames acquired by 3M are not amortized because they have been in existence for over 55 years, have a history of leading-market share
positions, have been and are intended to be continuously renewed, and the associated products of which are expected to generate cash flows for 3M for an
indefinite period of time.
 
Amortization expense for the years ended December 31 follows:
 
(Millions)
    
2018
    
2017
    
2016
 
Amortization expense
 
$
249  
$
238  
$
262  
 
Expected amortization expense for acquired amortizable intangible assets recorded as of December 31, 2018 follows:
 
 
  
 
  
 
  
 
  
 
  
 
 
After
 
(Millions)
 
2019
 
2020
 
2021
 
2022
 
2023
 
2023
 
Amortization expense
 $
240  $
228  $
219  $
205  $
174  $
950

CONTEXT 6 (3M_2018_10K.pdf):
preservation. 3M recorded a charge of $897 million ($710 million after-tax), inclusive of legal fees and other related obligations, in the first quarter of 2018
associated with the resolution of this matter. In the fourth quarter of 2018, 3M recorded a related $60 million tax expense resulting from the Company’s
ongoing IRS examination under the Compliance Assurance Process (CAP) and new guidance released under the Tax Cuts and Jobs Act. Also during the
first quarter of 2018, 3M recorded a tax expense of $217 million related to a measurement period adjustment to the provisional amounts recorded in
December 2017 from the enactment of the Tax Cuts and Jobs Act (TCJA). In the fourth quarter 2018, 3M finalized the tax impact related to TCJA with a
reversal of previously recorded tax expense in the amount of $41 million.
During the fourth quarter of 2017, 3M recorded a net tax expense of $762 million related to the enactment of the Tax Cuts and Jobs Act (TCJA). The

CONTEXT 7 (3M_2018_10K.pdf):
net debt as total debt less the total of cash, cash equivalents and current and long-term marketable securities. 3M believes net debt is meaningful to
investors as 3M considers net debt and its components to be important indicators of liquidity and financial position. The following table provides net debt
as of December 31, 2018 and 2017.
 
 
    
December 31,
  
2018 versus
 
(Millions)
 
2018
 
2017
 
2017
 
Total debt
 
$
14,622  $
13,949  $
673  
Less: Cash, cash equivalents and marketable securities
 
 
3,270   
4,156   
(886) 
Net debt (non-GAAP measure)
 
$
11,352  $
9,793  $
1,559  
 
Refer to the preceding “Total Debt” and “Cash, Cash Equivalents and Marketable Securities” sections for additional details. 
 
Balance Sheet:
 
3M’s strong balance sheet and liquidity provide the Company with significant flexibility to fund its numerous opportunities going forward. The Company

CONTEXT 8 (3M_2018_10K.pdf):
price/earnings ratio for comparable industry groups, or by using a discounted cash flow analysis. 3M typically uses the price/earnings ratio approach for
stable and growing businesses that have a long history and track record of generating positive operating income and cash flows. 3M uses the discounted
cash flow approach for start-up, loss position and declining businesses, in addition to using for businesses where the price/earnings ratio valuation method
indicates additional review is warranted. 3M also uses discounted cash flow as an additional tool for businesses that may be growing at a slower rate than
planned due to economic or other conditions.
 
As described in Note 18, effective in the first quarter of 2018, 3M made business segment reporting changes. For any product moves that resulted in
reporting unit changes, the Company applied the relative fair value method to determine the impact on goodwill of the associated reporting units. During the

CONTEXT 9 (3M_2018_10K.pdf):
businesses could not easily be sold on a stand-alone basis. 3M’s focus on research and development has resulted in a portion of 3M’s value being comprised
of internally developed businesses that have no goodwill associated with them. Based on the annual test in the fourth quarter of 2018, no goodwill
impairment was indicated for any of the reporting units.
 
Factors which could result in future impairment charges include, among others, changes in worldwide economic conditions, changes in competitive
conditions and customer preferences, and fluctuations in foreign currency exchange rates. These risk factors are discussed in Item 1A, “Risk Factors,” of
this document. In addition, changes in the weighted average cost of capital could also impact impairment testing results. As indicated above, during the first
quarter of 2018, the Company completed its assessment of any potential goodwill impairment for reporting units impacted by changes between reporting

CONTEXT 10 (3M_2018_10K.pdf):
billion at December 31, 2018. In addition, as of December 31, 2018, the Company had 4.1 billion Euros in principal amount of foreign currency
denominated debt designated as non-derivative hedging instruments in certain net investment hedges as discussed in Note 14 in the “Net Investment
Hedges” section.
 
Interest Rates Risk:
 
The Company may be impacted by interest rate volatility with respect to existing debt and future debt issuances. 3M manages interest rate risk and expense
using a mix of fixed and floating rate debt. In addition, the Company may enter into interest rate swaps that are designated and qualify as fair value hedges.
Under these arrangements, the Company agrees to exchange, at specified intervals, the difference between fixed and floating interest amounts calculated by
reference to an agreed-upon notional principal amount. The dollar equivalent (based on inception date foreign currency exchange rates) gross notional

CONTEXT 11 (3M_2018_10K.pdf):
monitoring. In addition, 3M divested a polymer additives compounding business, formerly part of the Company’s Industrial business, and reflected a gain
on final closing adjustments from a prior divestiture which, in aggregate, were not material. These divestitures resulted in a gain on sale of businesses of
$24 million. 3M also divested an abrasives glass products business, formerly part of the Company’s Industrial business, which resulted in a gain on sale of
less than $15 million in the second quarter of 2018. Also, 3M reflected an immaterial gain from an earnout on a previous divestiture in the fourth quarter of
2018.
 
In June 2018, 3M completed the sale of substantially all of its Communication Markets Division to Corning Incorporated. This business, with annual sales
of approximately $400 million, consists of optical fiber and copper passive connectivity solutions for the telecommunications industry including 3M’s

CONTEXT 12 (3M_2018_10K.pdf):
units and determined that no impairment existed. Long-lived assets with a definite life are reviewed for impairment whenever events or changes in
circumstances indicate that the carrying amount of an asset (asset group) may not be recoverable. If future non-cash asset impairment charges are taken, 3M
would expect that only a portion of the long-lived assets or goodwill would be impaired. 3M will continue to monitor its reporting units and asset groups in
2019 for any triggering events or other indicators of impairment.
 
 Income Taxes:
 
The extent of 3M’s operations involves dealing with uncertainties and judgments in the application of complex tax regulations in a multitude of
jurisdictions. The final taxes paid are dependent upon many factors, including negotiations with taxing authorities in various jurisdictions and resolution of

CONTEXT 13 (3M_2018_10K.pdf):
quarter repayment of maturing medium-term notes, the net impact of repayments and borrowings of international subsidiaries along with foreign currency
effects, and lower year on year commercial paper balance. Outstanding commercial paper was $435 million at December 31, 2018, as compared to $745
million at December 31, 2017. Net commercial paper issuances and repayments and borrowings by international subsidiaries are largely reflected in
“Change in short-term debt – net” in the preceding table. 3M’s primary short-term liquidity needs are met through cash on hand and U.S. commercial paper
issuances.
 
Proceeds from debt for 2018 primarily relate to the September 2018, issuance of $400 million aggregate principal amount of 3-year fixed rate medium-term
notes due 2021 with a coupon rate of 3.00%, $300 million aggregate principal amount of 5.5-year fixed rate medium-term notes due 2024 with a coupon

CONTEXT 14 (3M_2018_10K.pdf):
[Page 1]
low
 
UNITED STATES
SECURITIES AND EXCHANGE COMMISSION
Washington, D.C. 20549
 
FORM 10-K
 
☒   ANNUAL REPORT PURSUANT TO SECTION 13 OR 15(d) OF THE
SECURITIES EXCHANGE ACT OF 1934
For the fiscal year ended December 31, 2018
 
Commission file number 1-3285
 
3M COMPANY
State of Incorporation: Delaware
 
I.R.S. Employer Identification No. 41-0417775
Principal executive offices: 3M Center, St. Paul, Minnesota 55144
Telephone number: (651) 733-1110
 
SECURITIES REGISTERED PURSUANT TO SECTION 12(b) OF THE ACT:
Title of each class
 
Name of each exchange
on which registered
Common Stock, Par Value $.01 Per Share
 
1.500% Notes due 2026
Floating Rate Notes due 2020
0.375% Notes due 2022
0.950% Notes due 2023
1.750% Notes due 2030
1.500% Notes due 2031
 
New York Stock Exchange, Inc.
Chicago Stock Exchange, Inc.
New York Stock Exchange, Inc.
New York Stock Exchange, Inc.
New York Stock Exchange, Inc.
New York Stock Exchange, Inc.
New York Stock Exchange, Inc.

CONTEXT 15 (3M_2018_10K.pdf):
income that will be amortized over the respective lives of the debt.
 
As of December 31, 2018, the Company had a balance of $64 million associated with the after tax net unrealized gain associated with cash flow hedging
instruments recorded in accumulated other comprehensive income. This includes a remaining balance of $7 million (after tax loss) related to forward
starting interest rate swaps, which will be amortized over the respective lives of the notes. Based on exchange rates as of December 31, 2018, 3M expects to
reclassify approximately $55 million and $15 million of the after-tax net unrealized foreign exchange cash flow hedging gains to earnings in 2019 and
2020, respectively, and approximately $6 million of the after-tax net unrealized foreign exchange cash flow hedging losses to earnings after 2020 (with the
impact offset by earnings/losses from underlying hedged items).

ANSWER:
Based on the Consolidated Balance Sheet as of December 31, 2018, the net property, plant and equipment (PP&E) for 3M is:

$8,738 million / 1,000 = $8.738 billion.

GOLD:
$8.70

JUSTIFICATION:
The metric ppne, net was directly extracted from the company 10K. The line item name, as seen in the 10K, was: Property, plant and equipment â net.

================================================================================
[3/10]

QUESTION:
Is 3M a capital-intensive business based on FY2022 data?

CONTEXT 1 (3M_2022_10K.pdf):
as an indication of the strength of the company and its ability to generate cash. Free cash flow and free cash flow conversion vary across quarters throughout the year. Below
find a recap of free cash flow and free cash flow conversion.
Refer to the preceding “Cash Flows from Operating Activities” and “Cash Flows from Investing Activities” sections for discussion of items that impacted the operating cash
flow and purchases of PP&E components of the calculation of free cash flow. Refer to the preceding “Results of Operations” section for discussion of items that impacted the net
income attributable to 3M component of the calculation of free cash flow conversion.
Year ended December 31, (Millions)
2022
2021
Major GAAP Cash Flow Categories
Net cash provided by (used in) operating activities
$
5,591
$
7,454
Net cash provided by (used in) investing activities
(1,046)
(1,317)
Net cash provided by (used in) financing activities
(5,350)
(6,145)
Free Cash Flow (non-GAAP measure)

CONTEXT 2 (3M_2022_10K.pdf):
in its operations to drive growth, including continual review of acquisition opportunities.
The Company uses working capital measures that place emphasis and focus on certain working capital assets, such as accounts receivable and inventory activity.
Working capital (non-GAAP measure):
December 31,
(Millions)
2022
2021
Change
Current assets
$
14,688 $
15,403 $
(715)
Less: Current liabilities
9,523
9,035
488
Working capital (non-GAAP measure)
$
5,165 $
6,368 $
(1,203)
Various assets and liabilities, including cash and short-term debt, can fluctuate significantly from month to month depending on short-term liquidity needs. Working capital is
not defined under U.S. generally accepted accounting principles and may not be computed the same as similarly titled measures used by other companies. The Company defines
working capital as current assets minus current liabilities. 3M believes working capital is meaningful to investors as a measure of operational efficiency and short-term financial

CONTEXT 3 (3M_2022_10K.pdf):
$
(1,749) $
(1,603)
Proceeds from sale of PP&E and other assets
200 
51 
Purchases and proceeds from maturities and sale of marketable securities and investments, net
11 
204 
Proceeds from sale of businesses, net of cash sold
13 
— 
Cash payment from Food Safety business split-off, net of divested cash
478 
— 
Other — net
1 
31 
Net cash provided by (used in) investing activities
$
(1,046) $
(1,317)
Investments in property, plant and equipment enable growth across many diverse markets, helping to meet product demand and increasing manufacturing efficiency. The
Company expects 2023 capital spending to be approximately $1.5 billion to $1.8 billion as 3M continues to invest in growth, productivity and sustainability.
3M records capital-related government grants earned as reductions to the cost of property, plant and equipment; and associated unpaid liabilities and grant proceeds receivable

CONTEXT 4 (3M_2022_10K.pdf):
current portion of long-term debt).
Credit Facilities
3M has an amended and restated $3.0 billion five year revolving credit facility expiring in November 2024. The revolving credit agreement includes a provision under which
3M may request an increase of up to $1.0 billion (at lender’s discretion), bringing the total facility up to $4.0 billion. In addition, 3M entered into a $1.25 billion 364-day credit
facility, which was renewed in November 2022 with an expiration date of November 2023. The 364-day credit agreement includes a provision under which 3M may convert any
advances outstanding on the maturity date into term loans having a maturity date one year later. These credit facilities were undrawn at December 31, 2022. Under both the $3.0
billion and $1.25 billion credit agreements, the Company is required to maintain its EBITDA to Interest Ratio as of the end of each fiscal quarter at not less than 3.0 to 1. This is

CONTEXT 5 (3M_2022_10K.pdf):
development, product and manufacturing support, product development and technology development aimed at disruptive innovations.
Gain on Business Divestitures:
In the third quarter of 2022, 3M recorded a pre-tax gain of $2.7 billion ($2.7 billion after tax) related to the split-off and combination of its Food Safety business with Neogen
Corporation. Refer to Note 3 for further details.
Goodwill Impairment Expense:
As a result of 3M's commitment to exit per- and polyfluoroalkyl substance (PFAS) manufacturing, 3M recorded a goodwill impairment charge related to the Advanced
Materials reporting unit (within the Transportation and Electronics business). Refer to Note 15 for further details.
27
[Page 28]
Table of Contents
Other Expense (Income), Net:
See Note 6 for a detailed breakout of this line item.
Interest expense (net of interest income) decreased in 2022 compared to the same period year-on-year driven by debt maturities in the ordinary course and interest income on

CONTEXT 6 (3M_2022_10K.pdf):
Additional information about results of operations and financial condition for 2021 and 2020 can be found in “Management’s Discussion and Analysis of Financial Condition
and Results of Operations” sections in 3M's Current Report on Form 8-K dated April 26, 2022 (which updated 3M's 2021 Annual Report on Form 10-K).
OVERVIEW
3M is a diversified global manufacturer, technology innovator and marketer of a wide variety of products and services. Effective in the first quarter of 2022, 3M made the
following changes:
•
Changes in measure of segment operating performance used by 3M’s chief operating decision maker—impacting 3M’s disclosed measure of segment profit/loss
(business segment operating income). See additional information in Note 19. 3M's disclosed disaggregated revenue was also updated as a result of the changes in
segment reporting. See additional information in Note 2.
•

CONTEXT 7 (3M_2022_10K.pdf):
Contingencies).
Environmental expenditures relating to existing conditions caused by past operations that do not contribute to current or future revenues are expensed. Reserves for liabilities for
anticipated remediation costs are recorded on an undiscounted basis when they are probable and reasonably estimable, generally no later than the completion of feasibility
studies, the Company’s commitment to a plan of action, or approval by regulatory agencies. Environmental expenditures for capital projects that contribute to current or future
operations generally are capitalized and depreciated over their estimated useful lives.
In 2022, 3M expended approximately $317 million on capital projects for environmental purposes as defined below. Capital projects for environmental purposes include waste
reduction and pollution control programs such as, water usage reduction and water quality improvement equipment, scrubbers, containment structures, solvent recovery units

CONTEXT 8 (3M_2022_10K.pdf):
[Table — page 50]
Assets |  |  |  |  |  | 
Current assets |  |  |  |  |  | 
Cash and cash equivalents |  | $ | 3,655 |  | $ | 4,564
Marketable securities — current |  | 238 |  |  | 201 | 
Accounts receivable — net of allowances of $174 and $189 |  | 4,532 |  |  | 4,660 | 
Inventories |  |  |  |  |  | 
Finished goods |  | 2,497 |  |  | 2,196 | 
Work in process |  | 1,606 |  |  | 1,577 | 
Raw materials and supplies |  | 1,269 |  |  | 1,212 | 
Total inventories |  | 5,372 |  |  | 4,985 | 
Prepaids |  | 435 |  |  | 654 | 
Other current assets |  | 456 |  |  | 339 | 
Total current assets |  | 14,688 |  |  | 15,403 | 
Property, plant and equipment |  | 25,998 |  |  | 27,213 | 
Less: Accumulated depreciation |  | (16,820) |  |  | (17,784) | 
Property, plant and equipment — net |  | 9,178 |  |  | 9,429 | 
Operating lease right of use assets |  | 829 |  |  | 858 | 
Goodwill |  | 12,790 |  |  | 13,486 | 
Intangible assets — net |  | 4,699 |  |  | 5,288 | 
Other assets |  | 4,271 |  |  | 2,608 | 
Total assets |  | $ | 46,455 |  | $ | 47,072
Liabilities |  |  |  |  |  | 
Current liabilities |  |  |  |  |  | 
Short-term borrowings and current portion of long-term debt |  | $ | 1,938 |  | $ | 1,307
Accounts payable |  | 3,183 |  |  | 2,994 | 
Accrued payroll |  | 692 |  |  | 1,020 | 
Accrued income taxes |  | 259 |  |  | 260 | 
Operating lease liabilities — current |  | 261 |  |  | 263 | 
Other current liabilities |  | 3,190 |  |  | 3,191 | 
Total current liabilities |  | 9,523 |  |  | 9,035 | 
Long-term debt |  | 14,001 |  |  | 16,056 | 
Pension and postretirement benefits |  | 1,966 |  |  | 2,870 | 
Operating lease liabilities |  | 580 |  |  | 591 | 
Other liabilities |  | 5,615 |  |  | 3,403 | 
Total liabilities |  | 31,685 |  |  | 31,955 | 
Commitments and contingencies (Note 16) |  |  |  |  |  | 
Equity |  |  |  |  |  | 
3M Company shareholders’ equity: |  |  |  |  |  | 
Common stock par value, $.01 par value; 944,033,056 shares issued |  | 9 |  |  | 9 | 
Shares outstanding - December 31, 2022: 549,245,105 |  |  |  |  |  | 
Shares outstanding - December 31, 2021: 571,845,478 |  |  |  |  |  | 
Additional paid-in capital |  | 6,691 |  |  | 6,429 | 
Retained earnings |  | 47,950 |  |  | 45,821 | 
Treasury stock, at cost: |  | (33,255) |  |  | (30,463) | 
Accumulated other comprehensive income (loss) |  | (6,673) |  |  | (6,750) | 
Total 3M Company shareholders’ equity |  | 14,722 |  |  | 15,046 | 
Noncontrolling interest |  | 48 |  |  | 71 | 
Total equity |  | 14,770 |  |  | 15,117 | 
Total liabilities and equity |  | $ | 46,455 |  | $ | 47,072

CONTEXT 9 (3M_2022_10K.pdf):
capital in accordance with the Company's stated priorities and meet needs associated with contractual commitments and other obligations. Investing in 3M’s business to drive
organic growth and deliver strong returns on invested capital remains the first priority for capital deployment. This includes research and development, capital expenditures, and
commercialization capability. The Company also continues to actively manage its portfolio through acquisitions and divestitures to maximize value for shareholders. 3M
expects to continue returning cash to shareholders through dividends and share repurchases. To fund cash needs in the United States, the Company relies on ongoing cash flow
from U.S. operations, access to capital markets and repatriation of the earnings of its foreign affiliates that are not considered to be permanently reinvested. For those

CONTEXT 10 (3M_2022_10K.pdf):
in four business segments: Safety and Industrial; Transportation and Electronics; Health Care; and Consumer. 3M’s four business segments bring together common or related
3M technologies, enhancing the development of innovative products and services and providing for efficient sharing of business resources. In July 2022, 3M announced its
intention to spin off the Health Care business as a separate public company (see Note 3 for additional information). Transactions among reportable segments are recorded at
cost. 3M is an integrated enterprise characterized by substantial intersegment cooperation, cost allocations and inventory transfers. Therefore, management does not represent
that these segments, if operated independently, would report the operating income information shown.
3M discloses business segment operating income as its measure of segment profit/loss, reconciled to both total 3M operating income and income before taxes. Business segment

CONTEXT 11 (3M_2022_10K.pdf):
2022, 3M had 21 primary reporting units, with ten reporting units accounting for approximately 94 percent of the goodwill. These ten reporting units were comprised of the
following divisions: Advanced Materials, Display Materials and Systems, Electronics Materials Solutions, Health Information Systems, Industrial Adhesives and
Tapes, Medical Solutions, Oral Care, Personal Safety, Separation and Purification Sciences, and Transportation Safety.
3M is a highly integrated enterprise, where businesses share technology and leverage common fundamental strengths and capabilities, thus many of 3M’s businesses could not
easily be sold on a stand-alone basis. 3M’s focus on research and development has resulted in a portion of 3M’s value being comprised of internally developed businesses.
Following the annual impairment test, as a result of 3M's December 2022 announced commitment to a plan to exit per- and polyfluoroalkyl substance (PFAS) manufacturing as

CONTEXT 12 (3M_2022_10K.pdf):
international earnings still considered to be reinvested indefinitely, the Company currently has no plans or intentions to repatriate these funds for U.S. operations. See Note 10
for further information on earnings considered to be reinvested indefinitely.
3M maintains a strong liquidity profile. The Company’s primary short-term liquidity needs are met through cash on hand and U.S. commercial paper issuances. 3M believes it
will have continuous access to the commercial paper market. 3M’s commercial paper program permits the Company to have a maximum of $5 billion outstanding with a
maximum maturity of 397 days from date of issuance. The Company had no commercial paper outstanding at December 31, 2022 and December 31, 2021.
Total debt:
The strength of 3M’s credit profile and significant ongoing cash flows provide 3M proven access to capital markets. Additionally, the Company’s debt maturity profile is

CONTEXT 13 (3M_2022_10K.pdf):
$623 million in 2022, compared to an operating cash flow decrease of $507 million in 2021. Additional discussion on working capital changes is provided earlier in the
“Financial Condition and Liquidity” section. The 2022 second quarter pre-tax charge of approximately $1.2 billion related to steps toward resolving Combat Arms Earplugs
litigation (discussed in Note 16) largely impacted the 2022 net income component above, with offsets in the other-net and deferred tax elements. The 2022 non-cash impairment
expenses added back to net income in arriving at net cash provided by operating activities above primarily relate to 3M's commitment to a plan to exit per- and polyfluoroalkyl
substance (PFAS) manufacturing as described in Note 15.
Cash Flows from Investing Activities:
Year ended December 31, (Millions)
2022
2021
Purchases of property, plant and equipment (PP&E)
$
(1,749) $
(1,603)
Proceeds from sale of PP&E and other assets
200 
51

CONTEXT 14 (3M_2022_10K.pdf):
Purchases of marketable securities and investments and proceeds from maturities and sale of marketable securities and investments are primarily attributable to certificates of
deposit/time deposits, commercial paper, and other securities, which are classified as available-for-sale. Refer to Note 11 for more details about 3M’s diversified marketable
securities portfolio. Purchases of investments include additional survivor benefit insurance, plus investments in equity securities.
Cash Flows from Financing Activities:
Year ended December 31, (Millions)
2022
2021
Change in short-term debt — net
$
340 $
(2)
Repayment of debt (maturities greater than 90 days)
(1,179)
(1,144)
Proceeds from debt (maturities greater than 90 days)
1 
1 
Total cash change in debt
(838)
(1,145)
Purchases of treasury stock
(1,464)
(2,199)
Proceeds from issuances of treasury stock pursuant to stock option and benefit plans
381 
639 
Dividends paid to shareholders
(3,369)
(3,420)
Other — net
(60)
(20)

CONTEXT 15 (3M_2022_10K.pdf):
less the total of cash, cash equivalents and current and long-term marketable securities. 3M believes net debt is meaningful to investors as 3M considers net debt and its
components to be important indicators of liquidity and financial position. The following table provides net debt as of December 31, 2022 and 2021.
December 31,
(Millions)
2022
2021
Change
Total debt
$
15,939 $
17,363 $
(1,424)
Less: Cash, cash equivalents and marketable securities
3,916
4,792
(876)
Net debt (non-GAAP measure)
$
12,023 $
12,571 $
(548)
Refer to the preceding “Total Debt” and “Cash, Cash Equivalents and Marketable Securities” sections for additional details.
Balance Sheet:
3M’s strong balance sheet and liquidity provide the Company with significant flexibility to fund its numerous opportunities going forward. The Company will continue to invest
in its operations to drive growth, including continual review of acquisition opportunities.

ANSWER:
Not found in context.

GOLD:
No, the company is managing its CAPEX and Fixed Assets pretty efficiently, which is evident from below key metrics:
CAPEX/Revenue Ratio: 5.1%
Fixed assets/Total Assets: 20%
Return on Assets= 12.4%

JUSTIFICATION:
CAPEX/Revenue
Fixed Assets/Total Assets
ROA=Net Income/Total Assets

================================================================================
[4/10]

QUESTION:
What drove operating margin change as of FY2022 for 3M? If operating margin is not a useful metric for a company like this, then please state that and explain why.

CONTEXT 1 (3M_2022_10K.pdf):
— 
(8.0)
Goodwill impairment expense
0.8 
— 
0.8 
Operating income margin
19.1 %
20.8 %
(1.7)%
The Company is continuing the ongoing deployment of an enterprise resource planning (ERP) system on a worldwide basis, with these investments impacting cost of sales,
SG&A, and R&D.
Cost of Sales:
Cost of sales, measured as a percent of sales, increased in 2022 when compared to the same period last year. Increases were primarily due to 2022 special item costs for
significant litigation from additional commitments to address PFAS-related matters at 3M's Zwijndrecht, Belgium site (discussed in Note 16), higher raw materials and logistics
costs, manufacturing productivity headwinds which were further magnified by the shutdown of certain operations in Belgium and progress on restarting previously-idled
operations, and investments in growth, productivity and sustainability. On a percent of sales basis, these increases were partially offset by increases in selling prices.

CONTEXT 2 (3M_2022_10K.pdf):
Additional information about results of operations and financial condition for 2021 and 2020 can be found in “Management’s Discussion and Analysis of Financial Condition
and Results of Operations” sections in 3M's Current Report on Form 8-K dated April 26, 2022 (which updated 3M's 2021 Annual Report on Form 10-K).
OVERVIEW
3M is a diversified global manufacturer, technology innovator and marketer of a wide variety of products and services. Effective in the first quarter of 2022, 3M made the
following changes:
•
Changes in measure of segment operating performance used by 3M’s chief operating decision maker—impacting 3M’s disclosed measure of segment profit/loss
(business segment operating income). See additional information in Note 19. 3M's disclosed disaggregated revenue was also updated as a result of the changes in
segment reporting. See additional information in Note 2.
•

CONTEXT 3 (3M_2022_10K.pdf):
impacts.
Though 3M monitors relevant factors as well as options to mitigate potential impacts, it is not able to predict the extent to which these circumstances may have a material effect
on 3M’s consolidated results of operations or financial condition. Relevant risk factors can be found in Item 1A “Risk Factors” in this Annual Report on Form 10-K.
Operating income margin and earnings per share attributable to 3M common shareholders – diluted:
The following table provides the increases (decreases) in operating income margins and diluted earnings per share.
Year ended December 31,
2022
2021
Percent of net sales
Earnings per
diluted share
Percent of net sales
Earnings per
diluted share
Same period last year
20.8 % $
10.12 
22.3 % $
9.36 
Net costs for significant litigation
1.4 
0.61 
1.0 
0.37 
Gain on business divestitures
— 
— 
(1.2)
(0.52)
Divestiture-related restructuring actions
— 
— 
0.2 
0.08 
Total special items
1.4 
0.61 
— 
(0.07)

CONTEXT 4 (3M_2022_10K.pdf):
operating income excludes certain expenses and income that are not allocated to business segments (as described below in “Corporate and Unallocated”).
Effective in the first quarter of 2022, the measure of segment operating performance used by 3M’s chief operating decision maker (CODM) changed and, as a result, 3M’s
disclosed measure of segment profit/loss (business segment operating income (loss) ) was updated. The change to business segment operating income aligns with the update to
how the CODM assesses performance and allocates resources for the Company’s business segments. The changes included the items described below. The financial information
presented herein reflects the impact of these business segment reporting changes for all periods presented.
Effective in the first quarter of 2022:
Eliminating inclusion of dual credit in measure of segment operating performance

CONTEXT 5 (3M_2022_10K.pdf):
•
COVID-impacts recognized on certain assets in 2020.
•
In 2021, higher defined benefit pension and postretirement service cost increased expense year-on-year.
Raw material impact:
•
In 2022, 3M continued to experience inflationary pressures with year-on-year increases in raw material and logistics costs driven by many geopolitical, logistics, and
disruptive events that caused imbalance in the global supply chain.
•
In 2021, 3M experienced higher raw material, logistics, and outsourced manufacturing costs from strong end-market demand, ongoing COVID-19 and related global
supply chain challenges that were further magnified by extreme weather events, such as February 2021 winter storm Uri in the U.S.
Acquisitions/divestitures:
•
Divestiture impacts in 2022 include lost income from divested businesses and remaining stranded costs (net of transition arrangement income). 3M completed the split-

CONTEXT 6 (3M_2022_10K.pdf):
Russia exit charges:
•
In the third quarter of 2022, 3M recorded a charge primarily related to impairment of net assets in Russia in connection with management's committed exit and disposal
plan. Refer to Note 15 for further details.
PFAS manufacturing exit costs:
•
These costs relate to 3M's December 2022 commitment to a plan to exit PFAS manufacturing by the end of 2025. Charges for the applicable period relate to asset
impairments. These charges were reflected within the Transportation and Electronics business segment. Refer to Note 15 for further details.
23
[Page 24]
Table of Contents
Operating Income (Loss)
(Dollars in millions, except per share
amounts)
Safety and
Industrial
Safety and
Industrial
Margin
Transportation
and Electronics
Transportation
and Electronics
Margin
Total
Company
Total
Company
Margin
Income
Before Taxes
Provision for
Income
Taxes
Effective
Tax Rate
Net Income
Attributable
to 3M
Earnings
per Diluted
Share
Earnings per
diluted share
percent
change

CONTEXT 7 (3M_2022_10K.pdf):
a decrease of 0.4 percent percentage points from 2021 to 2022 and a decrease of 2.4 percentage points from 2020 to 2021.
Shares of common stock outstanding:
•
Lower shares outstanding increased earnings per share per diluted share for 2022, while higher shares outstanding decreased earnings per share diluted share for 2021.
Certain amounts adjusted for special items - (non-GAAP measures):
In addition to reporting financial results in accordance with U.S. GAAP, 3M also provides non-GAAP measures that adjust for the impacts of special items. For the periods
presented, special items include the items described below. Operating income, segment operating income (loss), income before taxes, net income, earnings per share, and the
effective tax rate are all measures for which 3M provides the reported GAAP measure and a measure adjusted for special items. The adjusted measures are not in accordance

CONTEXT 8 (3M_2022_10K.pdf):
•
In May 2020, 3M completed the sale of substantially all of its drug delivery business.
Business segment operating income margins increased year-on-year due to sales growth leverage and benefits from restructuring actions and lower related charges that were
partially offset by supply chain disruptions, increases in raw materials and logistics costs, deal-related costs associated with the announced divestiture of the food safety business
(see Note 3), manufacturing productivity impacts, increased compensation and benefit costs, and increased investments in growth.
32
[Page 33]
Table of Contents
Consumer Business (15.5% of consolidated sales):
2022
2021
Sales (millions)
$
5,298
$
5,513
Sales change analysis:
Organic sales
(0.9)
%
9.8 
%
Divestitures
(0.4)
— 
Translation
(2.6)
1.0 
Total sales change
(3.9)
%
10.8 
%
Business segment operating income (millions)
$
994
$
1,162
Percent change
(14.4)
%
3.8 
%
Percent of sales
18.8 
 %
21.1 
 %
Year 2022 results:

CONTEXT 9 (3M_2022_10K.pdf):
by approximately $30 million pre-tax when compared to 2022. Refer to “Critical Accounting Estimates” within MD&A and Note 13 (Pension and Postretirement Benefit Plans)
for additional information concerning 3M’s pension and post-retirement plans.
26
[Page 27]
Table of Contents
RESULTS OF OPERATIONS
Net Sales:
Refer to the preceding “Overview” section and the “Performance by Business Segment” section later in MD&A for additional discussion of sales change.
Operating Expenses:
(Percent of net sales)
2022
2021
Change
Cost of sales
56.2 %
53.2 %
3.0 %
Selling, general and administrative expenses (SG&A)
26.5 
20.4 
6.1 
Research, development and related expenses (R&D)
5.4 
5.6 
(0.2)
Gain on business divestitures
(8.0)
— 
(8.0)
Goodwill impairment expense
0.8 
— 
0.8 
Operating income margin
19.1 %
20.8 %
(1.7)%

CONTEXT 10 (3M_2022_10K.pdf):
in four business segments: Safety and Industrial; Transportation and Electronics; Health Care; and Consumer. 3M’s four business segments bring together common or related
3M technologies, enhancing the development of innovative products and services and providing for efficient sharing of business resources. In July 2022, 3M announced its
intention to spin off the Health Care business as a separate public company (see Note 3 for additional information). Transactions among reportable segments are recorded at
cost. 3M is an integrated enterprise characterized by substantial intersegment cooperation, cost allocations and inventory transfers. Therefore, management does not represent
that these segments, if operated independently, would report the operating income information shown.
3M discloses business segment operating income as its measure of segment profit/loss, reconciled to both total 3M operating income and income before taxes. Business segment

CONTEXT 11 (3M_2022_10K.pdf):
2022, 3M had 21 primary reporting units, with ten reporting units accounting for approximately 94 percent of the goodwill. These ten reporting units were comprised of the
following divisions: Advanced Materials, Display Materials and Systems, Electronics Materials Solutions, Health Information Systems, Industrial Adhesives and
Tapes, Medical Solutions, Oral Care, Personal Safety, Separation and Purification Sciences, and Transportation Safety.
3M is a highly integrated enterprise, where businesses share technology and leverage common fundamental strengths and capabilities, thus many of 3M’s businesses could not
easily be sold on a stand-alone basis. 3M’s focus on research and development has resulted in a portion of 3M’s value being comprised of internally developed businesses.
Following the annual impairment test, as a result of 3M's December 2022 announced commitment to a plan to exit per- and polyfluoroalkyl substance (PFAS) manufacturing as

CONTEXT 12 (3M_2022_10K.pdf):
headwinds from global supply chain challenges and increased compensation/benefit costs. The following also impacted results or provide additional information:
•
2021 benefit of $91 million pre-tax ($0.12 per share after tax) from a favorable Brazilian Supreme Court decision that concluded on the impact of state value-
added tax when determining Brazil’s federal sales-based social tax—essentially lowering the social tax that 3M should have paid in prior periods.
•
3M continued prioritization of investments in growth and sustainability.
•
2021 benefit from higher selling prices, restructuring actions taken in 2020 and positive/negative impact of year-over-year change in non-divestiture-related
restructuring charges, net of adjustments, for respective periods. Note 5 provides additional information relative to restructuring actions.
•
Lower year-on-year net gains related to certain property sales.
•
COVID-impacts recognized on certain assets in 2020.
•

CONTEXT 13 (3M_2022_10K.pdf):
On an organic sales basis:
•
Sales increased in automotive and aerospace, commercial solutions and advanced materials, and decreased in transportation safety and electronics.
•
Growth was held back by weaker consumer electronics end-market demand and ongoing impacts of semiconductor supply chain constraints on automotive markets.
Divestitures:
•
Divestiture impact relates to lost Transportation and Electronics sales year-on-year from deconsolidation of the Aearo Entities in July 2022.
Business segment operating income margins decreased year-on-year due to special item charges for PFAS manufacturing exit costs related to asset impairments (discussed in
Note 15) resulting in a 2022 fourth quarter pre-tax charge of $0.8 billion. Margins were also impacted by increased raw materials and logistics costs, manufacturing productivity

CONTEXT 14 (3M_2022_10K.pdf):
goods between 3M operations, and (b) year-on-year changes in transaction gains and losses, including derivative instruments designed to reduce foreign currency
exchange rate risks.
Other expense (income), net:
•
Lower income related to higher non-service cost components of pension and postretirement expense increased expense year-on-year for 2022. Higher income related to
non-service cost components of pension and postretirement expense decreased expense year-on-year for 2021.
•
Interest expense (net of interest income) decreased in 2022 compared to the same period year-on-year driven by debt maturities in the ordinary course and interest income
on invested cash.
•
Interest expense (net of interest income) decreased in 2021 compared to the same period year-on-year due in part to interest expense savings from early debt
extinguishment actions in 2020.
21
[Page 22]
Table of Contents
Income tax rate:
•

CONTEXT 15 (3M_2022_10K.pdf):
in its operations to drive growth, including continual review of acquisition opportunities.
The Company uses working capital measures that place emphasis and focus on certain working capital assets, such as accounts receivable and inventory activity.
Working capital (non-GAAP measure):
December 31,
(Millions)
2022
2021
Change
Current assets
$
14,688 $
15,403 $
(715)
Less: Current liabilities
9,523
9,035
488
Working capital (non-GAAP measure)
$
5,165 $
6,368 $
(1,203)
Various assets and liabilities, including cash and short-term debt, can fluctuate significantly from month to month depending on short-term liquidity needs. Working capital is
not defined under U.S. generally accepted accounting principles and may not be computed the same as similarly titled measures used by other companies. The Company defines
working capital as current assets minus current liabilities. 3M believes working capital is meaningful to investors as a measure of operational efficiency and short-term financial

ANSWER:
As of FY2022, 3M's operating income margin was 19.1%, compared to 20.8% in 2021, a decrease of (1.7)%.

**Arithmetic:**
19.1% (2022) - 20.8% (2021) = (1.7)%

**Drivers of Operating Margin Change:**
The decrease in operating margin was driven by several factors impacting expense categories as a percent of net sales:
*   **Cost of Sales:** Increased by 3.0% (56.2% in 2022 vs. 53.2% in 2021). Drivers included:
    *   Special item costs for significant litigation related to PFAS matters at the Zwijndrecht, Belgium site.
    *   Higher raw materials and logistics costs.
    *   Manufacturing productivity headwinds magnified by the shutdown of certain operations in Belgium and the restarting of previously-idled operations.
    *   Investments in growth, productivity, and sustainability.
*   **Selling, General and Administrative Expenses (SG&A):** Increased by 6.1% (26.5% in 2022 vs. 204% in 2021).
*   **Goodwill Impairment Expense:** Increased by 0.8% (0.8% in 2022 vs. 0% in 2021).
*   **PFAS Manufacturing Exit Costs:** A 2022 fourth quarter pre-tax charge of $0.8 billion related to asset impairments.

**Partial Offsets:**
*   **Gain on Business Divestitures:** Provided an (8.0)% benefit as a percent of sales in 2022 (compared to 0% in 2021).
*   **Selling Prices:** Increases in selling prices partially offset the increase in cost of sales.
*   **Research, Development and Related Expenses (R&D):** Decreased by (0.2)% (5.4% in 2022 vs. 5.6% in 2021).

**Utility of the Metric:**
The document indicates that operating income is a useful metric for the company, as it is the "measure of segment profit/loss" used by 3M’s chief operating decision maker (CODM) to "assess performance and allocate resources." However, the company provides the following caveats:
*   **Non-GAAP Adjustments:** 3M provides non-GAAP measures that adjust operating income for "special items" to provide additional perspective on operational performance.
*   **Segment Limitations:** Because 3M is a highly integrated enterprise with substantial intersegment cooperation and cost allocations, management "does not represent that these segments, if operated independently, would report the operating income information shown."

GOLD:
Operating Margin for 3M in FY2022 has decreased by 1.7% primarily due to: 
-Decrease in gross Margin
-mostly one-off charges including Combat Arms Earplugs litigation, impairment related to exiting PFAS manufacturing, costs related to exiting Russia and divestiture-related restructuring
charges

================================================================================
[5/10]

QUESTION:
If we exclude the impact of M&A, which segment has dragged down 3M's overall growth in 2022?

CONTEXT 1 (3M_2022_10K.pdf):
On an organic sales basis:
•
Sales increased in automotive and aerospace, commercial solutions and advanced materials, and decreased in transportation safety and electronics.
•
Growth was held back by weaker consumer electronics end-market demand and ongoing impacts of semiconductor supply chain constraints on automotive markets.
Divestitures:
•
Divestiture impact relates to lost Transportation and Electronics sales year-on-year from deconsolidation of the Aearo Entities in July 2022.
Business segment operating income margins decreased year-on-year due to special item charges for PFAS manufacturing exit costs related to asset impairments (discussed in
Note 15) resulting in a 2022 fourth quarter pre-tax charge of $0.8 billion. Margins were also impacted by increased raw materials and logistics costs, manufacturing productivity

CONTEXT 2 (3M_2022_10K.pdf):
in four business segments: Safety and Industrial; Transportation and Electronics; Health Care; and Consumer. 3M’s four business segments bring together common or related
3M technologies, enhancing the development of innovative products and services and providing for efficient sharing of business resources. In July 2022, 3M announced its
intention to spin off the Health Care business as a separate public company (see Note 3 for additional information). Transactions among reportable segments are recorded at
cost. 3M is an integrated enterprise characterized by substantial intersegment cooperation, cost allocations and inventory transfers. Therefore, management does not represent
that these segments, if operated independently, would report the operating income information shown.
3M discloses business segment operating income as its measure of segment profit/loss, reconciled to both total 3M operating income and income before taxes. Business segment

CONTEXT 3 (3M_2022_10K.pdf):
— 
(8.0)
Goodwill impairment expense
0.8 
— 
0.8 
Operating income margin
19.1 %
20.8 %
(1.7)%
The Company is continuing the ongoing deployment of an enterprise resource planning (ERP) system on a worldwide basis, with these investments impacting cost of sales,
SG&A, and R&D.
Cost of Sales:
Cost of sales, measured as a percent of sales, increased in 2022 when compared to the same period last year. Increases were primarily due to 2022 special item costs for
significant litigation from additional commitments to address PFAS-related matters at 3M's Zwijndrecht, Belgium site (discussed in Note 16), higher raw materials and logistics
costs, manufacturing productivity headwinds which were further magnified by the shutdown of certain operations in Belgium and progress on restarting previously-idled
operations, and investments in growth, productivity and sustainability. On a percent of sales basis, these increases were partially offset by increases in selling prices.

CONTEXT 4 (3M_2022_10K.pdf):
increased 18 percent which included increased organic sales of 16 percent. In Canada, total sales increased 18 percent which included increased organic sales of 11
percent. In Brazil, total sales increased 18 percent which included increased organic sales of 22 percent. In the Asia Pacific geographic area, China total sales increased 17
percent which included increased organic sales of 11 percent. In Japan, total sales were flat which included increased organic sales of 2 percent.
Managing currency risks:
The stronger U.S. dollar had a negative impact on sales in full year 2022 compared to the same periods last year. Net of the Company’s hedging strategy, foreign currency
negatively impacted earnings in full year 2022 compared to the same period last year. 3M utilizes a number of tools to manage currency risk related to earnings including natural

CONTEXT 5 (3M_2022_10K.pdf):
Additional information about results of operations and financial condition for 2021 and 2020 can be found in “Management’s Discussion and Analysis of Financial Condition
and Results of Operations” sections in 3M's Current Report on Form 8-K dated April 26, 2022 (which updated 3M's 2021 Annual Report on Form 10-K).
OVERVIEW
3M is a diversified global manufacturer, technology innovator and marketer of a wide variety of products and services. Effective in the first quarter of 2022, 3M made the
following changes:
•
Changes in measure of segment operating performance used by 3M’s chief operating decision maker—impacting 3M’s disclosed measure of segment profit/loss
(business segment operating income). See additional information in Note 19. 3M's disclosed disaggregated revenue was also updated as a result of the changes in
segment reporting. See additional information in Note 2.
•

CONTEXT 6 (3M_2022_10K.pdf):
impacts.
Though 3M monitors relevant factors as well as options to mitigate potential impacts, it is not able to predict the extent to which these circumstances may have a material effect
on 3M’s consolidated results of operations or financial condition. Relevant risk factors can be found in Item 1A “Risk Factors” in this Annual Report on Form 10-K.
Operating income margin and earnings per share attributable to 3M common shareholders – diluted:
The following table provides the increases (decreases) in operating income margins and diluted earnings per share.
Year ended December 31,
2022
2021
Percent of net sales
Earnings per
diluted share
Percent of net sales
Earnings per
diluted share
Same period last year
20.8 % $
10.12 
22.3 % $
9.36 
Net costs for significant litigation
1.4 
0.61 
1.0 
0.37 
Gain on business divestitures
— 
— 
(1.2)
(0.52)
Divestiture-related restructuring actions
— 
— 
0.2 
0.08 
Total special items
1.4 
0.61 
— 
(0.07)

CONTEXT 7 (3M_2022_10K.pdf):
•
In May 2020, 3M completed the sale of substantially all of its drug delivery business.
Business segment operating income margins increased year-on-year due to sales growth leverage and benefits from restructuring actions and lower related charges that were
partially offset by supply chain disruptions, increases in raw materials and logistics costs, deal-related costs associated with the announced divestiture of the food safety business
(see Note 3), manufacturing productivity impacts, increased compensation and benefit costs, and increased investments in growth.
32
[Page 33]
Table of Contents
Consumer Business (15.5% of consolidated sales):
2022
2021
Sales (millions)
$
5,298
$
5,513
Sales change analysis:
Organic sales
(0.9)
%
9.8 
%
Divestitures
(0.4)
— 
Translation
(2.6)
1.0 
Total sales change
(3.9)
%
10.8 
%
Business segment operating income (millions)
$
994
$
1,162
Percent change
(14.4)
%
3.8 
%
Percent of sales
18.8 
 %
21.1 
 %
Year 2022 results:

CONTEXT 8 (3M_2022_10K.pdf):
•
COVID-impacts recognized on certain assets in 2020.
•
In 2021, higher defined benefit pension and postretirement service cost increased expense year-on-year.
Raw material impact:
•
In 2022, 3M continued to experience inflationary pressures with year-on-year increases in raw material and logistics costs driven by many geopolitical, logistics, and
disruptive events that caused imbalance in the global supply chain.
•
In 2021, 3M experienced higher raw material, logistics, and outsourced manufacturing costs from strong end-market demand, ongoing COVID-19 and related global
supply chain challenges that were further magnified by extreme weather events, such as February 2021 winter storm Uri in the U.S.
Acquisitions/divestitures:
•
Divestiture impacts in 2022 include lost income from divested businesses and remaining stranded costs (net of transition arrangement income). 3M completed the split-

CONTEXT 9 (3M_2022_10K.pdf):
development, product and manufacturing support, product development and technology development aimed at disruptive innovations.
Gain on Business Divestitures:
In the third quarter of 2022, 3M recorded a pre-tax gain of $2.7 billion ($2.7 billion after tax) related to the split-off and combination of its Food Safety business with Neogen
Corporation. Refer to Note 3 for further details.
Goodwill Impairment Expense:
As a result of 3M's commitment to exit per- and polyfluoroalkyl substance (PFAS) manufacturing, 3M recorded a goodwill impairment charge related to the Advanced
Materials reporting unit (within the Transportation and Electronics business). Refer to Note 15 for further details.
27
[Page 28]
Table of Contents
Other Expense (Income), Net:
See Note 6 for a detailed breakout of this line item.
Interest expense (net of interest income) decreased in 2022 compared to the same period year-on-year driven by debt maturities in the ordinary course and interest income on

CONTEXT 10 (3M_2022_10K.pdf):
operating income excludes certain expenses and income that are not allocated to business segments (as described below in “Corporate and Unallocated”).
Effective in the first quarter of 2022, the measure of segment operating performance used by 3M’s chief operating decision maker (CODM) changed and, as a result, 3M’s
disclosed measure of segment profit/loss (business segment operating income (loss) ) was updated. The change to business segment operating income aligns with the update to
how the CODM assesses performance and allocates resources for the Company’s business segments. The changes included the items described below. The financial information
presented herein reflects the impact of these business segment reporting changes for all periods presented.
Effective in the first quarter of 2022:
Eliminating inclusion of dual credit in measure of segment operating performance

CONTEXT 11 (3M_2022_10K.pdf):
[Table — page 25]
Business Segments |  |  |  |  |  |  |  |  |  |  |  |  |  |  |  |  |  |  |  |  |  | 
Safety and Industrial |  | $ | 11,604 |  | 33.9 | % |  | $ | 1,199 |  | $ | 11,981 | 33.9 | % | $ | 2,466 |  | (3.2) | % |  | (51.4) | %
Transportation and Electronics |  | 8,902 |  |  | 26.0 |  |  | 1,012 |  |  | 9,262 |  | 26.2 |  | 1,880 |  |  | (3.9) |  |  | (46.2) | 
Health Care |  | 8,421 |  |  | 24.6 |  |  | 1,815 |  |  | 8,597 |  | 24.3 |  | 2,037 |  |  | (2.0) |  |  | (10.9) | 
Consumer |  | 5,298 |  |  | 15.5 |  |  | 994 |  |  | 5,513 |  | 15.6 |  | 1,162 |  |  | (3.9) |  |  | (14.4) | 
Corporate and Unallocated |  | 4 |  |  | — |  |  | 1,519 |  |  | 2 |  | — |  | (176) |  |  |  |  |  |  | 
Total Company |  | $ | 34,229 |  | 100.0 | % |  | $ | 6,539 |  | $ | 35,355 | 100.0 | % | $ | 7,369 |  | (3.2) | % |  | (11.3) | %

CONTEXT 12 (3M_2022_10K.pdf):
business resources. In July 2022, 3M announced its intention to spin off the Health Care business as a separate public company (see Note 3 for additional information). Refer to
segment descriptions summarized below (Financial information and other disclosures relating to 3M’s business segments and operations in major geographic areas are provided
in the Notes to Consolidated Financial Statements):
4
[Page 5]
Table of Contents
Business Segment
Safety and Industrial
Transportation and Electronics
Health Care
Consumer
Underlying
divisions/businesses
Refer to Note 2 for
disaggregated revenue
information
• Abrasives
• Automotive aftermarket
• Closure and masking systems
• Electrical markets    
• Industrial adhesives and tapes
• Personal safety
• Roofing granules
• Advanced materials
• Automotive and aerospace
• Commercial solutions
• Display materials and systems
• Electronics materials solutions
• Transportation safety
• Health information systems

CONTEXT 13 (3M_2022_10K.pdf):
chains. 3M is not able to predict the extent to which the COVID-19 pandemic may have a material effect on its consolidated results of operations or financial condition.
In 2022, 3M's costs for significant litigation (see Certain amounts adjusted for special items - (non-GAAP measures section below) totaled approximately $2.3 billion pre-tax
and included, among things, pre-tax charges associated with steps toward resolving Combat Arms Earplugs litigation and associated with additional commitments to address
PFAS-related matters at its Zwijndrecht, Belgium site (approximately $1.3 billion and $355 million, respectively, in 2022). These matters are further discussed in Note 16. In
2022, 3M also completed the split-off of its Food Safety Division business resulting in a pre-tax gain of $2.7 billion and committed to a plan to exit PFAS manufacturing by the

CONTEXT 14 (3M_2022_10K.pdf):
2022, 3M had 21 primary reporting units, with ten reporting units accounting for approximately 94 percent of the goodwill. These ten reporting units were comprised of the
following divisions: Advanced Materials, Display Materials and Systems, Electronics Materials Solutions, Health Information Systems, Industrial Adhesives and
Tapes, Medical Solutions, Oral Care, Personal Safety, Separation and Purification Sciences, and Transportation Safety.
3M is a highly integrated enterprise, where businesses share technology and leverage common fundamental strengths and capabilities, thus many of 3M’s businesses could not
easily be sold on a stand-alone basis. 3M’s focus on research and development has resulted in a portion of 3M’s value being comprised of internally developed businesses.
Following the annual impairment test, as a result of 3M's December 2022 announced commitment to a plan to exit per- and polyfluoroalkyl substance (PFAS) manufacturing as

CONTEXT 15 (3M_2022_10K.pdf):
year-end 2023. The transaction is subject to customary conditions, including final approval from the 3M Board of Directors, regulatory approvals and rulings, and satisfactory
completion of financing, among other items. Because the intended transaction is a spin-off, the Health Care business is not classified as held for sale.
In September 2022, 3M completed the split-off and combination of its Food Safety Division business (formerly part of the Health Care business segment) with Neogen
Corporation in a transaction that involved a Reverse Morris Trust structure intended to make the split-off tax-efficient to 3M and 3M's shareholders for U.S. federal income tax
purposes. As a result of the transaction, 3M reflected a pre-tax gain of $2.7 billion based on aggregate consideration of $2.8 billion. Under the terms of the underlying
agreements, aggregate consideration included 3M shares exchanged and $1.0 billion ($828 million after closing and other adjustments) funded from debt that became

ANSWER:
Based on the provided documents, the segments that dragged down or held back 3M's growth in 2022 on an organic basis (excluding the impact of divestitures/M&A) were:

*   **Transportation and Electronics:** On an organic sales basis, sales decreased in the **transportation safety** and **electronics** divisions. Furthermore, growth in this segment was held back by weaker consumer electronics end-market demand and the ongoing impacts of semiconductor supply chain constraints on automotive markets.
*   **Consumer:** This segment experienced an organic sales decrease of **(0.9)%**.

While the **Safety and Industrial** and **Health Care** segments saw total sales decreases of **(3.2)%** and **(2.0)%** respectively, the provided text does not explicitly state their organic growth rates or identify them as the primary drivers of the growth decline in the same manner as the factors listed above.

GOLD:
The consumer segment shrunk by 0.9% organically.

================================================================================
[6/10]

QUESTION:
Does 3M have a reasonably healthy liquidity profile based on its quick ratio for Q2 of FY2023? If the quick ratio is not relevant to measure liquidity, please state that and explain why.

CONTEXT 1 (3M_2023Q2_10Q.pdf):
components to be important indicators of liquidity and financial position. The following table provides net debt as of June 30, 2023 and December 31, 2022.
(Millions)
June 30, 2023
December 31, 2022
Change
Total debt
$
15,987
$
15,939
$
48 
Less: Cash, cash equivalents and marketable securities
4,337
3,916
421 
Net debt (non-GAAP measure)
$
11,650
$
12,023
$
(373)
Refer to the preceding Total Debt and Cash, Cash Equivalents and Marketable Securities sections for additional details.
Balance Sheet:
3M’s strong balance sheet and liquidity provide the Company with significant flexibility to fund its numerous opportunities going forward. The Company will continue to
invest in its operations to drive growth, including continual review of acquisition opportunities.
The Company uses working capital measures that place emphasis and focus on certain working capital assets, such as accounts receivable and inventory activity.
Working capital (non-GAAP measure):
(Millions)
June 30, 2023

CONTEXT 2 (3M_2023Q2_10Q.pdf):
and notes included in its Annual Report on Form 10-K.
In the second quarter of 2023, 3M re-consolidated the Aearo Technology and certain of its related entities (collectively, the "Aearo Entities") as a result of the court dismissal of
their voluntary bankruptcy proceedings. 3M had previously deconsolidated these entities in the third quarter of 2022. The Aearo Entities have appealed the court’s dismissal
decision. See additional information in Note 14.
Effective in the first quarter of 2023, 3M made changes in the measure of segment operating performance and segment composition used by 3M’s chief operating decision
maker—impacting 3M’s disclosed measure of segment profit/loss (business segment operating income (loss)). Also effective in the first quarter of 2023, 3M's Consumer
business segment re-aligned from four divisions to three divisions, see additional information in Note 15. 3M's disclosed disaggregated revenue was also updated as a result of

CONTEXT 3 (3M_2023Q2_10Q.pdf):
international earnings still considered to be reinvested indefinitely, the Company currently has no plans or intentions to repatriate these funds for U.S. operations. See Note 10
in 3M's 2022 Annual Report on Form 10-K for further information on earnings considered to be reinvested indefinitely.
3M maintains a strong liquidity profile. The Company’s primary short-term liquidity needs are met through cash on hand and U.S. commercial paper issuances. 3M believes it
will have continuous access to the commercial paper market. 3M’s commercial paper program permits the Company to have a maximum of $5 billion outstanding with a
maximum maturity of 397 days from date of issuance. The Company had $1.8 billion in commercial paper outstanding at June 30, 2023, compared to no commercial paper
outstanding as of December 31, 2022.
Total debt:

CONTEXT 4 (3M_2023Q2_10Q.pdf):
regarding PFAS (see Note 14). SG&A was also impacted by restructuring charges, divestiture costs (related to separating and preparing the Health Care business for spin-off),
continued investment in key growth initiatives and ongoing respirator mask/asbestos litigation matters. These impacts were partially offset by lower net costs for significant
litigation to address Combat Arms Earplugs litigation matters (for which a pre-tax charge of approximately $1.2 billion was reflected in the second quarter of 2022),
restructuring benefits and ongoing general 3M cost management.
Research, Development and Related Expenses:
R&D, measured as a percent of sales, increased in the second quarter and first six months of 2023 when compared to the same period last year. 3M continues to invest in a
range of R&D activities from application development, product and manufacturing support, product development and technology development aimed at disruptive innovations.

CONTEXT 5 (3M_2023Q2_10Q.pdf):
own stock, compared to $773 million of stock purchases in the first six months of 2022. As of June 30, 2023, approximately $4.2 billion remained available under the
authorization. In February 2023, 3M’s Board of Directors declared a first-quarter 2023 dividend of $1.50 per share, an increase of 1 percent. This marked the 65th consecutive
year of dividend increases for 3M. In May 2023, 3M's Board of Directors declared a second-quarter 2023 dividend of $1.50 per share.
RESULTS OF OPERATIONS
Net Sales:
Refer to the preceding Overview section and the Performance by Business Segment section later in MD&A for additional discussion of sales change.
Operating Expenses:
Three months ended
June 30,
Six months ended
June 30,
(Percent of net sales)
2023
2022
Change
2023
2022
Change
Cost of sales
55.3 %
58.5 %
(3.2)%
56.4 %
56.6 %
(0.2)%
Selling, general and administrative expenses (SG&A)
146.6 
34.7 
111.9 
85.0 
27.9 
57.1 
Research, development and related expenses (R&D)
5.7

CONTEXT 6 (3M_2023Q2_10Q.pdf):
Working capital (non-GAAP measure):
(Millions)
June 30, 2023
December 31, 2022
Change
Current assets
$
15,754
$
14,688
$
1,066 
Less: Current liabilities
10,936
9,523
1,413 
Working capital (non-GAAP measure)
$
4,818
$
5,165
$
(347)
Various assets and liabilities, including cash and short-term debt, can fluctuate significantly from month to month depending on short-term liquidity needs. Working capital is
not defined under U.S. generally accepted accounting principles and may not be computed the same as similarly titled measures used by other companies. The Company
defines working capital as current assets minus current liabilities. 3M believes working capital is meaningful to investors as a measure of operational efficiency and short-term
financial health.
Working capital decreased $0.3 billion compared with December 31, 2022. Balance changes in current assets increased working capital by $1.1 billion, driven largely by

CONTEXT 7 (3M_2023Q2_10Q.pdf):
standards provided pursuant to Section 13(a) of the Exchange Act. ☐
Indicate by check mark whether the registrant is a shell company (as defined in Rule 12b-2 of the Exchange Act). Yes ☐ No ☒
Indicate the number of shares outstanding of each of the issuer’s classes of common stock, as of the latest practicable date.
Class
Outstanding at June 30, 2023
Common Stock, $0.01 par value per share
551,992,430 shares
1
[Page 2]
Table of Contents
3M COMPANY
Form 10-Q for the Quarterly Period Ended June 30, 2023
TABLE OF CONTENTS
BEGINNING
PAGE
PART I
FINANCIAL INFORMATION
ITEM 1.
Financial Statements
3
Index to Financial Statements:
Consolidated Statement of Income (Loss)
3
Consolidated Statement of Comprehensive Income (Loss)
4
Consolidated Balance Sheet
5
Consolidated Statement of Cash Flows
6
Notes to Consolidated Financial Statements
7
Note 1. Significant Accounting Policies
7
Note 2. Revenue
8
Note 3. Acquisitions and Divestitures
10
Note 4. Goodwill and Intangible Assets
11

CONTEXT 8 (3M_2023Q2_10Q.pdf):
[Page 1]
Table of Contents
UNITED STATES
SECURITIES AND EXCHANGE COMMISSION
WASHINGTON, D.C. 20549
FORM 10-Q
☒ QUARTERLY REPORT PURSUANT TO SECTION 13 OR 15(d) OF THE SECURITIES EXCHANGE ACT OF 1934
For the quarterly period ended June 30, 2023
or
o TRANSITION REPORT PURSUANT TO SECTION 13 OR 15(d) OF THE SECURITIES EXCHANGE ACT OF 1934
For the transition period from __________ to __________
Commission file number: 1-3285
3M COMPANY
(Exact name of registrant as specified in its charter)
Delaware
41-0417775
(State or other jurisdiction of incorporation)
(IRS Employer Identification No.)
3M Center, St. Paul, Minnesota
55144-1000
(Address of Principal Executive Offices)
(Zip Code)
(Registrant’s Telephone Number, Including Area Code) (651) 733-1110
Not Applicable
(Former Name or Former Address, if Changed Since Last Report)
Securities registered pursuant to Section 12(b) of the Act:
Title of each class
Trading Symbol(s)
Name of each exchange on which registered

CONTEXT 9 (3M_2023Q2_10Q.pdf):
includes a provision under which 3M may request an increase of up to $1.0 billion (at lender’s discretion), bringing the total facility up to $5.25 billion. The agreement replaced
the amended and restated $3.0 billion, five-year revolving credit agreement and the $1.25 billion 364-day credit facility that would have expired in November 2024 and
November 2023, respectively. The credit facility was undrawn at June 30, 2023. Under the $4.25 billion credit facility, the Company is required to maintain its EBITDA to
Interest Ratio as of the end of each fiscal quarter at not less than 3.0 to 1. This is calculated (based on amounts defined in the amended agreement) as the ratio of consolidated
total EBITDA for the four consecutive quarters then ended to total interest expense on all funded debt for the same period. At June 30, 2023, this ratio, reflecting the July 2023
amendment, was approximately 17 to 1. Debt covenants do not restrict the payment of dividends.

CONTEXT 10 (3M_2023Q2_10Q.pdf):
outstanding as of December 31, 2022.
Total debt:
The strength of 3M’s credit profile and significant ongoing cash flows provide 3M proven access to capital markets. Additionally, the Company’s debt maturity profile is
staggered to help ensure refinancing needs in any given year are reasonable in proportion to the total portfolio. As of June 2023, 3M has a credit rating of A2, negative outlook
from Moody's Investors Service, and a credit rating of A-, CreditWatch negative from S&P Global Ratings.
The Company’s total debt at June 30, 2023 was consistent when compared to December 31, 2022 as maturities of $1.8 billion of fixed-rate notes were offset by issuances of
commercial paper of $1.8 billion. For discussion of repayments of and proceeds from debt refer to the following Cash Flows from Financing Activities section.

CONTEXT 11 (3M_2023Q2_10Q.pdf):
net of divestitures. Acquisition and divestiture sales change impacts, if any, are measured separately for the first twelve months post-transaction. 3M believes this information is
useful to investors and management in understanding ongoing operations and in analysis of ongoing operating trends.
3M has been and may continue to be impacted by the global pandemic and related effects associated with the coronavirus (COVID-19). The Overview section of Part II, Item 7
of the Company’s 2022 Annual Report on Form 10-K provides a description of how COVID-19 has impacted or may impact 3M. In addition within this Form 10-Q for the
quarterly period ended June 30, 2023, risk factors with respect to COVID-19 can be found in Item 1A “Risk Factors” and certain COVID-19 impacts are referenced in various
discussions within this Form 10-Q, including in this Item 2.

CONTEXT 12 (3M_2023Q2_10Q.pdf):
deposit/time deposits, commercial paper, and other securities, which are classified as available-for-sale. Refer to Note 9 for more details about 3M’s diversified marketable
securities portfolio. Purchases of investments include additional survivor benefit insurance, plus investments in equity securities.
Cash Flows from Financing Activities:
 
Six months ended June 30,
(Millions)
2023
2022
Change in short-term debt — net
$
651 
$
344 
Repayment of debt (maturities greater than 90 days)
(1,802)
(1,179)
Proceeds from debt (maturities greater than 90 days)
1,107 
1 
Total cash change in debt
(44)
(834)
Purchases of treasury stock
(29)
(773)
Proceeds from issuances of treasury stock pursuant to stock option and benefit plans
218 
227 
Dividends paid to shareholders
(1,655)
(1,700)
Other — net
(9)
(22)
Net cash provided by (used in) financing activities
$
(1,519)
$
(3,102)

CONTEXT 13 (3M_2023Q2_10Q.pdf):
exchange rates applicable at the time of issuance for the euro denominated debt). Information with respect to long-term debt issuances and maturities for the periods presented
is included in Note 10 of this Form 10-Q and Note 12 in 3M's 2022 Annual Report on Form 10-K.
In May 2023, 3M entered into a $4.25 billion five-year revolving credit facility expiring in 2028; the facility was amended in July 2023. The revolving credit agreement
includes a provision under which 3M may request an increase of up to $1.0 billion (at lender’s discretion), bringing the total facility up to $5.25 billion. The agreement replaced
the amended and restated $3.0 billion, five-year revolving credit agreement and the $1.25 billion 364-day credit facility that would have expired in November 2024 and
November 2023, respectively. The credit facility was undrawn at June 30, 2023. Under the $4.25 billion credit facility, the Company is required to maintain its EBITDA to

CONTEXT 14 (3M_2023Q2_10Q.pdf):
3M’s 2022 Annual Report on Form 10-K.
Repurchases of common stock are made to support the Company’s stock-based employee compensation plans and for other corporate purposes. In the first six months of 2023,
the Company purchased $29 million of its own stock. For more information, refer to the table titled “Issuer Purchases of Equity Securities” in Part II, Item 2. The Company
does not utilize derivative instruments linked to the Company’s stock.
3M has paid dividends since 1916. In February 2023, 3M’s Board of Directors declared a first-quarter 2023 dividend of $1.50 per share, an increase of 1 percent. This is
equivalent to an annual dividend of $6.00 per share and marked the 65th consecutive year of dividend increases. In May 2023, 3M's Board of Directors declared a second-
quarter 2023 dividend of $1.50 per share.

CONTEXT 15 (3M_2023Q2_10Q.pdf):
76
ITEM 4.
Controls and Procedures
76
PART II
OTHER INFORMATION
ITEM 1.
Legal Proceedings
77
ITEM 1A.
Risk Factors
77
ITEM 2.
Unregistered Sales of Equity Securities and Use of Proceeds
85
ITEM 3.
Defaults Upon Senior Securities
85
ITEM 4.
Mine Safety Disclosures
85
ITEM 5.
Other Information
85
ITEM 6.
Exhibits
86
2
[Page 3]
Table of Contents
3M COMPANY
FORM 10-Q
For the Quarterly Period Ended June 30, 2023
PART I. Financial Information
Item 1. Financial Statements.
3M Company and Subsidiaries
Consolidated Statement of Income (Loss)
(Unaudited)
Three months ended
June 30,
Six months ended
June 30,
(Millions, except per share amounts)
2023
2022
2023
2022
Net sales
$
8,325 
$
8,702 
$
16,356 
$
17,531 
Operating expenses
Cost of sales
4,606 
5,093 
9,219 
9,919 
Selling, general and administrative expenses
12,204 
3,023 
13,909 
4,905 
Research, development and related expenses
473 
476 
945 
956 
Total operating expenses
17,283 
8,592 
24,073 
15,780

ANSWER:
Not found in context.

GOLD:
No. The quick ratio for 3M was 0.96 by Jun'23 close, which needs a bit of an improvement to touch the 1x mark

JUSTIFICATION:
Quick Ratio= (Total current assets-Total inventories)/Total current liabilities
(15,754-5,280)/10,936

================================================================================
[7/10]

QUESTION:
Which debt securities are registered to trade on a national securities exchange under 3M's name as of Q2 of 2023?

CONTEXT 1 (3M_2023Q2_10Q.pdf):
[Page 1]
Table of Contents
UNITED STATES
SECURITIES AND EXCHANGE COMMISSION
WASHINGTON, D.C. 20549
FORM 10-Q
☒ QUARTERLY REPORT PURSUANT TO SECTION 13 OR 15(d) OF THE SECURITIES EXCHANGE ACT OF 1934
For the quarterly period ended June 30, 2023
or
o TRANSITION REPORT PURSUANT TO SECTION 13 OR 15(d) OF THE SECURITIES EXCHANGE ACT OF 1934
For the transition period from __________ to __________
Commission file number: 1-3285
3M COMPANY
(Exact name of registrant as specified in its charter)
Delaware
41-0417775
(State or other jurisdiction of incorporation)
(IRS Employer Identification No.)
3M Center, St. Paul, Minnesota
55144-1000
(Address of Principal Executive Offices)
(Zip Code)
(Registrant’s Telephone Number, Including Area Code) (651) 733-1110
Not Applicable
(Former Name or Former Address, if Changed Since Last Report)
Securities registered pursuant to Section 12(b) of the Act:
Title of each class
Trading Symbol(s)
Name of each exchange on which registered

CONTEXT 2 (3M_2023Q2_10Q.pdf):
Title of each class
Trading Symbol(s)
Name of each exchange on which registered
Common Stock, Par Value $.01 Per Share
MMM
New York Stock Exchange
MMM
Chicago Stock Exchange, Inc.
1.500% Notes due 2026
MMM26
New York Stock Exchange
1.750% Notes due 2030
MMM30
New York Stock Exchange
1.500% Notes due 2031
MMM31
New York Stock Exchange
Note: The common stock of the Registrant is also traded on the SIX Swiss Exchange.
Indicate by check mark whether the registrant (1) has filed all reports required to be filed by Section 13 or 15(d) of the Securities Exchange Act of 1934 during the preceding 12 months (or
for such shorter period that the registrant was required to file such reports), and (2) has been subject to such filing requirements for the past 90 days. Yes ☒ No ☐
Indicate by check mark whether the registrant has submitted electronically every Interactive Data File required to be submitted pursuant to Rule 405 of Regulation S-T (§232.405 of this

CONTEXT 3 (3M_2023Q2_10Q.pdf):
outstanding as of December 31, 2022.
Total debt:
The strength of 3M’s credit profile and significant ongoing cash flows provide 3M proven access to capital markets. Additionally, the Company’s debt maturity profile is
staggered to help ensure refinancing needs in any given year are reasonable in proportion to the total portfolio. As of June 2023, 3M has a credit rating of A2, negative outlook
from Moody's Investors Service, and a credit rating of A-, CreditWatch negative from S&P Global Ratings.
The Company’s total debt at June 30, 2023 was consistent when compared to December 31, 2022 as maturities of $1.8 billion of fixed-rate notes were offset by issuances of
commercial paper of $1.8 billion. For discussion of repayments of and proceeds from debt refer to the following Cash Flows from Financing Activities section.

CONTEXT 4 (3M_2023Q2_10Q.pdf):
Financing Rate, or SOFR, as a reference rate as necessary.
Effective February 8, 2023, the Company updated its “well-known seasoned issuer” (WKSI) shelf registration statement, which registers an indeterminate amount of debt or
equity securities for future issuance and sale. This replaced 3M’s previous shelf registration dated February 10, 2020. In May 2016, 3M entered into an amended and restated
distribution agreement relating to the future issuance and sale (from time to time) of the Company’s medium-term notes program (Series F), up to the aggregate principal
amount of $18 billion, which was an increase from the previous aggregate principal amount up to $9 billion of the same Series. As of June 30, 2023, the total amount of debt
issued as part of the medium-term notes program (Series F), inclusive of debt issued in February 2019 and prior years is approximately $17.6 billion (utilizing the foreign

CONTEXT 5 (3M_2023Q2_10Q.pdf):
3M’s 2022 Annual Report on Form 10-K.
Repurchases of common stock are made to support the Company’s stock-based employee compensation plans and for other corporate purposes. In the first six months of 2023,
the Company purchased $29 million of its own stock. For more information, refer to the table titled “Issuer Purchases of Equity Securities” in Part II, Item 2. The Company
does not utilize derivative instruments linked to the Company’s stock.
3M has paid dividends since 1916. In February 2023, 3M’s Board of Directors declared a first-quarter 2023 dividend of $1.50 per share, an increase of 1 percent. This is
equivalent to an annual dividend of $6.00 per share and marked the 65th consecutive year of dividend increases. In May 2023, 3M's Board of Directors declared a second-
quarter 2023 dividend of $1.50 per share.

CONTEXT 6 (3M_2023Q2_10Q.pdf):
exchange rates applicable at the time of issuance for the euro denominated debt). Information with respect to long-term debt issuances and maturities for the periods presented
is included in Note 10 of this Form 10-Q and Note 12 in 3M's 2022 Annual Report on Form 10-K.
In May 2023, 3M entered into a $4.25 billion five-year revolving credit facility expiring in 2028; the facility was amended in July 2023. The revolving credit agreement
includes a provision under which 3M may request an increase of up to $1.0 billion (at lender’s discretion), bringing the total facility up to $5.25 billion. The agreement replaced
the amended and restated $3.0 billion, five-year revolving credit agreement and the $1.25 billion 364-day credit facility that would have expired in November 2024 and
November 2023, respectively. The credit facility was undrawn at June 30, 2023. Under the $4.25 billion credit facility, the Company is required to maintain its EBITDA to

CONTEXT 7 (3M_2023Q2_10Q.pdf):
standards provided pursuant to Section 13(a) of the Exchange Act. ☐
Indicate by check mark whether the registrant is a shell company (as defined in Rule 12b-2 of the Exchange Act). Yes ☐ No ☒
Indicate the number of shares outstanding of each of the issuer’s classes of common stock, as of the latest practicable date.
Class
Outstanding at June 30, 2023
Common Stock, $0.01 par value per share
551,992,430 shares
1
[Page 2]
Table of Contents
3M COMPANY
Form 10-Q for the Quarterly Period Ended June 30, 2023
TABLE OF CONTENTS
BEGINNING
PAGE
PART I
FINANCIAL INFORMATION
ITEM 1.
Financial Statements
3
Index to Financial Statements:
Consolidated Statement of Income (Loss)
3
Consolidated Statement of Comprehensive Income (Loss)
4
Consolidated Balance Sheet
5
Consolidated Statement of Cash Flows
6
Notes to Consolidated Financial Statements
7
Note 1. Significant Accounting Policies
7
Note 2. Revenue
8
Note 3. Acquisitions and Divestitures
10
Note 4. Goodwill and Intangible Assets
11

CONTEXT 8 (3M_2023Q2_10Q.pdf):
deposit/time deposits, commercial paper, and other securities, which are classified as available-for-sale. Refer to Note 9 for more details about 3M’s diversified marketable
securities portfolio. Purchases of investments include additional survivor benefit insurance, plus investments in equity securities.
Cash Flows from Financing Activities:
 
Six months ended June 30,
(Millions)
2023
2022
Change in short-term debt — net
$
651 
$
344 
Repayment of debt (maturities greater than 90 days)
(1,802)
(1,179)
Proceeds from debt (maturities greater than 90 days)
1,107 
1 
Total cash change in debt
(44)
(834)
Purchases of treasury stock
(29)
(773)
Proceeds from issuances of treasury stock pursuant to stock option and benefit plans
218 
227 
Dividends paid to shareholders
(1,655)
(1,700)
Other — net
(9)
(22)
Net cash provided by (used in) financing activities
$
(1,519)
$
(3,102)

CONTEXT 9 (3M_2023Q2_10Q.pdf):
components to be important indicators of liquidity and financial position. The following table provides net debt as of June 30, 2023 and December 31, 2022.
(Millions)
June 30, 2023
December 31, 2022
Change
Total debt
$
15,987
$
15,939
$
48 
Less: Cash, cash equivalents and marketable securities
4,337
3,916
421 
Net debt (non-GAAP measure)
$
11,650
$
12,023
$
(373)
Refer to the preceding Total Debt and Cash, Cash Equivalents and Marketable Securities sections for additional details.
Balance Sheet:
3M’s strong balance sheet and liquidity provide the Company with significant flexibility to fund its numerous opportunities going forward. The Company will continue to
invest in its operations to drive growth, including continual review of acquisition opportunities.
The Company uses working capital measures that place emphasis and focus on certain working capital assets, such as accounts receivable and inventory activity.
Working capital (non-GAAP measure):
(Millions)
June 30, 2023

CONTEXT 10 (3M_2023Q2_10Q.pdf):
$
79 
18
[Page 19]
Table of Contents
NOTE 10. Long-Term Debt and Short-Term Borrowings
In February 2023, 3M repaid $500 million aggregate principal amount of fixed-rate registered notes that matured. In March 2023, 3M repaid $650 million aggregate principal
amount of fixed-rate medium-term notes that matured. In May 2023, 3M repaid 600 million euros aggregate principal amount of fixed-rate medium-term notes that matured.
2022 issuances, maturities, and extinguishments of short- and long-term debt are described in Note 12 to the Consolidated Financial Statements in 3M's 2022 Annual Report on
Form 10-K.
The Company had $1.8 billion in commercial paper outstanding at June 30, 2023, compared to no commercial paper outstanding as of December 31, 2022.
In May 2023, 3M entered into a $4.25 billion five-year revolving credit facility expiring in 2028; the facility was amended in July 2023. The revolving credit agreement

CONTEXT 11 (3M_2023Q2_10Q.pdf):
and notes included in its Annual Report on Form 10-K.
In the second quarter of 2023, 3M re-consolidated the Aearo Technology and certain of its related entities (collectively, the "Aearo Entities") as a result of the court dismissal of
their voluntary bankruptcy proceedings. 3M had previously deconsolidated these entities in the third quarter of 2022. The Aearo Entities have appealed the court’s dismissal
decision. See additional information in Note 14.
Effective in the first quarter of 2023, 3M made changes in the measure of segment operating performance and segment composition used by 3M’s chief operating decision
maker—impacting 3M’s disclosed measure of segment profit/loss (business segment operating income (loss)). Also effective in the first quarter of 2023, 3M's Consumer
business segment re-aligned from four divisions to three divisions, see additional information in Note 15. 3M's disclosed disaggregated revenue was also updated as a result of

CONTEXT 12 (3M_2023Q2_10Q.pdf):
Other — net
(9)
(22)
Net cash provided by (used in) financing activities
$
(1,519)
$
(3,102)
Total debt was approximately $16.0 billion at June 30, 2023 and $15.9 billion at December 31, 2022. During the first six months of 2023, maturities of $1.8 billion of fixed-rate
notes were offset by issuances of commercial paper of $1.8 billion. The Company had $1.8 billion in commercial paper outstanding at June 30, 2023, compared to no
commercial paper outstanding as of December 31, 2022. Net commercial paper issuances in addition to repayments and borrowings by international subsidiaries are largely
reflected in “Proceeds from debt (maturities greater than 90 days)” in the preceding table. 3M’s primary short-term liquidity needs are met through cash on hand and U.S.
commercial paper issuances. 2022 issuances, maturities, and extinguishments of short-and long-term debt are described in Note 10 to the Consolidated Financial Statements in
3M’s 2022 Annual Report on Form 10-K.

CONTEXT 13 (3M_2023Q2_10Q.pdf):
13
[Page 14]
Table of Contents
NOTE 7. Supplemental Equity and Comprehensive Income (Loss) Information
Cash dividends declared and paid totaled $1.50 and $1.49 per share for the first and second quarters of 2023 and 2022, respectively, or $3.00 and $2.98 per share for the first six
months of 2023 and 2022, respectively.
Consolidated Changes in Equity
Three months ended June 30, 2023
3M Company Shareholders
(Millions)
Total
Common Stock
and Additional
Paid-in Capital
Retained
Earnings
Treasury Stock
Accumulated Other
Comprehensive
Income (Loss)
Non-controlling
Interest
Balance at March 31, 2023
$
15,351 
$
6,825
$
47,966
$
(32,963)
$
(6,530)
$
53 
Net income (loss)
(6,836)
(6,841)
5 
Other comprehensive income (loss), net of tax:
Cumulative translation adjustment
25 
24 
1 
Defined benefit pension and post-retirement plans adjustment
50 
50 
Cash flow hedging instruments
23 
23 
Total other comprehensive income (loss), net of tax
98 
Dividends declared
(828)
(828)

CONTEXT 14 (3M_2023Q2_10Q.pdf):
76
ITEM 4.
Controls and Procedures
76
PART II
OTHER INFORMATION
ITEM 1.
Legal Proceedings
77
ITEM 1A.
Risk Factors
77
ITEM 2.
Unregistered Sales of Equity Securities and Use of Proceeds
85
ITEM 3.
Defaults Upon Senior Securities
85
ITEM 4.
Mine Safety Disclosures
85
ITEM 5.
Other Information
85
ITEM 6.
Exhibits
86
2
[Page 3]
Table of Contents
3M COMPANY
FORM 10-Q
For the Quarterly Period Ended June 30, 2023
PART I. Financial Information
Item 1. Financial Statements.
3M Company and Subsidiaries
Consolidated Statement of Income (Loss)
(Unaudited)
Three months ended
June 30,
Six months ended
June 30,
(Millions, except per share amounts)
2023
2022
2023
2022
Net sales
$
8,325 
$
8,702 
$
16,356 
$
17,531 
Operating expenses
Cost of sales
4,606 
5,093 
9,219 
9,919 
Selling, general and administrative expenses
12,204 
3,023 
13,909 
4,905 
Research, development and related expenses
473 
476 
945 
956 
Total operating expenses
17,283 
8,592 
24,073 
15,780

CONTEXT 15 (3M_2023Q2_10Q.pdf):
own stock, compared to $773 million of stock purchases in the first six months of 2022. As of June 30, 2023, approximately $4.2 billion remained available under the
authorization. In February 2023, 3M’s Board of Directors declared a first-quarter 2023 dividend of $1.50 per share, an increase of 1 percent. This marked the 65th consecutive
year of dividend increases for 3M. In May 2023, 3M's Board of Directors declared a second-quarter 2023 dividend of $1.50 per share.
RESULTS OF OPERATIONS
Net Sales:
Refer to the preceding Overview section and the Performance by Business Segment section later in MD&A for additional discussion of sales change.
Operating Expenses:
Three months ended
June 30,
Six months ended
June 30,
(Percent of net sales)
2023
2022
Change
2023
2022
Change
Cost of sales
55.3 %
58.5 %
(3.2)%
56.4 %
56.6 %
(0.2)%
Selling, general and administrative expenses (SG&A)
146.6 
34.7 
111.9 
85.0 
27.9 
57.1 
Research, development and related expenses (R&D)
5.7

ANSWER:
As of June 30, 2023, the following debt securities are registered to trade on the New York Stock Exchange:

*   1.500% Notes due 2026 (Trading Symbol: MMM26)
*   1.750% Notes due 2030 (Trading Symbol: MMM30)
*   1.500% Notes due 2031 (Trading Symbol: MMM31)

GOLD:
Following debt securities registered under 3M's name are listed to trade on the New York Stock Exchange:
-1.500% Notes due 2026 (Trading Symbol: MMM26)
-1.750% Notes due 2030 (Trading Symbol: MMM30)
-1.500% Notes due 2031 (Trading Symbol: MMM31)

================================================================================
[8/10]

QUESTION:
Does 3M maintain a stable trend of dividend distribution?

CONTEXT 1 (3M_2023Q2_10Q.pdf):
3M’s 2022 Annual Report on Form 10-K.
Repurchases of common stock are made to support the Company’s stock-based employee compensation plans and for other corporate purposes. In the first six months of 2023,
the Company purchased $29 million of its own stock. For more information, refer to the table titled “Issuer Purchases of Equity Securities” in Part II, Item 2. The Company
does not utilize derivative instruments linked to the Company’s stock.
3M has paid dividends since 1916. In February 2023, 3M’s Board of Directors declared a first-quarter 2023 dividend of $1.50 per share, an increase of 1 percent. This is
equivalent to an annual dividend of $6.00 per share and marked the 65th consecutive year of dividend increases. In May 2023, 3M's Board of Directors declared a second-
quarter 2023 dividend of $1.50 per share.

CONTEXT 2 (3M_2022_10K.pdf):
In November 2018, 3M’s Board of Directors replaced the Company’s February 2016 repurchase program with a new repurchase program. This new program authorizes the
repurchase of up to $10 billion of 3M’s outstanding common stock, with no pre-established end date. In 2022, the Company purchased $1.5 billion of its own stock, compared
to $2.2 billion of stock purchases in 2021. As of December 31, 2022, approximately $4.2 billion remained available under the authorization. In February 2023, 3M’s Board of
Directors declared a first-quarter 2023 dividend of $1.50 per share, an increase of 1 percent. This marked the 65th consecutive year of dividend increases for 3M.
Raw materials:
Refer to the section entitled “Raw materials” in Item 1 for discussion of 3M's sources and availability of raw materials in 2022.
Pension and postretirement defined benefit/contribution plans:

CONTEXT 3 (3M_2023Q2_10Q.pdf):
own stock, compared to $773 million of stock purchases in the first six months of 2022. As of June 30, 2023, approximately $4.2 billion remained available under the
authorization. In February 2023, 3M’s Board of Directors declared a first-quarter 2023 dividend of $1.50 per share, an increase of 1 percent. This marked the 65th consecutive
year of dividend increases for 3M. In May 2023, 3M's Board of Directors declared a second-quarter 2023 dividend of $1.50 per share.
RESULTS OF OPERATIONS
Net Sales:
Refer to the preceding Overview section and the Performance by Business Segment section later in MD&A for additional discussion of sales change.
Operating Expenses:
Three months ended
June 30,
Six months ended
June 30,
(Percent of net sales)
2023
2022
Change
2023
2022
Change
Cost of sales
55.3 %
58.5 %
(3.2)%
56.4 %
56.6 %
(0.2)%
Selling, general and administrative expenses (SG&A)
146.6 
34.7 
111.9 
85.0 
27.9 
57.1 
Research, development and related expenses (R&D)
5.7

CONTEXT 4 (3M_2018_10K.pdf):
when comparing 2017 to 2016. Refer to the section entitled “Financial Condition and Liquidity” later in MD&A for a discussion of items impacting cash
flows. In November 2018, 3M’s Board of Directors authorized the repurchase of up to $10 billion of 3M’s outstanding common stock, which replaced the
Company’s February 2016 repurchase program. This program has no pre-established end date. In 2018, the Company purchased $4.9 billion of its own
stock, compared to purchases of $2.1 billion in 2017 and $3.8 billion in 2016. The Company expects to purchase $2.0 billion to $4.0 billion of its own stock
in 2019. In February 2019, 3M’s Board of Directors declared a first-quarter 2019 dividend of $1.44 per share, an increase of 6 percent. This marked the
61st consecutive year of dividend increases for 3M. The Company has an AA- credit rating, with a stable outlook, from Standard & Poor’s and an A1

CONTEXT 5 (3M_2022_10K.pdf):
dividends of $5.96, $5.92, and $5.88 per share, respectively.
Dividend to noncontrolling interest in 2022 of $29 million related to dividend paid by 3M India Limited, of which 3M’s effective ownership is 75 percent.
Changes in Accumulated Other Comprehensive Income (Loss) Attributable to 3M by Component
(Millions)
Cumulative
Translation
Adjustment
Defined Benefit
Pension and
Postretirement Plans
Adjustment
Cash Flow Hedging
Instruments, Unrealized
Gain (Loss)
Total Accumulated
Other Comprehensive
Income (Loss)
Balance at December 31, 2019, net of tax:
$
(1,899)
$
(6,204)
$
(31)
$
(8,134)
Other comprehensive income (loss), before tax:
Amounts before reclassifications
387 
(582)
(113)
(308)
Amounts reclassified out
— 
619 
(71)
548 
Total other comprehensive income (loss), before tax
387 
37 
(184)
240 
Tax effect
62 
69 
42 
173 
Total other comprehensive income (loss), net of tax
449 
106 
(142)
413 
Balance at December 31, 2020, net of tax:
(1,450)
(6,098)
(173)
(7,721)

CONTEXT 6 (3M_2022_10K.pdf):
Equity compensation plans’ information is incorporated by reference from Part III, Item 12, “Security Ownership of Certain Beneficial Owners and Management and Related
Stockholder Matters,” of this document, and should be considered an integral part of Item 5. At January 31, 2023, there were 62,488 shareholders of record. 3M’s stock ticker
symbol is MMM and is listed on the New York Stock Exchange, Inc. (NYSE), the Chicago Stock Exchange, Inc., and the SIX Swiss Exchange. Cash dividends declared and
paid totaled $1.49 and $1.48 per share for each quarter in 2022 and 2021, respectively. 3M typically declares and pays dividends in the same quarter.
Issuer Purchases of Equity Securities
Repurchases of 3M common stock are made to support the Company’s stock-based employee compensation plans and for other corporate purposes. In November 2018, 3M’s

CONTEXT 7 (3M_2018_10K.pdf):
credit rating, with a stable outlook, from Moody’s Investors Service. The Company generates significant ongoing cash flow and has proven access to capital
markets funding throughout business cycles.
 
Raw materials:
 
In 2018, the Company experienced raw material price inflation across most material markets worldwide. In response, the Company continued to deploy
productivity projects to minimize the impact of raw material inflation and market supply challenges, including input management, reformulations, and
multi-sourcing activities. These succeeded in partially offsetting the overall raw material headwinds experienced throughout the year. To date, the
Company is receiving sufficient quantities of all raw materials to meet its reasonably foreseeable production requirements. It is difficult to predict future
shortages of raw materials or the impact any such shortages would have. 3M has avoided disruption to its manufacturing operations through careful

CONTEXT 8 (3M_2022_10K.pdf):
capital in accordance with the Company's stated priorities and meet needs associated with contractual commitments and other obligations. Investing in 3M’s business to drive
organic growth and deliver strong returns on invested capital remains the first priority for capital deployment. This includes research and development, capital expenditures, and
commercialization capability. The Company also continues to actively manage its portfolio through acquisitions and divestitures to maximize value for shareholders. 3M
expects to continue returning cash to shareholders through dividends and share repurchases. To fund cash needs in the United States, the Company relies on ongoing cash flow
from U.S. operations, access to capital markets and repatriation of the earnings of its foreign affiliates that are not considered to be permanently reinvested. For those

CONTEXT 9 (3M_2023Q2_10Q.pdf):
chain and its manufacturing and distribution capabilities. Although COVID-19 increased demand for certain 3M products, it also resulted in decreased demand from certain end
markets, made it more difficult for 3M to serve customers, and resulted in conditions that had the potential to damage 3M's reputation, including third-party price gouging,
counterfeiting, and other illegal or fraudulent activities involving 3M's products. Furthermore, COVID-19 has impacted and may further impact the broader economies of
affected countries, including negatively impacting economic growth, the proper functioning of financial and capital markets, foreign currency exchange rates, and interest rates.
As the pandemic evolves, demand for personal protection products such as disposable respirators has experienced a decline from prior levels. 3M is not able to predict the

CONTEXT 10 (3M_2018_10K.pdf):
Dividends Paid to Shareholders:
 
Cash dividends paid to shareholders totaled $3.193 billion ($5.44 per share) in 2018, $2.803 billion ($4.70 per share) in 2017, and $2.678 billion ($4.44 per
share) in 2016. 3M has paid dividends since 1916. In February 2019, 3M’s Board of Directors declared a first-quarter 2019 dividend of $1.44 per share, an
increase of 6 percent. This is equivalent to an annual dividend of $5.76 per share and marked the 61st consecutive year of dividend increases.
 
48
[Page 49]
Table of Contents 
Other cash flows from financing activities may include various other items, such as changes in cash overdraft balances, and principal payments for capital
leases. In addition, in 2017, this included a payment related to the $96 million in interest expense associated with premiums and fees for the early retirement
of debt. See Note 12 for additional details.
 
Free Cash Flow (non-GAAP measure):

CONTEXT 11 (3M_2023Q2_10Q.pdf):
capital in accordance with the Company's stated priorities and meet needs associated with contractual commitments and other obligations. Investing in 3M’s business to drive
organic growth and deliver strong returns on invested capital remains the first priority for capital deployment. This includes research and development, capital expenditures,
and commercialization capability. The Company also continues to actively manage its portfolio through acquisitions and divestitures to maximize value for shareholders. 3M
expects to continue returning cash to shareholders through dividends and share repurchases. To fund cash needs in the United States, the Company relies on ongoing cash flow
from U.S. operations, access to capital markets and repatriation of the earnings of its foreign affiliates that are not considered to be permanently reinvested. For those

CONTEXT 12 (3M_2018_10K.pdf):
Company’s consolidated results of operations and financial condition. Prior periods have not been restated.
 
Cash dividends declared and paid totaled $1.36 and $1.175 per share for each quarter in 2018 and 2017, respectively. 3M typically declares and pays
dividends in the same quarter. In December 2014, 3M declared dividends that were paid in the following first quarter.
14
[Page 15]
Table of Contents 
 
Item 7. Management’s  Discussion and Analysis of Financial Condition and Results of Operations.
 
Management’s Discussion and Analysis of Financial Condition and Results of Operations (MD&A) is designed to provide a reader of 3M’s financial
statements with a narrative from the perspective of management. 3M’s MD&A is presented in eight sections:
 
·
Overview
·
Results of Operations
·
Performance by Business Segment
·
Performance by Geographic Area
·
Critical Accounting Estimates
·
New Accounting Pronouncements
·
Financial Condition and Liquidity
·

CONTEXT 13 (3M_2018_10K.pdf):
Equity compensation plans’ information is incorporated by reference from Part III, Item 12, “Security Ownership of Certain Beneficial Owners and
Management and Related Stockholder Matters,” of this document, and should be considered an integral part of Item 5. At January 31, 2019, there were
76,596 shareholders of record. 3M’s stock ticker symbol is MMM and is listed on the New York Stock Exchange, Inc. (NYSE), the Chicago Stock
Exchange, Inc., and the SWX Swiss Exchange. Cash dividends declared and paid totaled $1.36 and $1.175 per share for each quarter in 2018 and 2017,
respectively.
 
Issuer Purchases of Equity Securities
 
Repurchases of 3M common stock are made to support the Company’s stock-based employee compensation plans and for other corporate purposes. In
February 2016, 3M’s Board of Directors authorized the repurchase of up to $10 billion of 3M’s outstanding common stock, with no pre-established end

CONTEXT 14 (3M_2023Q2_10Q.pdf):
includes a provision under which 3M may request an increase of up to $1.0 billion (at lender’s discretion), bringing the total facility up to $5.25 billion. The agreement replaced
the amended and restated $3.0 billion, five-year revolving credit agreement and the $1.25 billion 364-day credit facility that would have expired in November 2024 and
November 2023, respectively. The credit facility was undrawn at June 30, 2023. Under the $4.25 billion credit facility, the Company is required to maintain its EBITDA to
Interest Ratio as of the end of each fiscal quarter at not less than 3.0 to 1. This is calculated (based on amounts defined in the amended agreement) as the ratio of consolidated
total EBITDA for the four consecutive quarters then ended to total interest expense on all funded debt for the same period. At June 30, 2023, this ratio, reflecting the July 2023
amendment, was approximately 17 to 1. Debt covenants do not restrict the payment of dividends.

CONTEXT 15 (3M_2022_10K.pdf):
headwinds from global supply chain challenges and increased compensation/benefit costs. The following also impacted results or provide additional information:
•
2021 benefit of $91 million pre-tax ($0.12 per share after tax) from a favorable Brazilian Supreme Court decision that concluded on the impact of state value-
added tax when determining Brazil’s federal sales-based social tax—essentially lowering the social tax that 3M should have paid in prior periods.
•
3M continued prioritization of investments in growth and sustainability.
•
2021 benefit from higher selling prices, restructuring actions taken in 2020 and positive/negative impact of year-over-year change in non-divestiture-related
restructuring charges, net of adjustments, for respective periods. Note 5 provides additional information relative to restructuring actions.
•
Lower year-on-year net gains related to certain property sales.
•
COVID-impacts recognized on certain assets in 2020.
•

ANSWER:
Yes, 3M maintains a stable trend of dividend distribution. According to the documents, 3M has paid dividends since 1916. As of February 2023, the company marked its 65th consecutive year of dividend increases.

The dividend figures provided in the context are as follows:
*   **2016:** $4.44 per share
*   **2017:** $4.70 per share (declared and paid as $1.175 per share for each quarter)
*   **2018:** $5.44 per share (declared and paid as $1.36 per share for each quarter)
*   **2019:** $1.44 per share declared for the first quarter (equivalent to an annual dividend of $5.76 per share)
*   **2020:** $5.88 per share
*   **2021:** $5.92 per share (declared and paid as $1.48 per share for each quarter)
*   **2022:** $5.96 per share (declared and paid as $1.49 per share for each quarter)
*   **2023:** $1.50 per share declared for the first and second quarters

**Calculations for annual equivalents based on quarterly declarations:**
*   **2017:** $1.175 * 4 = $4.70 per share
*   **2018:** $1.36 * 4 = $5.44 per share
*   **2019:** $1.44 * 4 = $5.76 per share
*   **2021:** $1.48 * 4 = $5.92 per share
*   **2022:** $1.49 * 4 = $5.96 per share
*   **2023:** $1.50 * 4 = $6.00 per share

GOLD:
Yes, not only they distribute the dividends on a routine basis, 3M has also been increasing the per share dividend for consecutive 65 years

================================================================================
[9/10]

QUESTION:
What is the FY2019 fixed asset turnover ratio for Activision Blizzard? Fixed asset turnover ratio is defined as: FY2019 revenue / (average PP&E between FY2018 and FY2019). Round your answer to two decimal places. Base your judgments on the information provided primarily in the statement of income and the statement of financial position.

CONTEXT 1 (ACTIVISIONBLIZZARD_2019_10K.pdf):
12,805
 
11,392
Total liabilities and shareholders’ equity
$
19,845
 $
17,890
The accompanying notes are an integral part of these Consolidated Financial Statements.
F-4
[Page 70]
Table of Contents
ACTIVISION BLIZZARD, INC. AND SUBSIDIARIES
CONSOLIDATED STATEMENTS OF OPERATIONS
(Amounts in millions, except per share data)
 
For the Years Ended December 31,
 
2019
 
2018
 
2017
Net revenues
 
 
  
 
Product sales
$
1,975
 $
2,255  $
2,110
Subscription, licensing, and other revenues
4,514
 
5,245  
4,907
Total net revenues
6,489
 
7,500  
7,017
 
 
  
  
Costs and expenses
 
 
  
 
Cost of revenues—product sales:
 
  
  
Product costs
656
 
719  
733
Software royalties, amortization, and intellectual property licenses
240
 
371  
300
Cost of revenues—subscription, licensing, and other revenues:
 
  
  
Game operations and distribution costs
965
 
1,028  
984
Software royalties, amortization, and intellectual property licenses
233
 
399  
484
Product development
998
 
1,101  
1,069

CONTEXT 2 (ACTIVISIONBLIZZARD_2019_10K.pdf):
[Page 1]
UNITED STATES
SECURITIES AND EXCHANGE COMMISSION
Washington, D.C. 20549
FORM 10-K
☒    ANNUAL REPORT PURSUANT TO SECTION 13 OR 15(d) OF THE SECURITIES EXCHANGE ACT OF 1934
For the Fiscal Year Ended December 31, 2019  
OR
☐TRANSITION REPORT PURSUANT TO SECTION 13 OR 15(d) OF THE SECURITIES EXCHANGE ACT OF 1934
For the transition period from                      to   
Commission File Number 1-15839
ACTIVISION BLIZZARD, INC.
(Exact name of registrant as specified in its charter)
Delaware
 
95-4803544
(State or other jurisdiction of incorporation or organization)
 
(I.R.S. Employer Identification No.)
3100 Ocean Park Boulevard
Santa Monica,
CA  
90405
(Address of principal executive offices)
 
(Zip Code)
(310) 255-2000
(Registrant’s telephone number, including area code)
Securities registered pursuant to Section 12(b) of the Act:
Title of each class
 
Trading Symbol(s)
 
Name of each exchange on which registered
Common Stock, par value $0.000001 per share
 
ATVI

CONTEXT 3 (ACTIVISIONBLIZZARD_2019_10K.pdf):
2019, 2018, and 2017.
6. Property and Equipment, Net
Property and equipment, net was comprised of the following (amounts in millions):
 
At December 31,
 
2019
 
2018
Land
$
1
 $
1
Buildings
4
 
4
Leasehold improvements
252
 
248
Computer equipment
654
 
700
Office furniture and other equipment
91
 
99
Total cost of property and equipment
1,002
 
1,052
Less accumulated depreciation
(749)  
(770)
Property and equipment, net
$
253
 $
282
Depreciation expense for the years ended December 31, 2019, 2018, and 2017 was $124 million, $138 million, and $130 million, respectively.
F-25
[Page 91]
Table of Contents
ACTIVISION BLIZZARD, INC. AND SUBSIDIARIES
Notes to Consolidated Financial Statements (continued)
7. Intangible Assets, Net
Intangible assets, net consist of the following (amounts in millions):
 
At December 31, 2019
 
Estimated
useful
lives
 
Gross
carrying
amount
 
Accumulated
amortization
 
Net
carrying
amount
Acquired definite-lived intangible assets:

CONTEXT 4 (ACTIVISIONBLIZZARD_2019_10K.pdf):
766
The accompanying notes are an integral part of these Consolidated Financial Statements.
F-5
[Page 71]
Table of Contents
ACTIVISION BLIZZARD, INC. AND SUBSIDIARIES
CONSOLIDATED STATEMENTS OF COMPREHENSIVE INCOME
(Amounts in millions)
 
For the Years Ended December 31,
 
2019
 
2018
 
2017
Net income
$
1,503
 $
1,848  $
273
Other comprehensive income (loss):
 
 
  
 
Foreign currency translation adjustments, net of tax
5
 
(9)  
36
Unrealized gains (losses) on forward contracts designated as hedges, net of tax
(15)  
38  
(44)
Unrealized gains (losses) on investments, net of tax
(8)  
5  
(1)
Total other comprehensive income (loss)
$
(18)  $
34  $
(9)
Comprehensive income
$
1,485
 $
1,882  $
264
The accompanying notes are an integral part of these Consolidated Financial Statements.
F-6

[Page 72]
Table of Contents
ACTIVISION BLIZZARD, INC. AND SUBSIDIARIES
CONSOLIDATED STATEMENTS OF CHANGES IN SHAREHOLDERS’ EQUITY
For the Years Ended December 31, 2019, 2018, and 2017

CONTEXT 5 (ACTIVISIONBLIZZARD_2019_10K.pdf):
business. “Over-time and other revenue” is primarily comprised of revenue associated with the online functionality of our games, in-game purchases, and subscriptions.
Content Release and Event Highlights
Games and downloadable content that were released during 2019, include:
•
Activision’s Sekiro
TM: Shadows Die Twice;
•
Activision’s Crash
TM Team Racing Nitro-Fueled;
•
Activision’s Spyro® Reignited Trilogy on Nintendo Switch and PC;
•
Activision’s Call of Duty: Mobile;
•
Activision’s Call of Duty: Modern Warfare;
•
Blizzard’s World of Warcraft® Classic; and
•
Blizzard’s latest expansions to Hearthstone—Rise of Shadows
TM, Saviors of Uldum
TM, Tombs of Terror
TM,, and Descent of Dragons
TM.
32
[Page 33]
Table of Contents
The Overwatch League, the first major global professional esports league with city-based teams, completed its second season in 2019 and began its third season

CONTEXT 6 (ACTIVISIONBLIZZARD_2019_10K.pdf):
and other expense (income), net” in our consolidated statement of operations. As of December 31, 2019, the carrying value of the investment is $42 million and is
recorded in “Other assets” on our consolidated balance sheet. We classify this investment as Level 3 in the fair value hierarchy as we estimated the value based on
valuation methods using the observable transaction price in a market with limited activity.
For the years ended December 31, 2019, 2018, and 2017, there were no impairment charges related to assets that are measured on a non-recurring basis.
F-29
[Page 95]
Table of Contents
ACTIVISION BLIZZARD, INC. AND SUBSIDIARIES
Notes to Consolidated Financial Statements (continued)
11. Deferred Revenues
We record deferred revenues when cash payments are received or due in advance of the fulfillment of our associated performance obligations. The opening

CONTEXT 7 (ACTIVISIONBLIZZARD_2019_10K.pdf):
publishing rights for the Destiny franchise to Bungie in exchange for cash and Bungie’s assumption of on-going customer obligations of Activision. As a result of the
agreement to terminate the relationship, the Company recognized net bookings, a key operating metric, of $20 million, GAAP revenues of $164 million, and GAAP
operating income of $91 million for the year ended December 31, 2018. Activision no longer has any material rights or obligations related to the Destiny franchise.
31
[Page 32]
Table of Contents
Business Results and Highlights
Financial Results
2019 financial highlights included:
•
consolidated net revenues decreased 13% to $6.5 billion and consolidated operating income decreased 19% to $1.6 billion, as compared to consolidated
net revenues of $7.5 billion and consolidated operating income of $2.0 billion in 2018;
•

CONTEXT 8 (ACTIVISIONBLIZZARD_2019_10K.pdf):
1
Other (2)
648  
607  
41  
7
Total consolidated net revenues
$
6,489  $
7,500  $
(1,011)  
(13)
(1) Net revenues from “Mobile and ancillary” include revenues from mobile devices, as well as non-platform-specific game-related revenues, such as standalone sales
of toys and accessories.
(2) Net revenues from “Other” primarily includes revenues from our Distribution business and the Overwatch League.
Console
The decrease in net revenues from console for 2019, as compared to 2018, was primarily due to:
•
lower revenues recognized from the Destiny franchise (reflecting our sale of the publishing rights for Destiny to Bungie in December 2018); and
•
lower revenues recognized from Call of Duty franchise catalog titles.
The decrease was partially offset by revenues recognized from Crash Team Racing Nitro-Fueled, which was released in June 2019.
PC
The decrease in net revenues from PC for 2019, as compared to 2018, was primarily due to:
•

CONTEXT 9 (ACTIVISIONBLIZZARD_2019_10K.pdf):
restricted stock units
—
 
—
 
—
 
—
 
164
 
—
 
—  
164
Dividends ($0.37 per common share)
—
 
—
 
—
 
—
 
—
 
(283)  
—  
(283)
Balance at December 31, 2019
1,197
 $
—
 
(429)  $ (5,563)  $
11,174
 $
7,813
 $
(619)  $
12,805
The accompanying notes are an integral part of these Consolidated Financial Statements.
F-7
[Page 73]
Table of Contents
ACTIVISION BLIZZARD, INC. AND SUBSIDIARIES
CONSOLIDATED STATEMENTS OF CASH FLOWS
(Amounts in millions)
 
For the Years Ended December 31,
 
2019
 
2018
 
2017
Cash flows from operating activities:
 
 
 
 
 
Net income
$
1,503
 $
1,848
 $
273
Adjustments to reconcile net income to net cash provided by operating activities:
 
 
 
 
 
Deferred income taxes
(352)  
(35)  
(181)
Provision for inventories
6
 
6
 
33
Non-cash operating lease cost
64
 
—
 
—
Depreciation and amortization
328
 
509
 
888
Amortization of capitalized software development costs and intellectual property licenses (1)
225
 
489
 
311

CONTEXT 10 (ACTIVISIONBLIZZARD_2019_10K.pdf):
(i) Activision Publishing, Inc.
Activision Publishing, Inc. (“Activision”) is a leading global developer and publisher of interactive software products and entertainment content, particularly for
the console platform. Activision primarily delivers content through retail and digital channels, including full-game and in-game sales, as well as by licensing software
to third-party or related-party companies that distribute Activision products. Activision develops, markets, and sells products primarily based on our internally
developed intellectual properties. Activision also includes the activities of the Call of Duty League, a global professional esports league with city-based teams for Call
of Duty®.
Activision’s key product franchise is Call of Duty, a first-person action title for the console and PC platforms and, following the October 1, 2019 launch of Call of

CONTEXT 11 (ACTIVISIONBLIZZARD_2019_10K.pdf):
2019
 
2018
 
Increase/
(decrease)
 
% Change
Consolidated net revenues
$
6,489  $
7,500  $
(1,011)  
(13)%
Net effect from recognition (deferral) of deferred net revenues
101  
238  
(137)   
 
 
  
  
  
In-game net revenues (1)
3,376  
4,249  
(873)  
(21)%
(1) In-game net revenues primarily includes the net amount of revenue recognized for downloadable content and microtransactions during the period.
Consolidated net revenues
The decrease in consolidated net revenues for 2019, as compared to 2018, was primarily driven by a decrease in revenues of $1.1 billion due to:
•
lower revenues recognized from the Destiny franchise (reflecting our sale of the publishing rights for Destiny to Bungie in December 2018);
•
lower revenues recognized from Hearthstone;
•
lower revenues recognized from Call of Duty franchise catalog titles; and
•
lower revenues recognized from Overwatch.
The decrease was partially offset by an increase in revenues of $236 million due to:
•

CONTEXT 12 (ACTIVISIONBLIZZARD_2019_10K.pdf):
Reportable Segments
Based upon our organizational structure, we conduct our business through three reportable segments: Activision, Blizzard, and King.
(i) Activision
Activision is a leading global developer and publisher of interactive software products and entertainment content, particularly for the console platform. Activision
primarily delivers content through retail and digital channels, including full-game and in-game sales, as well as by licensing software to third-party or related-party
companies that distribute Activision products. Activision develops, markets, and sells products primarily based on our internally developed intellectual properties.
Activision also includes the activities of the Call of Duty League, a global professional esports league with city-based teams for Call of Duty.
(ii) Blizzard
Blizzard is a leading global developer and publisher of interactive software products and entertainment content, particularly for the PC platform. Blizzard

CONTEXT 13 (ACTIVISIONBLIZZARD_2019_10K.pdf):
deferred tax accounting and remeasurement of deferred tax assets and liabilities, partially offset by tax expense related to Transition Tax.
Further analysis of the differences between the U.S. federal statutory rate and the consolidated effective tax rate, as well as other information about our income
taxes, is provided in Note 19 of the notes to the consolidated financial statements included in Item 8 of this Annual Report on Form 10-K.
Foreign Exchange Impact
Changes in foreign exchange rates had a negative impact of $71 million and a positive impact of $68 million on Activision Blizzard’s consolidated operating
income in 2019 and 2018, respectively. The changes are primarily due to changes in the value of the U.S. dollar relative to the euro and British pound and its impact on
our foreign operating income.
Comparison of 2018 to 2017

CONTEXT 14 (ACTIVISIONBLIZZARD_2019_10K.pdf):
revenues in 2019 and 2018, respectively, as compared to the same periods in the previous year. The changes are primarily due to changes in the value of the U.S. dollar
relative to the euro and the British pound.
39
[Page 40]
Table of Contents
Operating Segment Results
Currently, we have three reportable segments—Activision, Blizzard, and King. Our operating segments are consistent with the manner in which our operations
are reviewed and managed by our Chief Executive Officer, who is our chief operating decision maker (“CODM”). The CODM reviews segment performance exclusive
of: the impact of the change in deferred revenues and related cost of revenues with respect to certain of our online-enabled games; share-based compensation expense;
amortization of intangible assets as a result of purchase price accounting; fees and other expenses (including legal fees, expenses, and accruals) related to acquisitions,

CONTEXT 15 (ACTIVISIONBLIZZARD_2019_10K.pdf):
/s/ PricewaterhouseCoopers LLP
Los Angeles, California
February 27, 2020
We have served as the Company’s auditor since 2008.
F-3
[Page 69]
Table of Contents
ACTIVISION BLIZZARD, INC. AND SUBSIDIARIES
CONSOLIDATED BALANCE SHEETS
(Amounts in millions, except share data)
 
At December 31, 2019
 
At December 31, 2018
Assets
 
  
Current assets:
 
  
Cash and cash equivalents
$
5,794
 $
4,225
Accounts receivable, net of allowances of $132 and $190, at December 31, 2019 and December 31, 2018, respectively
848
 
1,035
Inventories, net
32
 
43
Software development
322
 
264
Other current assets
296
 
539
Total current assets
7,292
 
6,106
Software development
54
 
65
Property and equipment, net
253
 
282
Deferred income taxes, net
1,293
 
458
Other assets
658
 
482
Intangible assets, net
531
 
735
Goodwill
9,764
 
9,762
Total assets
$
19,845
 $
17,890
 
 
  
Liabilities and Shareholders’ Equity
 
  
Current liabilities:
 
  
Accounts payable
$
292
 $
253
Deferred revenues
1,375
 
1,493

ANSWER:
To calculate the FY2019 fixed asset turnover ratio for Activision Blizzard, we use the following figures from the provided financial statements:

1.  **FY2019 Total Net Revenue:** $6,489 million (from the Consolidated Statements of Operations).
2.  **Property and Equipment, Net (FY2019):** $253 million (from the Consolidated Balance Sheets).
3.  **Property and Equipment, Net (FY2018):** $282 million (from the Consolidated Balance Sheets).

**Step 1: Calculate the average PP&E**
Average PP&E = ($253 million + $282 million) / 2
Average PP&E = $535 million / 2
Average PP&E = $267.5 million

**Step 2: Calculate the fixed asset turnover ratio**
Fixed Asset Turnover Ratio = FY2019 Revenue / Average PP&E
Fixed Asset Turnover Ratio = $6,489 million / $267.5 million
Fixed Asset Turnover Ratio = 24.2579439...

**Final Answer:**
24.26

GOLD:
24.26

JUSTIFICATION:
The metric in question was calculated using other simpler metrics. The various simpler metrics (from the current and, if relevant, previous fiscal year(s)) used were:

Metric 1: Total revenue. This metric was located in the 10K as a single line item named: Total net revenues.

Metric 2: Ppne, net. This metric was located in the 10K as a single line item named: Property and equipment, net.

================================================================================
[10/10]

QUESTION:
What is the FY2017 - FY2019 3 year average of capex as a % of revenue for Activision Blizzard? Answer in units of percents and round to one decimal place. Calculate (or extract) the answer from the statement of income and the cash flow statement.

CONTEXT 1 (ACTIVISIONBLIZZARD_2019_10K.pdf):
12,805
 
11,392
Total liabilities and shareholders’ equity
$
19,845
 $
17,890
The accompanying notes are an integral part of these Consolidated Financial Statements.
F-4
[Page 70]
Table of Contents
ACTIVISION BLIZZARD, INC. AND SUBSIDIARIES
CONSOLIDATED STATEMENTS OF OPERATIONS
(Amounts in millions, except per share data)
 
For the Years Ended December 31,
 
2019
 
2018
 
2017
Net revenues
 
 
  
 
Product sales
$
1,975
 $
2,255  $
2,110
Subscription, licensing, and other revenues
4,514
 
5,245  
4,907
Total net revenues
6,489
 
7,500  
7,017
 
 
  
  
Costs and expenses
 
 
  
 
Cost of revenues—product sales:
 
  
  
Product costs
656
 
719  
733
Software royalties, amortization, and intellectual property licenses
240
 
371  
300
Cost of revenues—subscription, licensing, and other revenues:
 
  
  
Game operations and distribution costs
965
 
1,028  
984
Software royalties, amortization, and intellectual property licenses
233
 
399  
484
Product development
998
 
1,101  
1,069

CONTEXT 2 (ACTIVISIONBLIZZARD_2019_10K.pdf):
ACTIVISION BLIZZARD, INC. AND SUBSIDIARIES
Notes to Consolidated Financial Statements (continued)
(2) “Software royalties, amortization, and intellectual property licenses”—includes the amortization of capitalized software costs and royalties attributable to
subscription, licensing and other revenues. These are costs capitalized on the balance sheet until the respective games are released, at which time the
capitalized costs are amortized. Also included is amortization of intangible assets recognized in purchase accounting attributable to subscription, licensing
and other revenues.
Advertising Expenses
We expense advertising as incurred, except for production costs associated with media advertising, which are deferred and charged to expense when the related
advertisement is run for the first time. Advertising expenses for the years ended December 31, 2019, 2018, and 2017 were $587 million, $631 million, and $708

CONTEXT 3 (ACTIVISIONBLIZZARD_2019_10K.pdf):
ACTIVISION BLIZZARD, INC. AND SUBSIDIARIES
Notes to Consolidated Financial Statements (continued)
Our customer base includes retailers and distributors, including mass-market retailers, first party digital storefronts, consumer electronics stores, discount
warehouses, and game specialty stores in the U.S. and other countries worldwide. We perform ongoing credit evaluations of our customers and maintain allowances for
potential credit losses. We generally do not require collateral or other security from our customers.
For the years ended December 31, 2019, 2018, and 2017, Apple, Google, and Sony Interactive Entertainment, Inc. (“Sony”) have been our most significant
customers with revenues of 17%, 13%, and 11%, respectively, for 2019, 15%, 11%, and 13%, respectively, for 2018, and 16%, 10%, and 14%, respectively, for 2017.
No other customer accounted for 10% or more of our net revenues in the periods discussed above.

CONTEXT 4 (ACTIVISIONBLIZZARD_2019_10K.pdf):
Reportable Segments
Based upon our organizational structure, we conduct our business through three reportable segments: Activision, Blizzard, and King.
(i) Activision
Activision is a leading global developer and publisher of interactive software products and entertainment content, particularly for the console platform. Activision
primarily delivers content through retail and digital channels, including full-game and in-game sales, as well as by licensing software to third-party or related-party
companies that distribute Activision products. Activision develops, markets, and sells products primarily based on our internally developed intellectual properties.
Activision also includes the activities of the Call of Duty League, a global professional esports league with city-based teams for Call of Duty.
(ii) Blizzard
Blizzard is a leading global developer and publisher of interactive software products and entertainment content, particularly for the PC platform. Blizzard

CONTEXT 5 (ACTIVISIONBLIZZARD_2019_10K.pdf):
2019, 2018, and 2017.
6. Property and Equipment, Net
Property and equipment, net was comprised of the following (amounts in millions):
 
At December 31,
 
2019
 
2018
Land
$
1
 $
1
Buildings
4
 
4
Leasehold improvements
252
 
248
Computer equipment
654
 
700
Office furniture and other equipment
91
 
99
Total cost of property and equipment
1,002
 
1,052
Less accumulated depreciation
(749)  
(770)
Property and equipment, net
$
253
 $
282
Depreciation expense for the years ended December 31, 2019, 2018, and 2017 was $124 million, $138 million, and $130 million, respectively.
F-25
[Page 91]
Table of Contents
ACTIVISION BLIZZARD, INC. AND SUBSIDIARIES
Notes to Consolidated Financial Statements (continued)
7. Intangible Assets, Net
Intangible assets, net consist of the following (amounts in millions):
 
At December 31, 2019
 
Estimated
useful
lives
 
Gross
carrying
amount
 
Accumulated
amortization
 
Net
carrying
amount
Acquired definite-lived intangible assets:

CONTEXT 6 (ACTIVISIONBLIZZARD_2019_10K.pdf):
restricted stock units
—
 
—
 
—
 
—
 
164
 
—
 
—  
164
Dividends ($0.37 per common share)
—
 
—
 
—
 
—
 
—
 
(283)  
—  
(283)
Balance at December 31, 2019
1,197
 $
—
 
(429)  $ (5,563)  $
11,174
 $
7,813
 $
(619)  $
12,805
The accompanying notes are an integral part of these Consolidated Financial Statements.
F-7
[Page 73]
Table of Contents
ACTIVISION BLIZZARD, INC. AND SUBSIDIARIES
CONSOLIDATED STATEMENTS OF CASH FLOWS
(Amounts in millions)
 
For the Years Ended December 31,
 
2019
 
2018
 
2017
Cash flows from operating activities:
 
 
 
 
 
Net income
$
1,503
 $
1,848
 $
273
Adjustments to reconcile net income to net cash provided by operating activities:
 
 
 
 
 
Deferred income taxes
(352)  
(35)  
(181)
Provision for inventories
6
 
6
 
33
Non-cash operating lease cost
64
 
—
 
—
Depreciation and amortization
328
 
509
 
888
Amortization of capitalized software development costs and intellectual property licenses (1)
225
 
489
 
311

CONTEXT 7 (ACTIVISIONBLIZZARD_2019_10K.pdf):
3,262
Cash and cash equivalents and restricted cash at end of period
$
5,798
 $
4,229
 $
4,720
(1)
Excludes deferral and amortization of share-based compensation expense.
(2)
Includes the net effects of capitalization, deferral, and amortization of share-based compensation expense.
The accompanying notes are an integral part of these Consolidated Financial Statements.
F-8
[Page 74]
Table of Contents
ACTIVISION BLIZZARD, INC. AND SUBSIDIARIES
Notes to Consolidated Financial Statements
1. Description of Business
Activision Blizzard, Inc. is a leading global developer and publisher of interactive entertainment content and services. We develop and distribute content and
services on video game consoles, personal computers (“PC”s), and mobile devices. We also operate esports leagues and offer digital advertising within our content. The

CONTEXT 8 (ACTIVISIONBLIZZARD_2019_10K.pdf):
(i) Activision Publishing, Inc.
Activision Publishing, Inc. (“Activision”) is a leading global developer and publisher of interactive software products and entertainment content, particularly for
the console platform. Activision primarily delivers content through retail and digital channels, including full-game and in-game sales, as well as by licensing software
to third-party or related-party companies that distribute Activision products. Activision develops, markets, and sells products primarily based on our internally
developed intellectual properties. Activision also includes the activities of the Call of Duty League, a global professional esports league with city-based teams for Call
of Duty®.
Activision’s key product franchise is Call of Duty, a first-person action title for the console and PC platforms and, following the October 1, 2019 launch of Call of

CONTEXT 9 (ACTIVISIONBLIZZARD_2019_10K.pdf):
766
The accompanying notes are an integral part of these Consolidated Financial Statements.
F-5
[Page 71]
Table of Contents
ACTIVISION BLIZZARD, INC. AND SUBSIDIARIES
CONSOLIDATED STATEMENTS OF COMPREHENSIVE INCOME
(Amounts in millions)
 
For the Years Ended December 31,
 
2019
 
2018
 
2017
Net income
$
1,503
 $
1,848  $
273
Other comprehensive income (loss):
 
 
  
 
Foreign currency translation adjustments, net of tax
5
 
(9)  
36
Unrealized gains (losses) on forward contracts designated as hedges, net of tax
(15)  
38  
(44)
Unrealized gains (losses) on investments, net of tax
(8)  
5  
(1)
Total other comprehensive income (loss)
$
(18)  $
34  $
(9)
Comprehensive income
$
1,485
 $
1,882  $
264
The accompanying notes are an integral part of these Consolidated Financial Statements.
F-6

[Page 72]
Table of Contents
ACTIVISION BLIZZARD, INC. AND SUBSIDIARIES
CONSOLIDATED STATEMENTS OF CHANGES IN SHAREHOLDERS’ EQUITY
For the Years Ended December 31, 2019, 2018, and 2017

CONTEXT 10 (ACTIVISIONBLIZZARD_2019_10K.pdf):
publishing rights for the Destiny franchise to Bungie in exchange for cash and Bungie’s assumption of on-going customer obligations of Activision. As a result of the
agreement to terminate the relationship, the Company recognized net bookings, a key operating metric, of $20 million, GAAP revenues of $164 million, and GAAP
operating income of $91 million for the year ended December 31, 2018. Activision no longer has any material rights or obligations related to the Destiny franchise.
31
[Page 32]
Table of Contents
Business Results and Highlights
Financial Results
2019 financial highlights included:
•
consolidated net revenues decreased 13% to $6.5 billion and consolidated operating income decreased 19% to $1.6 billion, as compared to consolidated
net revenues of $7.5 billion and consolidated operating income of $2.0 billion in 2018;
•

CONTEXT 11 (ACTIVISIONBLIZZARD_2019_10K.pdf):
2019
 
2018
 
Increase/
(decrease)
 
% Change
Consolidated net revenues
$
6,489  $
7,500  $
(1,011)  
(13)%
Net effect from recognition (deferral) of deferred net revenues
101  
238  
(137)   
 
 
  
  
  
In-game net revenues (1)
3,376  
4,249  
(873)  
(21)%
(1) In-game net revenues primarily includes the net amount of revenue recognized for downloadable content and microtransactions during the period.
Consolidated net revenues
The decrease in consolidated net revenues for 2019, as compared to 2018, was primarily driven by a decrease in revenues of $1.1 billion due to:
•
lower revenues recognized from the Destiny franchise (reflecting our sale of the publishing rights for Destiny to Bungie in December 2018);
•
lower revenues recognized from Hearthstone;
•
lower revenues recognized from Call of Duty franchise catalog titles; and
•
lower revenues recognized from Overwatch.
The decrease was partially offset by an increase in revenues of $236 million due to:
•

CONTEXT 12 (ACTIVISIONBLIZZARD_2019_10K.pdf):
deferred tax accounting and remeasurement of deferred tax assets and liabilities, partially offset by tax expense related to Transition Tax.
Further analysis of the differences between the U.S. federal statutory rate and the consolidated effective tax rate, as well as other information about our income
taxes, is provided in Note 19 of the notes to the consolidated financial statements included in Item 8 of this Annual Report on Form 10-K.
Foreign Exchange Impact
Changes in foreign exchange rates had a negative impact of $71 million and a positive impact of $68 million on Activision Blizzard’s consolidated operating
income in 2019 and 2018, respectively. The changes are primarily due to changes in the value of the U.S. dollar relative to the euro and British pound and its impact on
our foreign operating income.
Comparison of 2018 to 2017

CONTEXT 13 (ACTIVISIONBLIZZARD_2019_10K.pdf):
[Page 1]
UNITED STATES
SECURITIES AND EXCHANGE COMMISSION
Washington, D.C. 20549
FORM 10-K
☒    ANNUAL REPORT PURSUANT TO SECTION 13 OR 15(d) OF THE SECURITIES EXCHANGE ACT OF 1934
For the Fiscal Year Ended December 31, 2019  
OR
☐TRANSITION REPORT PURSUANT TO SECTION 13 OR 15(d) OF THE SECURITIES EXCHANGE ACT OF 1934
For the transition period from                      to   
Commission File Number 1-15839
ACTIVISION BLIZZARD, INC.
(Exact name of registrant as specified in its charter)
Delaware
 
95-4803544
(State or other jurisdiction of incorporation or organization)
 
(I.R.S. Employer Identification No.)
3100 Ocean Park Boulevard
Santa Monica,
CA  
90405
(Address of principal executive offices)
 
(Zip Code)
(310) 255-2000
(Registrant’s telephone number, including area code)
Securities registered pursuant to Section 12(b) of the Act:
Title of each class
 
Trading Symbol(s)
 
Name of each exchange on which registered
Common Stock, par value $0.000001 per share
 
ATVI

CONTEXT 14 (ACTIVISIONBLIZZARD_2019_10K.pdf):
in 2017.
38
[Page 39]
Table of Contents
In-game net revenues
The decrease in in-game net revenues for 2019, as compared to 2018, was primarily driven by a decrease in in-game net revenues of $845 million due to:
•
lower in-game revenues recognized from the Destiny franchise;
•
lower in-game revenues recognized from Hearthstone;
•
lower in-game revenues across various King franchise titles, primarily driven by the Candy Crush franchise;
•
lower in-game revenues recognized from World of Warcraft; and
•
lower in-game revenues recognized from Overwatch.
The remaining net decrease of $28 million was driven by various other franchises and titles.
Foreign Exchange Impact
Changes in foreign exchange rates had a negative impact of $150 million and a positive impact of $102 million on Activision Blizzard’s consolidated net

CONTEXT 15 (ACTIVISIONBLIZZARD_2019_10K.pdf):
revenues in 2019 and 2018, respectively, as compared to the same periods in the previous year. The changes are primarily due to changes in the value of the U.S. dollar
relative to the euro and the British pound.
39
[Page 40]
Table of Contents
Operating Segment Results
Currently, we have three reportable segments—Activision, Blizzard, and King. Our operating segments are consistent with the manner in which our operations
are reviewed and managed by our Chief Executive Officer, who is our chief operating decision maker (“CODM”). The CODM reviews segment performance exclusive
of: the impact of the change in deferred revenues and related cost of revenues with respect to certain of our online-enabled games; share-based compensation expense;
amortization of intangible assets as a result of purchase price accounting; fees and other expenses (including legal fees, expenses, and accruals) related to acquisitions,

ANSWER:
Not found in context.

GOLD:
1.9%

JUSTIFICATION:
The metric in question was calculated using other simpler metrics. The various simpler metrics (from the current and, if relevant, previous fiscal year(s)) used were:

Metric 1: Capital expenditures. This metric was located in the 10K as a single line item named: Capital expenditures.

Metric 2: Total revenue. This metric was located in the 10K as a single line item named: Total net revenues.

================================================================================
[1/10]

QUESTION:
What is the FY2018 capital expenditure amount (in USD millions) for 3M? Give a response to the question by relying on the details shown in the cash flow statement.

CONTEXT 1 (3M_2018_10K.pdf):
efficiency. The Company expects 2019 capital spending to be approximately $1.7 billion to $1.9 billion as 3M continues to invest in its businesses.
 
3M invests in renewal and maintenance programs, which pertain to cost reduction, cycle time, maintaining and renewing current capacity, eliminating
pollution, and compliance. Costs related to maintenance, ordinary repairs, and certain other items are expensed. 3M also invests in growth, which adds to
capacity, driven by new products, both through expansion of current facilities and new facilities. Finally, 3M also invests in other initiatives, such as
information technology (IT) and laboratory facilities.
 
Refer to Note 3 for information on acquisitions and divestitures. The Company is actively considering additional acquisitions, investments and strategic
alliances, and from time to time may also divest certain businesses. Proceeds from sale of businesses in 2018 primarily relate to the sale of 3M’s

CONTEXT 2 (3M_2018_10K.pdf):
cash. The first quarter of each year is typically 3M’s seasonal low for free cash flow and free cash flow conversion. Below find a recap of free cash flow and
free cash flow conversion for 2018, 2017 and 2016.
 
In 2018, free cash flow conversion was impacted by the $176 million measurement period adjustment to the tax expense recorded in December 2017 from
the enactment of the TCJA, the $897 million pre-tax impact related to the resolution of the Minnesota natural resource damages (NRD), and the $381
million pre-tax impact from the gain on sale of the Communication Markets Division, net of restructuring actions related to addressing corporate functional
costs following the divestiture. On a combined basis, these items reduced free cash flow conversion by 2 percentage points.
 
In 2017, free cash flow conversion was impacted by enactment of the TCJA, along with an additional U.S. pension contribution of $600 million that 3M

CONTEXT 3 (3M_2018_10K.pdf):
59
[Page 60]
Table of Contents 
3M Company and Subsidiaries
Consolidated Statement of Cash Flow s
Years ended December 31
 
(Millions)
    
2018
    
2017
    
2016
 
Cash Flows from Operating Activities
 
 
  
 
  
 
  
Net income including noncontrolling interest
 
$
5,363  
$
4,869  
$
5,058  
Adjustments to reconcile net income including noncontrolling interest to net cash
provided by operating activities
 
 
  
 
  
 
  
Depreciation and amortization
 
 
1,488  
 
1,544  
 
1,474  
Company pension and postretirement contributions
 
 
(370) 
 
(967) 
 
(383) 
Company pension and postretirement expense
 
 
410  
 
334  
 
250  
Stock-based compensation expense
 
 
302  
 
324  
 
298  
Gain on sale of businesses
 
 
(545) 
 
(586) 
 
(111) 
Deferred income taxes
 
 
(57) 
 
107  
 
 7  
Changes in assets and liabilities
 
 
  
 
  
 
  
Accounts receivable
 
 
(305) 
 
(245) 
 
(313) 
Inventories
 
 
(509) 
 
(387) 
 
57  
Accounts payable
 
 
408  
 
24  
 
148

CONTEXT 4 (3M_2018_10K.pdf):
quarter repayment of maturing medium-term notes, the net impact of repayments and borrowings of international subsidiaries along with foreign currency
effects, and lower year on year commercial paper balance. Outstanding commercial paper was $435 million at December 31, 2018, as compared to $745
million at December 31, 2017. Net commercial paper issuances and repayments and borrowings by international subsidiaries are largely reflected in
“Change in short-term debt – net” in the preceding table. 3M’s primary short-term liquidity needs are met through cash on hand and U.S. commercial paper
issuances.
 
Proceeds from debt for 2018 primarily relate to the September 2018, issuance of $400 million aggregate principal amount of 3-year fixed rate medium-term
notes due 2021 with a coupon rate of 3.00%, $300 million aggregate principal amount of 5.5-year fixed rate medium-term notes due 2024 with a coupon

CONTEXT 5 (3M_2018_10K.pdf):
Net cash provided by operating activities
 
$
6,439  
$
6,240  
$
6,662  
Purchases of property, plant and equipment (PP&E)
 
 
(1,577) 
 
(1,373) 
 
(1,420) 
Free cash flow
 
$
4,862  
$
4,867  
$
5,242  
Net income attributable to 3M
 
$
5,349  
$
4,858  
$
5,050  
Free cash flow conversion
 
 
91 %   
100 %  
104 %
 
Off-Balance Sheet Arrangements and Contractual Obligations:
 
As of December 31, 2018, the Company has not utilized special purpose entities to facilitate off-balance sheet financing arrangements. Refer to the section
entitled “Warranties/Guarantees” in Note 16 for discussion of accrued product warranty liabilities and guarantees.
 
In addition to guarantees, 3M, in the normal course of business, periodically enters into agreements that require the Company to indemnify either major
customers or suppliers for specific risks, such as claims for injury or property damage arising out of the use of 3M products or the negligence of 3M

CONTEXT 6 (3M_2018_10K.pdf):
efficiency. In 2018, 63% of 3M’s capital spending was within the United States, followed by Europe, Middle East and Africa; Asia Pacific; and Latin
America/Canada. 3M is increasing its investment in manufacturing and sourcing capability in order to more closely align its product capability with its sales
in major geographic areas in order to best serve its customers throughout the world with proprietary, automated, efficient, safe and sustainable processes.
Capital spending is discussed in more detail later in MD&A in the section entitled “Cash Flows from Investing Activities.”
 
 
 CRITICAL ACCOUNTING ESTIMA TES
 
Information regarding significant accounting policies is included in Note 1 of the consolidated financial statements. As stated in Note 1, the preparation of
financial statements requires management to make estimates and assumptions that affect the reported amounts of assets, liabilities, revenue and expenses,

CONTEXT 7 (3M_2018_10K.pdf):
increases in inventory and accounts receivable. The combination of accounts receivable, inventories and accounts payable increased working capital by
$406 million in 2018, compared to the working capital increases of $608 million in 2017. Additional discussion on working capital changes is provided
earlier in the “Financial Condition and Liquidity” section.
 
In 2017, cash flows provided by operating activities decreased $422 million compared to the same period last year. Factors that decreased operating cash
flows were increases in pension contributions, plus year-on-year increases in working capital. In December 2017, 3M contributed $600 million to its U.S.
defined benefit pension plan, contributing to a year-on-year increase in pension and postretirement contributions of $584 million. The combination of
accounts receivable, inventories and accounts payable increased working capital by $608 million in 2017, compared to working capital increases of $108

CONTEXT 8 (3M_2018_10K.pdf):
monitoring. In addition, 3M divested a polymer additives compounding business, formerly part of the Company’s Industrial business, and reflected a gain
on final closing adjustments from a prior divestiture which, in aggregate, were not material. These divestitures resulted in a gain on sale of businesses of
$24 million. 3M also divested an abrasives glass products business, formerly part of the Company’s Industrial business, which resulted in a gain on sale of
less than $15 million in the second quarter of 2018. Also, 3M reflected an immaterial gain from an earnout on a previous divestiture in the fourth quarter of
2018.
 
In June 2018, 3M completed the sale of substantially all of its Communication Markets Division to Corning Incorporated. This business, with annual sales
of approximately $400 million, consists of optical fiber and copper passive connectivity solutions for the telecommunications industry including 3M’s

CONTEXT 9 (3M_2018_10K.pdf):
Communication Markets Division and the sale of certain personal safety product offerings primarily focused on noise, environmental, and heat stress
monitoring within the Safety and Graphics business segment.
 
Purchases of marketable securities and investments and proceeds from maturities and sale of marketable securities and investments are primarily
attributable to asset-backed securities, certificates of deposit/time deposits, commercial paper, and other securities, which are classified as available-for-sale.
Refer to Note 11 for more details about 3M’s diversified marketable securities portfolio. Purchases of investments include additional survivor benefit
insurance, plus investments in equity securities.
 
Cash Flows from Financing Activities:
 
Years ended December 31
        
 
        
 
        
 
 
(Millions)
 
2018
 
2017
 
2016
 
Change in short-term debt — net
 
$
(284) 
$
578  
$
(797) 
Repayment of debt (maturities greater than 90 days)
 
 
(1,034) 
 
(962)

CONTEXT 10 (3M_2018_10K.pdf):
Dividends Paid to Shareholders:
 
Cash dividends paid to shareholders totaled $3.193 billion ($5.44 per share) in 2018, $2.803 billion ($4.70 per share) in 2017, and $2.678 billion ($4.44 per
share) in 2016. 3M has paid dividends since 1916. In February 2019, 3M’s Board of Directors declared a first-quarter 2019 dividend of $1.44 per share, an
increase of 6 percent. This is equivalent to an annual dividend of $5.76 per share and marked the 61st consecutive year of dividend increases.
 
48
[Page 49]
Table of Contents 
Other cash flows from financing activities may include various other items, such as changes in cash overdraft balances, and principal payments for capital
leases. In addition, in 2017, this included a payment related to the $96 million in interest expense associated with premiums and fees for the early retirement
of debt. See Note 12 for additional details.
 
Free Cash Flow (non-GAAP measure):

CONTEXT 11 (3M_2018_10K.pdf):
business, formerly part of the Company’s Industrial business, and reflected a gain on final closing adjustments from a prior divestiture which, in aggregate,
were not material. In May 2018, 3M divested an abrasives glass products business, formerly part of the Company’s Industrial business, with annual sales of
approximately $10 million. The transaction resulted in a pre-tax gain of less than $15 million. The Company also reflected an immaterial gain in the fourth
quarter from an earnout on a previous divestiture.
In June 2018, 3M completed the sale of substantially all of its Communication Markets Division to Corning Incorporated. This business, with annual sales
of approximately $400 million, consists of optical fiber and copper passive connectivity solutions for the telecommunications industry including 3M’s
xDSL, FTTx, and structured cabling solutions and, in certain countries, telecommunications system integration services. 3M received cash proceeds of $772

CONTEXT 12 (3M_2018_10K.pdf):
·
3M sold and leased-back certain recently constructed machinery and equipment in return for municipal securities, which in aggregate, were
recorded as a capital lease asset and obligation of approximately $13 million in 2018, $13 million in 2017, and $12 million in 2016, with an
average remaining lease term remaining of 15 years at December 31, 2018.
 
Minimum lease payments under capital and operating leases with non-cancelable terms in excess of one year as of December 31, 2018, were as follows:
 
        
 
    
Operating
 
(Millions)
 
Capital Leases
 
Leases
 
2019
 
$
18  
$
283  
2020
 
 
16  
 
208  
2021
 
 
14  
 
153  
2022
 
 
12  
 
122  
2023
 
 
12  
 
92  
After 2023
 
 
32  
 
253  
Total
 
$
104  
$
1,111  
Less: Amounts representing interest
 
 
12  
 
  
Present value of future minimum lease payments
 
 
92  
 
  
Less: Current obligations under capital leases
 
 
17  
 
  
Long-term obligations under capital leases
 
$
75

CONTEXT 13 (3M_2018_10K.pdf):
charges that did not repeat in 2018.
 
Research, Development and Related Expenses:
 
R&D in dollars decreased $49 million for full year 2018 when compared to the same period last year. The decrease primarily relates to R&D no longer
incurred related to the Communication Markets Division, which was primarily divested in the second quarter of 2018 and completed in the fourth quarter of
2018. 3M continued to invest in its key initiatives, including R&D aimed at disruptive innovation programs with the potential to create entirely new markets
and disrupt existing markets. R&D, measured as a percent of sales, was 5.6 percent in 2018, compared to 5.9 percent in 2017 and 2016.
 
Gain on Sale of Businesses:
 
In the first quarter of 2018, 3M closed on the sale of certain personal safety product offerings primarily focused on noise, environmental, and heat stress

CONTEXT 14 (3M_2018_10K.pdf):
when comparing 2017 to 2016. Refer to the section entitled “Financial Condition and Liquidity” later in MD&A for a discussion of items impacting cash
flows. In November 2018, 3M’s Board of Directors authorized the repurchase of up to $10 billion of 3M’s outstanding common stock, which replaced the
Company’s February 2016 repurchase program. This program has no pre-established end date. In 2018, the Company purchased $4.9 billion of its own
stock, compared to purchases of $2.1 billion in 2017 and $3.8 billion in 2016. The Company expects to purchase $2.0 billion to $4.0 billion of its own stock
in 2019. In February 2019, 3M’s Board of Directors declared a first-quarter 2019 dividend of $1.44 per share, an increase of 6 percent. This marked the
61st consecutive year of dividend increases for 3M. The Company has an AA- credit rating, with a stable outlook, from Standard & Poor’s and an A1

CONTEXT 15 (3M_2018_10K.pdf):
preservation. 3M recorded a charge of $897 million ($710 million after-tax), inclusive of legal fees and other related obligations, in the first quarter of 2018
associated with the resolution of this matter. In the fourth quarter of 2018, 3M recorded a related $60 million tax expense resulting from the Company’s
ongoing IRS examination under the Compliance Assurance Process (CAP) and new guidance released under the Tax Cuts and Jobs Act. Also during the
first quarter of 2018, 3M recorded a tax expense of $217 million related to a measurement period adjustment to the provisional amounts recorded in
December 2017 from the enactment of the Tax Cuts and Jobs Act (TCJA). In the fourth quarter 2018, 3M finalized the tax impact related to TCJA with a
reversal of previously recorded tax expense in the amount of $41 million.
During the fourth quarter of 2017, 3M recorded a net tax expense of $762 million related to the enactment of the Tax Cuts and Jobs Act (TCJA). The

CONTEXT 16 (3M_2018_10K.pdf):
credit rating, with a stable outlook, from Moody’s Investors Service. The Company generates significant ongoing cash flow and has proven access to capital
markets funding throughout business cycles.
 
Raw materials:
 
In 2018, the Company experienced raw material price inflation across most material markets worldwide. In response, the Company continued to deploy
productivity projects to minimize the impact of raw material inflation and market supply challenges, including input management, reformulations, and
multi-sourcing activities. These succeeded in partially offsetting the overall raw material headwinds experienced throughout the year. To date, the
Company is receiving sufficient quantities of all raw materials to meet its reasonably foreseeable production requirements. It is difficult to predict future
shortages of raw materials or the impact any such shortages would have. 3M has avoided disruption to its manufacturing operations through careful

CONTEXT 17 (3M_2018_10K.pdf):
[Page 58]
Table of Contents 
3M Company and Subsidiaries
Consolidated Balance Shee t
At December 31
 
 
    
December 31,
    
December 31,
 
(Dollars in millions, except per share amount)
    
2018
    
2017
 
Assets
 
 
  
 
  
Current assets
 
 
  
 
  
Cash and cash equivalents
 
$
2,853  
$
3,053  
Marketable securities — current
 
 
380  
 
1,076  
Accounts receivable — net of allowances of $95 and $103
 
 
5,020  
 
4,911  
Inventories
 
 
  
 
  
Finished goods
 
 
2,120  
 
1,915  
Work in process
 
 
1,292  
 
1,218  
Raw materials and supplies
 
 
954  
 
901  
Total inventories
 
 
4,366  
 
4,034  
Prepaids
 
 
741  
 
937  
Other current assets
 
 
349  
 
266  
Total current assets
 
 
13,709  
 
14,277  
Property, plant and equipment
 
 
24,873  
 
24,914  
Less: Accumulated depreciation
 
 
(16,135)  
 
(16,048)  
Property, plant and equipment — net
 
 
8,738  
 
8,866  
Goodwill
 
 
10,051  
 
10,513  
Intangible assets — net
 
 
2,657  
 
2,936

CONTEXT 18 (3M_2018_10K.pdf):
presented separately.
 
Transactions related to investing and financing activities with significant non-cash components are as follows:
·
3M sold and leased-back, under capital leases, certain recently constructed machinery and equipment in return for municipal securities with
certain cities in the United States. In aggregate, the values totaled approximately $13 million in 2018, $13 million in 2017, and $12 million in
2016, as of the transaction date.
 
83
[Page 84]
Table of Contents 
NOTE 10.  Income Taxes 
 
Income Before Income Taxes
 
(Millions)
    
2018
    
2017
    
2016
 
United States
 $
3,487  $
4,149  $
4,366  
International
 
 
3,513  
 
3,399  
 
2,687  
Total
 $
7,000  $
7,548  $
7,053  
 
Provision for Income Taxes
 
(Millions)
    
2018
    
2017
    
2016
 
Currently payable
 
 
  
 
  
 
  
Federal
 
$
698  
$
1,022  
$
1,192  
State
 
 
109  
 
59  
 
75  
International
 
 
763  
 
722  
 
733  
Tax Cuts and Jobs Act (TCJA) non-current transition tax provision

CONTEXT 19 (3M_2018_10K.pdf):
for 3M to access international cash positions on a continual and on-going basis and will help support U.S. capital deployments needs. For those
international earnings still considered to be reinvested indefinitely, the Company currently has no plans or intentions to repatriate these funds for U.S.
operations. See Note 10 for further information on earnings considered to be reinvested indefinitely.
 
3M’s primary short-term liquidity needs are met through cash on hand and U.S. commercial paper issuances. 3M believes it will have continuous access to
the commercial paper market. 3M’s commercial paper program permits the Company to have a maximum of $5 billion outstanding with a maximum
maturity of 397 days from date of issuance. At December 31, 2018, there was approximately $435 million in commercial paper issued and outstanding.
 
Total Debt:

CONTEXT 20 (3M_2018_10K.pdf):
·
In June 2018, 3M completed the sale of substantially all of its Communication Markets Division and reflected a pre-tax gain of $494 million as a
result of this divestiture. Additionally in December 2018, 3M completed the sale of the remaining telecommunications system integration
services portion of the business based in Germany and reflected a pre-tax gain of $15 million as a result of this divestiture. Both divestitures were
reported within the Company’s Electronics and Energy business.  During the second quarter and fourth quarter of 2018, management approved
and committed to undertake certain restructuring actions related to addressing corporate functional costs following the Communication Markets
Division divestiture. These actions affected approximately 1,200 positions worldwide and resulted in a second quarter 2018 pre-tax charge of
$105 million and a fourth quarter 2018 pre-tax charge of $22 million, net of adjustments for reductions in cost estimates. The aggregate net

CONTEXT 21 (3M_2018_10K.pdf):
[Page 1]
low
 
UNITED STATES
SECURITIES AND EXCHANGE COMMISSION
Washington, D.C. 20549
 
FORM 10-K
 
☒   ANNUAL REPORT PURSUANT TO SECTION 13 OR 15(d) OF THE
SECURITIES EXCHANGE ACT OF 1934
For the fiscal year ended December 31, 2018
 
Commission file number 1-3285
 
3M COMPANY
State of Incorporation: Delaware
 
I.R.S. Employer Identification No. 41-0417775
Principal executive offices: 3M Center, St. Paul, Minnesota 55144
Telephone number: (651) 733-1110
 
SECURITIES REGISTERED PURSUANT TO SECTION 12(b) OF THE ACT:
Title of each class
 
Name of each exchange
on which registered
Common Stock, Par Value $.01 Per Share
 
1.500% Notes due 2026
Floating Rate Notes due 2020
0.375% Notes due 2022
0.950% Notes due 2023
1.750% Notes due 2030
1.500% Notes due 2031
 
New York Stock Exchange, Inc.
Chicago Stock Exchange, Inc.
New York Stock Exchange, Inc.
New York Stock Exchange, Inc.
New York Stock Exchange, Inc.
New York Stock Exchange, Inc.
New York Stock Exchange, Inc.

CONTEXT 22 (3M_2018_10K.pdf):
net debt as total debt less the total of cash, cash equivalents and current and long-term marketable securities. 3M believes net debt is meaningful to
investors as 3M considers net debt and its components to be important indicators of liquidity and financial position. The following table provides net debt
as of December 31, 2018 and 2017.
 
 
    
December 31,
  
2018 versus
 
(Millions)
 
2018
 
2017
 
2017
 
Total debt
 
$
14,622  $
13,949  $
673  
Less: Cash, cash equivalents and marketable securities
 
 
3,270   
4,156   
(886) 
Net debt (non-GAAP measure)
 
$
11,352  $
9,793  $
1,559  
 
Refer to the preceding “Total Debt” and “Cash, Cash Equivalents and Marketable Securities” sections for additional details. 
 
Balance Sheet:
 
3M’s strong balance sheet and liquidity provide the Company with significant flexibility to fund its numerous opportunities going forward. The Company

ANSWER:
Based on the Consolidated Statement of Cash Flows in the provided document, the FY2018 capital expenditure amount (listed as "Purchases of property, plant and equipment (PP&E)") for 3M was $1,577 million.

GOLD:
$1577.00

JUSTIFICATION:
The metric capital expenditures was directly extracted from the company 10K. The line item name, as seen in the 10K, was: Purchases of property, plant and equipment (PP&E).

================================================================================
[2/10]

QUESTION:
Assume that you are a public equities analyst. Answer the following question by primarily using information that is shown in the balance sheet: what is the year end FY2018 net PPNE for 3M? Answer in USD billions.

CONTEXT 1 (3M_2018_10K.pdf):
[Page 58]
Table of Contents 
3M Company and Subsidiaries
Consolidated Balance Shee t
At December 31
 
 
    
December 31,
    
December 31,
 
(Dollars in millions, except per share amount)
    
2018
    
2017
 
Assets
 
 
  
 
  
Current assets
 
 
  
 
  
Cash and cash equivalents
 
$
2,853  
$
3,053  
Marketable securities — current
 
 
380  
 
1,076  
Accounts receivable — net of allowances of $95 and $103
 
 
5,020  
 
4,911  
Inventories
 
 
  
 
  
Finished goods
 
 
2,120  
 
1,915  
Work in process
 
 
1,292  
 
1,218  
Raw materials and supplies
 
 
954  
 
901  
Total inventories
 
 
4,366  
 
4,034  
Prepaids
 
 
741  
 
937  
Other current assets
 
 
349  
 
266  
Total current assets
 
 
13,709  
 
14,277  
Property, plant and equipment
 
 
24,873  
 
24,914  
Less: Accumulated depreciation
 
 
(16,135)  
 
(16,048)  
Property, plant and equipment — net
 
 
8,738  
 
8,866  
Goodwill
 
 
10,051  
 
10,513  
Intangible assets — net
 
 
2,657  
 
2,936

CONTEXT 2 (3M_2018_10K.pdf):
8,738  
 
8,866  
Goodwill
 
 
10,051  
 
10,513  
Intangible assets — net
 
 
2,657  
 
2,936  
Other assets
 
 
1,345  
 
1,395  
Total assets
 
$
36,500  
$
37,987  
Liabilities
 
 
  
 
  
Current liabilities
 
 
  
 
  
Short-term borrowings and current portion of long-term debt
 
$
1,211  
$
1,853  
Accounts payable
 
 
2,266  
 
1,945  
Accrued payroll
 
 
749  
 
870  
Accrued income taxes
 
 
243  
 
310  
Other current liabilities
 
 
2,775  
 
2,709  
Total current liabilities
 
 
7,244  
 
7,687  
 
 
 
  
 
  
Long-term debt
 
 
13,411  
 
12,096  
Pension and postretirement benefits
 
 
2,987  
 
3,620  
Other liabilities
 
 
3,010  
 
2,962  
Total liabilities
 
$
26,652  
$
26,365  
Commitments and contingencies (Note 16)
 
 
  
 
  
Equity
 
 
  
 
  
3M Company shareholders’ equity:
 
 
  
 
  
Common stock par value, $.01 par value
 
$
 9  
$
 9  
Shares outstanding - 2018: 576,575,168
 
 
  
 
  
Shares outstanding - 2017: 594,884,237

CONTEXT 3 (3M_2018_10K.pdf):
in aggregate.
 
3M goodwill totaled approximately $10.1 billion as of December 31, 2018. 3M’s annual goodwill impairment testing is performed in the fourth quarter of
each year. Impairment testing for goodwill is done at a reporting unit level, with all goodwill assigned to a reporting unit. Reporting units are one level
below the business segment level, but are required to be combined when reporting units within the same segment have similar economic characteristics. At
3M, reporting units correspond to a division. 3M did not combine any of its reporting units for impairment testing.
 
An impairment loss would be recognized when the carrying amount of the reporting unit’s net assets exceeds the estimated fair value of the reporting unit,
and the loss would equal that difference. The estimated fair value of a reporting unit is determined using earnings for the reporting unit multiplied by a

CONTEXT 4 (3M_2018_10K.pdf):
value at both December 31, 2018, and September 30, 2018, was significantly in excess of its shareholders’ equity of approximately $10 billion.
 
As discussed in Note 3, 3M sold its Communication Markets division in 2018, which comprised substantially all of the $272 million reduction in goodwill
associated with divestitures during 2018.
 
In 2018, 3M determined fair values using either an industry price-earnings ratio approach or a discounted cash flows analysis. Where applicable, 3M used a
weighted-average discounted cash flow analysis for certain divisions, using projected cash flows that were
41
[Page 42]
Table of Contents 
weighted based on different sales growth and terminal value assumptions, among other factors. The weighting was based on management’s estimates of the
likelihood of each scenario occurring.
 
3M is a highly integrated enterprise, where businesses share technology and leverage common fundamental strengths and capabilities, thus many of 3M’s

CONTEXT 5 (3M_2018_10K.pdf):
648  
Total intangible assets — net
 
$
2,657  
$
2,936  
 
77
[Page 78]
Table of Contents 
Certain tradenames acquired by 3M are not amortized because they have been in existence for over 55 years, have a history of leading-market share
positions, have been and are intended to be continuously renewed, and the associated products of which are expected to generate cash flows for 3M for an
indefinite period of time.
 
Amortization expense for the years ended December 31 follows:
 
(Millions)
    
2018
    
2017
    
2016
 
Amortization expense
 
$
249  
$
238  
$
262  
 
Expected amortization expense for acquired amortizable intangible assets recorded as of December 31, 2018 follows:
 
 
  
 
  
 
  
 
  
 
  
 
 
After
 
(Millions)
 
2019
 
2020
 
2021
 
2022
 
2023
 
2023
 
Amortization expense
 $
240  $
228  $
219  $
205  $
174  $
950

CONTEXT 6 (3M_2018_10K.pdf):
preservation. 3M recorded a charge of $897 million ($710 million after-tax), inclusive of legal fees and other related obligations, in the first quarter of 2018
associated with the resolution of this matter. In the fourth quarter of 2018, 3M recorded a related $60 million tax expense resulting from the Company’s
ongoing IRS examination under the Compliance Assurance Process (CAP) and new guidance released under the Tax Cuts and Jobs Act. Also during the
first quarter of 2018, 3M recorded a tax expense of $217 million related to a measurement period adjustment to the provisional amounts recorded in
December 2017 from the enactment of the Tax Cuts and Jobs Act (TCJA). In the fourth quarter 2018, 3M finalized the tax impact related to TCJA with a
reversal of previously recorded tax expense in the amount of $41 million.
During the fourth quarter of 2017, 3M recorded a net tax expense of $762 million related to the enactment of the Tax Cuts and Jobs Act (TCJA). The

CONTEXT 7 (3M_2018_10K.pdf):
net debt as total debt less the total of cash, cash equivalents and current and long-term marketable securities. 3M believes net debt is meaningful to
investors as 3M considers net debt and its components to be important indicators of liquidity and financial position. The following table provides net debt
as of December 31, 2018 and 2017.
 
 
    
December 31,
  
2018 versus
 
(Millions)
 
2018
 
2017
 
2017
 
Total debt
 
$
14,622  $
13,949  $
673  
Less: Cash, cash equivalents and marketable securities
 
 
3,270   
4,156   
(886) 
Net debt (non-GAAP measure)
 
$
11,352  $
9,793  $
1,559  
 
Refer to the preceding “Total Debt” and “Cash, Cash Equivalents and Marketable Securities” sections for additional details. 
 
Balance Sheet:
 
3M’s strong balance sheet and liquidity provide the Company with significant flexibility to fund its numerous opportunities going forward. The Company

CONTEXT 8 (3M_2018_10K.pdf):
price/earnings ratio for comparable industry groups, or by using a discounted cash flow analysis. 3M typically uses the price/earnings ratio approach for
stable and growing businesses that have a long history and track record of generating positive operating income and cash flows. 3M uses the discounted
cash flow approach for start-up, loss position and declining businesses, in addition to using for businesses where the price/earnings ratio valuation method
indicates additional review is warranted. 3M also uses discounted cash flow as an additional tool for businesses that may be growing at a slower rate than
planned due to economic or other conditions.
 
As described in Note 18, effective in the first quarter of 2018, 3M made business segment reporting changes. For any product moves that resulted in
reporting unit changes, the Company applied the relative fair value method to determine the impact on goodwill of the associated reporting units. During the

CONTEXT 9 (3M_2018_10K.pdf):
businesses could not easily be sold on a stand-alone basis. 3M’s focus on research and development has resulted in a portion of 3M’s value being comprised
of internally developed businesses that have no goodwill associated with them. Based on the annual test in the fourth quarter of 2018, no goodwill
impairment was indicated for any of the reporting units.
 
Factors which could result in future impairment charges include, among others, changes in worldwide economic conditions, changes in competitive
conditions and customer preferences, and fluctuations in foreign currency exchange rates. These risk factors are discussed in Item 1A, “Risk Factors,” of
this document. In addition, changes in the weighted average cost of capital could also impact impairment testing results. As indicated above, during the first
quarter of 2018, the Company completed its assessment of any potential goodwill impairment for reporting units impacted by changes between reporting

CONTEXT 10 (3M_2018_10K.pdf):
billion at December 31, 2018. In addition, as of December 31, 2018, the Company had 4.1 billion Euros in principal amount of foreign currency
denominated debt designated as non-derivative hedging instruments in certain net investment hedges as discussed in Note 14 in the “Net Investment
Hedges” section.
 
Interest Rates Risk:
 
The Company may be impacted by interest rate volatility with respect to existing debt and future debt issuances. 3M manages interest rate risk and expense
using a mix of fixed and floating rate debt. In addition, the Company may enter into interest rate swaps that are designated and qualify as fair value hedges.
Under these arrangements, the Company agrees to exchange, at specified intervals, the difference between fixed and floating interest amounts calculated by
reference to an agreed-upon notional principal amount. The dollar equivalent (based on inception date foreign currency exchange rates) gross notional

CONTEXT 11 (3M_2018_10K.pdf):
monitoring. In addition, 3M divested a polymer additives compounding business, formerly part of the Company’s Industrial business, and reflected a gain
on final closing adjustments from a prior divestiture which, in aggregate, were not material. These divestitures resulted in a gain on sale of businesses of
$24 million. 3M also divested an abrasives glass products business, formerly part of the Company’s Industrial business, which resulted in a gain on sale of
less than $15 million in the second quarter of 2018. Also, 3M reflected an immaterial gain from an earnout on a previous divestiture in the fourth quarter of
2018.
 
In June 2018, 3M completed the sale of substantially all of its Communication Markets Division to Corning Incorporated. This business, with annual sales
of approximately $400 million, consists of optical fiber and copper passive connectivity solutions for the telecommunications industry including 3M’s

CONTEXT 12 (3M_2018_10K.pdf):
units and determined that no impairment existed. Long-lived assets with a definite life are reviewed for impairment whenever events or changes in
circumstances indicate that the carrying amount of an asset (asset group) may not be recoverable. If future non-cash asset impairment charges are taken, 3M
would expect that only a portion of the long-lived assets or goodwill would be impaired. 3M will continue to monitor its reporting units and asset groups in
2019 for any triggering events or other indicators of impairment.
 
 Income Taxes:
 
The extent of 3M’s operations involves dealing with uncertainties and judgments in the application of complex tax regulations in a multitude of
jurisdictions. The final taxes paid are dependent upon many factors, including negotiations with taxing authorities in various jurisdictions and resolution of

CONTEXT 13 (3M_2018_10K.pdf):
quarter repayment of maturing medium-term notes, the net impact of repayments and borrowings of international subsidiaries along with foreign currency
effects, and lower year on year commercial paper balance. Outstanding commercial paper was $435 million at December 31, 2018, as compared to $745
million at December 31, 2017. Net commercial paper issuances and repayments and borrowings by international subsidiaries are largely reflected in
“Change in short-term debt – net” in the preceding table. 3M’s primary short-term liquidity needs are met through cash on hand and U.S. commercial paper
issuances.
 
Proceeds from debt for 2018 primarily relate to the September 2018, issuance of $400 million aggregate principal amount of 3-year fixed rate medium-term
notes due 2021 with a coupon rate of 3.00%, $300 million aggregate principal amount of 5.5-year fixed rate medium-term notes due 2024 with a coupon

CONTEXT 14 (3M_2018_10K.pdf):
[Page 1]
low
 
UNITED STATES
SECURITIES AND EXCHANGE COMMISSION
Washington, D.C. 20549
 
FORM 10-K
 
☒   ANNUAL REPORT PURSUANT TO SECTION 13 OR 15(d) OF THE
SECURITIES EXCHANGE ACT OF 1934
For the fiscal year ended December 31, 2018
 
Commission file number 1-3285
 
3M COMPANY
State of Incorporation: Delaware
 
I.R.S. Employer Identification No. 41-0417775
Principal executive offices: 3M Center, St. Paul, Minnesota 55144
Telephone number: (651) 733-1110
 
SECURITIES REGISTERED PURSUANT TO SECTION 12(b) OF THE ACT:
Title of each class
 
Name of each exchange
on which registered
Common Stock, Par Value $.01 Per Share
 
1.500% Notes due 2026
Floating Rate Notes due 2020
0.375% Notes due 2022
0.950% Notes due 2023
1.750% Notes due 2030
1.500% Notes due 2031
 
New York Stock Exchange, Inc.
Chicago Stock Exchange, Inc.
New York Stock Exchange, Inc.
New York Stock Exchange, Inc.
New York Stock Exchange, Inc.
New York Stock Exchange, Inc.
New York Stock Exchange, Inc.

CONTEXT 15 (3M_2018_10K.pdf):
income that will be amortized over the respective lives of the debt.
 
As of December 31, 2018, the Company had a balance of $64 million associated with the after tax net unrealized gain associated with cash flow hedging
instruments recorded in accumulated other comprehensive income. This includes a remaining balance of $7 million (after tax loss) related to forward
starting interest rate swaps, which will be amortized over the respective lives of the notes. Based on exchange rates as of December 31, 2018, 3M expects to
reclassify approximately $55 million and $15 million of the after-tax net unrealized foreign exchange cash flow hedging gains to earnings in 2019 and
2020, respectively, and approximately $6 million of the after-tax net unrealized foreign exchange cash flow hedging losses to earnings after 2020 (with the
impact offset by earnings/losses from underlying hedged items).

CONTEXT 16 (3M_2018_10K.pdf):
had valuation allowances of $67 million and $81 million on its deferred tax assets, respectively. The Company recognizes and measures its uncertain tax
positions based on the rules under ASC 740, Income Taxes.
 
Earnings per share: The difference in the weighted average 3M shares outstanding for calculating basic and diluted earnings per share attributable to 3M
common shareholders is the result of the dilution associated with the Company’s stock-based compensation plans. Certain options outstanding under these
stock-based compensation plans during the years 2018, 2017 and 2016 were not included in the computation of diluted earnings per share attributable to 3M
common shareholders because they would have had an anti-dilutive effect (2.9 million average options for 2018, 0.8 million average options for 2017, and
3.6 million average options for 2016). The computations for basic and diluted earnings per share for the years ended December 31 follow:
 
Earnings Per Share Computations

CONTEXT 17 (3M_2018_10K.pdf):
pension plan, the expected long-term rate of return on an annualized basis for 2019 is 7.00%. The primary U.S. qualified pension plan year-end 2018
discount rate was 4.36%, up 0.68 percentage points from the year-end 2017 discount rate of 3.68%. The increase in U.S. discount rates resulted in a
decrease valuation of the projected benefit obligation (PBO). The primary U.S. qualified pension plan’s funded status increased 2 percentage points in 2018
due to the lower PBO resulting from the significant discount rate increase and a $200 million contribution to the plan. Additional detail and discussion of
international plan asset returns and discount rates is provided in Note 13 (Pension and Postretirement Benefit Plans).
 
3M expects to contribute approximately $100 million to $200 million of cash to its global defined benefit pension and postretirement plans in 2019. The

CONTEXT 18 (3M_2018_10K.pdf):
continue to be incurred under the contract for its remaining term without economic benefit to the Company. Asset impairment charges related to intangible
assets and property, plant and equipment reflect the excess of the assets’ carrying values over their fair values.
 
Revenue (sales) recognition: 3M adopted ASU No. 2014-09, Revenue from Contracts with Customers, and other related ASUs (collectively, ASC 606,
Revenue from Contracts with Customers) on January 1, 2018 using the modified retrospective transition approach. See additional disclosure relative to
adoption of this ASU in Note 2.
 
The Company sells a wide range of products to a diversified base of customers around the world and has no material concentration of credit risk or
significant payment terms extended to customers. The vast majority of 3M’s customer arrangements contain a single performance obligation to transfer

CONTEXT 19 (3M_2018_10K.pdf):
business, formerly part of the Company’s Industrial business, and reflected a gain on final closing adjustments from a prior divestiture which, in aggregate,
were not material. In May 2018, 3M divested an abrasives glass products business, formerly part of the Company’s Industrial business, with annual sales of
approximately $10 million. The transaction resulted in a pre-tax gain of less than $15 million. The Company also reflected an immaterial gain in the fourth
quarter from an earnout on a previous divestiture.
In June 2018, 3M completed the sale of substantially all of its Communication Markets Division to Corning Incorporated. This business, with annual sales
of approximately $400 million, consists of optical fiber and copper passive connectivity solutions for the telecommunications industry including 3M’s
xDSL, FTTx, and structured cabling solutions and, in certain countries, telecommunications system integration services. 3M received cash proceeds of $772

CONTEXT 20 (3M_2018_10K.pdf):
cash. The first quarter of each year is typically 3M’s seasonal low for free cash flow and free cash flow conversion. Below find a recap of free cash flow and
free cash flow conversion for 2018, 2017 and 2016.
 
In 2018, free cash flow conversion was impacted by the $176 million measurement period adjustment to the tax expense recorded in December 2017 from
the enactment of the TCJA, the $897 million pre-tax impact related to the resolution of the Minnesota natural resource damages (NRD), and the $381
million pre-tax impact from the gain on sale of the Communication Markets Division, net of restructuring actions related to addressing corporate functional
costs following the divestiture. On a combined basis, these items reduced free cash flow conversion by 2 percentage points.
 
In 2017, free cash flow conversion was impacted by enactment of the TCJA, along with an additional U.S. pension contribution of $600 million that 3M

CONTEXT 21 (3M_2018_10K.pdf):
outside of operating income. See Note 1 for additional details.
 
The following tables include a reconciliation of the beginning and ending balances of the benefit obligation and the fair value of plan assets as well as a
summary of the related amounts recognized in the Company’s consolidated balance sheet as of December 31 of the respective years. 3M also has certain
non-qualified unfunded pension and postretirement benefit plans, inclusive of plans related to supplement/excess benefits for employees impacted by
particular relocations and other matters, that individually and in the aggregate are not significant and which are not included in the tables that follow. The
obligations for these plans are included within other liabilities in the Company’s consolidated balance sheet and aggregated less than $40 million as of
December 31, 2018 and 2017.
91
[Page 92]
Table of Contents 
 
 
 
Qualified and Non-qualified
  
 
  
 
 
 
 
Pension Benefits
 
Postretirement
 
 
 
United States

CONTEXT 22 (3M_2018_10K.pdf):
assessment of hedge effectiveness, and requires additional tabular disclosures of derivative and hedge-related information. For 3M, this ASU is effective
January 1, 2019, with a modified retrospective transition resulting in a cumulative-effect adjustment recorded to the opening balance of retained earnings as
of the adoption date. The Company does not expect this ASU to have a material impact on 3M’s consolidated results of operations and financial condition.
 
In February 2018, the FASB issued ASU No. 2018-02, Reclassification of Certain Tax Effects from Accumulated Other Comprehensive Income, which
permits entities to reclassify, to retained earnings, the one-time income tax effects stranded in accumulated other comprehensive income (AOCI) arising
from the change in the U.S. federal corporate tax rate as a result of the Tax Cuts and Jobs Act of 2017. An entity that elects to make this reclassification

ANSWER:
Based on the Consolidated Balance Sheet as of December 31, 2018, the net property, plant and equipment (PP&E) is as follows:

Property, plant and equipment — net: $8,738 million

To convert this to USD billions:
$8,738 million / 1,000 = $8.738 billion

The year end FY2018 net PP&E for 3M is $8.738 billion.

GOLD:
$8.70

JUSTIFICATION:
The metric ppne, net was directly extracted from the company 10K. The line item name, as seen in the 10K, was: Property, plant and equipment â net.

================================================================================
[3/10]

QUESTION:
Is 3M a capital-intensive business based on FY2022 data?

CONTEXT 1 (3M_2022_10K.pdf):
as an indication of the strength of the company and its ability to generate cash. Free cash flow and free cash flow conversion vary across quarters throughout the year. Below
find a recap of free cash flow and free cash flow conversion.
Refer to the preceding “Cash Flows from Operating Activities” and “Cash Flows from Investing Activities” sections for discussion of items that impacted the operating cash
flow and purchases of PP&E components of the calculation of free cash flow. Refer to the preceding “Results of Operations” section for discussion of items that impacted the net
income attributable to 3M component of the calculation of free cash flow conversion.
Year ended December 31, (Millions)
2022
2021
Major GAAP Cash Flow Categories
Net cash provided by (used in) operating activities
$
5,591
$
7,454
Net cash provided by (used in) investing activities
(1,046)
(1,317)
Net cash provided by (used in) financing activities
(5,350)
(6,145)
Free Cash Flow (non-GAAP measure)

CONTEXT 2 (3M_2022_10K.pdf):
in its operations to drive growth, including continual review of acquisition opportunities.
The Company uses working capital measures that place emphasis and focus on certain working capital assets, such as accounts receivable and inventory activity.
Working capital (non-GAAP measure):
December 31,
(Millions)
2022
2021
Change
Current assets
$
14,688 $
15,403 $
(715)
Less: Current liabilities
9,523
9,035
488
Working capital (non-GAAP measure)
$
5,165 $
6,368 $
(1,203)
Various assets and liabilities, including cash and short-term debt, can fluctuate significantly from month to month depending on short-term liquidity needs. Working capital is
not defined under U.S. generally accepted accounting principles and may not be computed the same as similarly titled measures used by other companies. The Company defines
working capital as current assets minus current liabilities. 3M believes working capital is meaningful to investors as a measure of operational efficiency and short-term financial

CONTEXT 3 (3M_2022_10K.pdf):
$
(1,749) $
(1,603)
Proceeds from sale of PP&E and other assets
200 
51 
Purchases and proceeds from maturities and sale of marketable securities and investments, net
11 
204 
Proceeds from sale of businesses, net of cash sold
13 
— 
Cash payment from Food Safety business split-off, net of divested cash
478 
— 
Other — net
1 
31 
Net cash provided by (used in) investing activities
$
(1,046) $
(1,317)
Investments in property, plant and equipment enable growth across many diverse markets, helping to meet product demand and increasing manufacturing efficiency. The
Company expects 2023 capital spending to be approximately $1.5 billion to $1.8 billion as 3M continues to invest in growth, productivity and sustainability.
3M records capital-related government grants earned as reductions to the cost of property, plant and equipment; and associated unpaid liabilities and grant proceeds receivable

CONTEXT 4 (3M_2022_10K.pdf):
current portion of long-term debt).
Credit Facilities
3M has an amended and restated $3.0 billion five year revolving credit facility expiring in November 2024. The revolving credit agreement includes a provision under which
3M may request an increase of up to $1.0 billion (at lender’s discretion), bringing the total facility up to $4.0 billion. In addition, 3M entered into a $1.25 billion 364-day credit
facility, which was renewed in November 2022 with an expiration date of November 2023. The 364-day credit agreement includes a provision under which 3M may convert any
advances outstanding on the maturity date into term loans having a maturity date one year later. These credit facilities were undrawn at December 31, 2022. Under both the $3.0
billion and $1.25 billion credit agreements, the Company is required to maintain its EBITDA to Interest Ratio as of the end of each fiscal quarter at not less than 3.0 to 1. This is

CONTEXT 5 (3M_2022_10K.pdf):
development, product and manufacturing support, product development and technology development aimed at disruptive innovations.
Gain on Business Divestitures:
In the third quarter of 2022, 3M recorded a pre-tax gain of $2.7 billion ($2.7 billion after tax) related to the split-off and combination of its Food Safety business with Neogen
Corporation. Refer to Note 3 for further details.
Goodwill Impairment Expense:
As a result of 3M's commitment to exit per- and polyfluoroalkyl substance (PFAS) manufacturing, 3M recorded a goodwill impairment charge related to the Advanced
Materials reporting unit (within the Transportation and Electronics business). Refer to Note 15 for further details.
27
[Page 28]
Table of Contents
Other Expense (Income), Net:
See Note 6 for a detailed breakout of this line item.
Interest expense (net of interest income) decreased in 2022 compared to the same period year-on-year driven by debt maturities in the ordinary course and interest income on

CONTEXT 6 (3M_2022_10K.pdf):
Additional information about results of operations and financial condition for 2021 and 2020 can be found in “Management’s Discussion and Analysis of Financial Condition
and Results of Operations” sections in 3M's Current Report on Form 8-K dated April 26, 2022 (which updated 3M's 2021 Annual Report on Form 10-K).
OVERVIEW
3M is a diversified global manufacturer, technology innovator and marketer of a wide variety of products and services. Effective in the first quarter of 2022, 3M made the
following changes:
•
Changes in measure of segment operating performance used by 3M’s chief operating decision maker—impacting 3M’s disclosed measure of segment profit/loss
(business segment operating income). See additional information in Note 19. 3M's disclosed disaggregated revenue was also updated as a result of the changes in
segment reporting. See additional information in Note 2.
•

CONTEXT 7 (3M_2022_10K.pdf):
Contingencies).
Environmental expenditures relating to existing conditions caused by past operations that do not contribute to current or future revenues are expensed. Reserves for liabilities for
anticipated remediation costs are recorded on an undiscounted basis when they are probable and reasonably estimable, generally no later than the completion of feasibility
studies, the Company’s commitment to a plan of action, or approval by regulatory agencies. Environmental expenditures for capital projects that contribute to current or future
operations generally are capitalized and depreciated over their estimated useful lives.
In 2022, 3M expended approximately $317 million on capital projects for environmental purposes as defined below. Capital projects for environmental purposes include waste
reduction and pollution control programs such as, water usage reduction and water quality improvement equipment, scrubbers, containment structures, solvent recovery units

CONTEXT 8 (3M_2022_10K.pdf):
[Table — page 50]
Assets |  |  |  |  |  | 
Current assets |  |  |  |  |  | 
Cash and cash equivalents |  | $ | 3,655 |  | $ | 4,564
Marketable securities — current |  | 238 |  |  | 201 | 
Accounts receivable — net of allowances of $174 and $189 |  | 4,532 |  |  | 4,660 | 
Inventories |  |  |  |  |  | 
Finished goods |  | 2,497 |  |  | 2,196 | 
Work in process |  | 1,606 |  |  | 1,577 | 
Raw materials and supplies |  | 1,269 |  |  | 1,212 | 
Total inventories |  | 5,372 |  |  | 4,985 | 
Prepaids |  | 435 |  |  | 654 | 
Other current assets |  | 456 |  |  | 339 | 
Total current assets |  | 14,688 |  |  | 15,403 | 
Property, plant and equipment |  | 25,998 |  |  | 27,213 | 
Less: Accumulated depreciation |  | (16,820) |  |  | (17,784) | 
Property, plant and equipment — net |  | 9,178 |  |  | 9,429 | 
Operating lease right of use assets |  | 829 |  |  | 858 | 
Goodwill |  | 12,790 |  |  | 13,486 | 
Intangible assets — net |  | 4,699 |  |  | 5,288 | 
Other assets |  | 4,271 |  |  | 2,608 | 
Total assets |  | $ | 46,455 |  | $ | 47,072
Liabilities |  |  |  |  |  | 
Current liabilities |  |  |  |  |  | 
Short-term borrowings and current portion of long-term debt |  | $ | 1,938 |  | $ | 1,307
Accounts payable |  | 3,183 |  |  | 2,994 | 
Accrued payroll |  | 692 |  |  | 1,020 | 
Accrued income taxes |  | 259 |  |  | 260 | 
Operating lease liabilities — current |  | 261 |  |  | 263 | 
Other current liabilities |  | 3,190 |  |  | 3,191 | 
Total current liabilities |  | 9,523 |  |  | 9,035 | 
Long-term debt |  | 14,001 |  |  | 16,056 | 
Pension and postretirement benefits |  | 1,966 |  |  | 2,870 | 
Operating lease liabilities |  | 580 |  |  | 591 | 
Other liabilities |  | 5,615 |  |  | 3,403 | 
Total liabilities |  | 31,685 |  |  | 31,955 | 
Commitments and contingencies (Note 16) |  |  |  |  |  | 
Equity |  |  |  |  |  | 
3M Company shareholders’ equity: |  |  |  |  |  | 
Common stock par value, $.01 par value; 944,033,056 shares issued |  | 9 |  |  | 9 | 
Shares outstanding - December 31, 2022: 549,245,105 |  |  |  |  |  | 
Shares outstanding - December 31, 2021: 571,845,478 |  |  |  |  |  | 
Additional paid-in capital |  | 6,691 |  |  | 6,429 | 
Retained earnings |  | 47,950 |  |  | 45,821 | 
Treasury stock, at cost: |  | (33,255) |  |  | (30,463) | 
Accumulated other comprehensive income (loss) |  | (6,673) |  |  | (6,750) | 
Total 3M Company shareholders’ equity |  | 14,722 |  |  | 15,046 | 
Noncontrolling interest |  | 48 |  |  | 71 | 
Total equity |  | 14,770 |  |  | 15,117 | 
Total liabilities and equity |  | $ | 46,455 |  | $ | 47,072

CONTEXT 9 (3M_2022_10K.pdf):
capital in accordance with the Company's stated priorities and meet needs associated with contractual commitments and other obligations. Investing in 3M’s business to drive
organic growth and deliver strong returns on invested capital remains the first priority for capital deployment. This includes research and development, capital expenditures, and
commercialization capability. The Company also continues to actively manage its portfolio through acquisitions and divestitures to maximize value for shareholders. 3M
expects to continue returning cash to shareholders through dividends and share repurchases. To fund cash needs in the United States, the Company relies on ongoing cash flow
from U.S. operations, access to capital markets and repatriation of the earnings of its foreign affiliates that are not considered to be permanently reinvested. For those

CONTEXT 10 (3M_2022_10K.pdf):
in four business segments: Safety and Industrial; Transportation and Electronics; Health Care; and Consumer. 3M’s four business segments bring together common or related
3M technologies, enhancing the development of innovative products and services and providing for efficient sharing of business resources. In July 2022, 3M announced its
intention to spin off the Health Care business as a separate public company (see Note 3 for additional information). Transactions among reportable segments are recorded at
cost. 3M is an integrated enterprise characterized by substantial intersegment cooperation, cost allocations and inventory transfers. Therefore, management does not represent
that these segments, if operated independently, would report the operating income information shown.
3M discloses business segment operating income as its measure of segment profit/loss, reconciled to both total 3M operating income and income before taxes. Business segment

CONTEXT 11 (3M_2022_10K.pdf):
2022, 3M had 21 primary reporting units, with ten reporting units accounting for approximately 94 percent of the goodwill. These ten reporting units were comprised of the
following divisions: Advanced Materials, Display Materials and Systems, Electronics Materials Solutions, Health Information Systems, Industrial Adhesives and
Tapes, Medical Solutions, Oral Care, Personal Safety, Separation and Purification Sciences, and Transportation Safety.
3M is a highly integrated enterprise, where businesses share technology and leverage common fundamental strengths and capabilities, thus many of 3M’s businesses could not
easily be sold on a stand-alone basis. 3M’s focus on research and development has resulted in a portion of 3M’s value being comprised of internally developed businesses.
Following the annual impairment test, as a result of 3M's December 2022 announced commitment to a plan to exit per- and polyfluoroalkyl substance (PFAS) manufacturing as

CONTEXT 12 (3M_2022_10K.pdf):
international earnings still considered to be reinvested indefinitely, the Company currently has no plans or intentions to repatriate these funds for U.S. operations. See Note 10
for further information on earnings considered to be reinvested indefinitely.
3M maintains a strong liquidity profile. The Company’s primary short-term liquidity needs are met through cash on hand and U.S. commercial paper issuances. 3M believes it
will have continuous access to the commercial paper market. 3M’s commercial paper program permits the Company to have a maximum of $5 billion outstanding with a
maximum maturity of 397 days from date of issuance. The Company had no commercial paper outstanding at December 31, 2022 and December 31, 2021.
Total debt:
The strength of 3M’s credit profile and significant ongoing cash flows provide 3M proven access to capital markets. Additionally, the Company’s debt maturity profile is

CONTEXT 13 (3M_2022_10K.pdf):
$623 million in 2022, compared to an operating cash flow decrease of $507 million in 2021. Additional discussion on working capital changes is provided earlier in the
“Financial Condition and Liquidity” section. The 2022 second quarter pre-tax charge of approximately $1.2 billion related to steps toward resolving Combat Arms Earplugs
litigation (discussed in Note 16) largely impacted the 2022 net income component above, with offsets in the other-net and deferred tax elements. The 2022 non-cash impairment
expenses added back to net income in arriving at net cash provided by operating activities above primarily relate to 3M's commitment to a plan to exit per- and polyfluoroalkyl
substance (PFAS) manufacturing as described in Note 15.
Cash Flows from Investing Activities:
Year ended December 31, (Millions)
2022
2021
Purchases of property, plant and equipment (PP&E)
$
(1,749) $
(1,603)
Proceeds from sale of PP&E and other assets
200 
51

CONTEXT 14 (3M_2022_10K.pdf):
Purchases of marketable securities and investments and proceeds from maturities and sale of marketable securities and investments are primarily attributable to certificates of
deposit/time deposits, commercial paper, and other securities, which are classified as available-for-sale. Refer to Note 11 for more details about 3M’s diversified marketable
securities portfolio. Purchases of investments include additional survivor benefit insurance, plus investments in equity securities.
Cash Flows from Financing Activities:
Year ended December 31, (Millions)
2022
2021
Change in short-term debt — net
$
340 $
(2)
Repayment of debt (maturities greater than 90 days)
(1,179)
(1,144)
Proceeds from debt (maturities greater than 90 days)
1 
1 
Total cash change in debt
(838)
(1,145)
Purchases of treasury stock
(1,464)
(2,199)
Proceeds from issuances of treasury stock pursuant to stock option and benefit plans
381 
639 
Dividends paid to shareholders
(3,369)
(3,420)
Other — net
(60)
(20)

CONTEXT 15 (3M_2022_10K.pdf):
less the total of cash, cash equivalents and current and long-term marketable securities. 3M believes net debt is meaningful to investors as 3M considers net debt and its
components to be important indicators of liquidity and financial position. The following table provides net debt as of December 31, 2022 and 2021.
December 31,
(Millions)
2022
2021
Change
Total debt
$
15,939 $
17,363 $
(1,424)
Less: Cash, cash equivalents and marketable securities
3,916
4,792
(876)
Net debt (non-GAAP measure)
$
12,023 $
12,571 $
(548)
Refer to the preceding “Total Debt” and “Cash, Cash Equivalents and Marketable Securities” sections for additional details.
Balance Sheet:
3M’s strong balance sheet and liquidity provide the Company with significant flexibility to fund its numerous opportunities going forward. The Company will continue to invest
in its operations to drive growth, including continual review of acquisition opportunities.

CONTEXT 16 (3M_2022_10K.pdf):
[Page 1]
Table of Contents
UNITED STATES
SECURITIES AND EXCHANGE COMMISSION
Washington, D.C. 20549
FORM 10-K
 ANNUAL REPORT PURSUANT TO SECTION 13 OR 15(d) OF THE SECURITIES EXCHANGE ACT OF 1934
For the fiscal year ended December 31, 2022
or
o TRANSITION REPORT PURSUANT TO SECTION 13 OR 15(d) OF THE SECURITIES EXCHANGE ACT OF 1934
For the transition period from __________ to __________
Commission file number 1-3285
3M COMPANY
State of Incorporation: Delaware
I.R.S. Employer Identification No. 41-0417775
Principal executive offices: 3M Center, St. Paul, Minnesota 55144
Telephone number: (651) 733-1110
Securities registered pursuant to Section 12(b) of the Act:
Title of each class
Trading Symbol(s)
Name of each exchange on which registered
Common Stock, Par Value $.01 Per Share
MMM
New York Stock Exchange
MMM
Chicago Stock Exchange, Inc.
0.950% Notes due 2023
MMM23
New York Stock Exchange
1.500% Notes due 2026
MMM26
New York Stock Exchange
1.750% Notes due 2030
MMM30

CONTEXT 17 (3M_2022_10K.pdf):
technological alignment and optimization of capital deployment, in addition to considering if selling the businesses results in the greatest value creation for the Company and for
shareholders. As discussed in Note 19 (Business Segments), gains/losses on business divestitures are reflected in Corporate and Unallocated.
2022 divestitures and previously announced divestitures:
In March 2022, 3M completed the sale of its floor products business in Western Europe, formerly part of the Consumer business, for immaterial proceeds that approximated the
business's book value.
In July 2022, 3M announced its intention to spin off the Health Care business as a separate public company. 3M expects to initially retain an ownership position of 19.9% in the
business, which 3M intends to monetize over time. The Company expects to complete the transaction, which is intended to be tax-free for U.S. federal income tax purposes, by

CONTEXT 18 (3M_2022_10K.pdf):
1,012 
1,880 
1,701 
Health Care
1,815 
2,037 
1,662 
Consumer
994 
1,162 
1,119 
Total business segment operating income
5,020 
7,545 
7,070 
Corporate and Unallocated
Corporate special items:
Net costs for significant litigation
(877)
(214)
(148)
Divestiture costs
(60)
— 
— 
Gain on business divestitures
2,724 
— 
389 
Divestiture-related restructuring actions
(41)
— 
(55)
Russia exit charges
(109)
— 
— 
Total corporate special items
1,637 
(214)
186 
Other corporate expense - net
(118)
38 
(95)
Total Corporate and Unallocated
1,519 
(176)
91 
Total Company operating income
6,539 
7,369 
7,161 
Other expense/(income), net
147 
165 
366 
Income before income taxes
$
6,392 $
7,204 $
6,795 
Assets
Depreciation & Amortization
Capital Expenditures
(Millions)
2022
2021
2022
2021
2020
2022
2021
2020
Safety and Industrial
$
11,730 $
11,744 $
566 $
593 $
562 $
512 $
339 $
451 
Transportation and Electronics
6,453 
6,999 
410 
419 
429 
562 
453 
454 
Health Care
13,343 
14,055

CONTEXT 19 (3M_2022_10K.pdf):
manufacturing operations, 3M deployed careful management of existing raw material inventories, strategic relationships with key suppliers, and qualification of additional
supply sources. 3M manages spend category price risks through negotiated supply contracts and price protection agreements. In addition, 3M evaluates suppliers’ conformance
with environmental and social compliance requirements. Overall, on a consolidated basis, 3M experienced net raw material price inflation in 2022.
6
[Page 7]
Table of Contents
Patents, Trademarks and Licenses
The Company’s products are sold around the world under various trademarks. The Company also owns, or holds licenses to use, numerous U.S. and foreign patents. The
Company’s research and development activities generate a steady stream of inventions that are covered by new patents or trade secrets. Patents applicable to specific products

CONTEXT 20 (3M_2022_10K.pdf):
[Page 50]
Table of Contents
3M Company and Subsidiaries
Consolidated Balance Sheet
At December 31
(Dollars in millions, except per share amount)
2022
2021
Assets
Current assets
Cash and cash equivalents
$
3,655 $
4,564 
Marketable securities — current
238 
201 
Accounts receivable — net of allowances of $174 and $189
4,532 
4,660 
Inventories
Finished goods
2,497 
2,196 
Work in process
1,606 
1,577 
Raw materials and supplies
1,269 
1,212 
Total inventories
5,372 
4,985 
Prepaids
435 
654 
Other current assets
456 
339 
Total current assets
14,688 
15,403 
Property, plant and equipment
25,998 
27,213 
Less: Accumulated depreciation
(16,820)
(17,784)
Property, plant and equipment — net
9,178 
9,429 
Operating lease right of use assets
829 
858 
Goodwill
12,790 
13,486 
Intangible assets — net
4,699 
5,288 
Other assets
4,271 
2,608 
Total assets
$
46,455 $
47,072 
Liabilities
Current liabilities
Short-term borrowings and current portion of long-term debt
$
1,938 $
1,307

CONTEXT 21 (3M_2022_10K.pdf):
— 
(8.0)
Goodwill impairment expense
0.8 
— 
0.8 
Operating income margin
19.1 %
20.8 %
(1.7)%
The Company is continuing the ongoing deployment of an enterprise resource planning (ERP) system on a worldwide basis, with these investments impacting cost of sales,
SG&A, and R&D.
Cost of Sales:
Cost of sales, measured as a percent of sales, increased in 2022 when compared to the same period last year. Increases were primarily due to 2022 special item costs for
significant litigation from additional commitments to address PFAS-related matters at 3M's Zwijndrecht, Belgium site (discussed in Note 16), higher raw materials and logistics
costs, manufacturing productivity headwinds which were further magnified by the shutdown of certain operations in Belgium and progress on restarting previously-idled
operations, and investments in growth, productivity and sustainability. On a percent of sales basis, these increases were partially offset by increases in selling prices.

CONTEXT 22 (3M_2022_10K.pdf):
In November 2018, 3M’s Board of Directors replaced the Company’s February 2016 repurchase program with a new repurchase program. This new program authorizes the
repurchase of up to $10 billion of 3M’s outstanding common stock, with no pre-established end date. In 2022, the Company purchased $1.5 billion of its own stock, compared
to $2.2 billion of stock purchases in 2021. As of December 31, 2022, approximately $4.2 billion remained available under the authorization. In February 2023, 3M’s Board of
Directors declared a first-quarter 2023 dividend of $1.50 per share, an increase of 1 percent. This marked the 65th consecutive year of dividend increases for 3M.
Raw materials:
Refer to the section entitled “Raw materials” in Item 1 for discussion of 3M's sources and availability of raw materials in 2022.
Pension and postretirement defined benefit/contribution plans:

ANSWER:
Based on the provided document for FY2022, the following data relates to 3M's capital investment and asset structure:

*   **Purchases of property, plant and equipment (PP&E):** $1,749 million
*   **Net cash provided by operating activities:** $5,591 million
*   **Property, plant and equipment — net (as of December 31, 2022):** $9,178 million
*   **Total assets (as of December 31, 2022):** $46,455 million
*   **Capital projects for environmental purposes (2022):** approximately $317 million

**Calculations:**
*   **Capital Expenditures as a percentage of Operating Cash Flow:** $1,749 / $5,591 = 0.31282418172 (approximately 31.28%)
*   **Net PP&E as a percentage of Total Assets:** $9,178 / $46,455 = 0.19756753847 (approximately 19.76%)

The document describes 3M as a "diversified global manufacturer" and states that "investments in property, plant and equipment enable growth across many diverse markets, helping to meet product demand and increasing manufacturing efficiency." For 2023, the company expects capital spending to be approximately $1.5 billion to $1.8 billion.

GOLD:
No, the company is managing its CAPEX and Fixed Assets pretty efficiently, which is evident from below key metrics:
CAPEX/Revenue Ratio: 5.1%
Fixed assets/Total Assets: 20%
Return on Assets= 12.4%

JUSTIFICATION:
CAPEX/Revenue
Fixed Assets/Total Assets
ROA=Net Income/Total Assets

================================================================================
[4/10]

QUESTION:
What drove operating margin change as of FY2022 for 3M? If operating margin is not a useful metric for a company like this, then please state that and explain why.

CONTEXT 1 (3M_2022_10K.pdf):
— 
(8.0)
Goodwill impairment expense
0.8 
— 
0.8 
Operating income margin
19.1 %
20.8 %
(1.7)%
The Company is continuing the ongoing deployment of an enterprise resource planning (ERP) system on a worldwide basis, with these investments impacting cost of sales,
SG&A, and R&D.
Cost of Sales:
Cost of sales, measured as a percent of sales, increased in 2022 when compared to the same period last year. Increases were primarily due to 2022 special item costs for
significant litigation from additional commitments to address PFAS-related matters at 3M's Zwijndrecht, Belgium site (discussed in Note 16), higher raw materials and logistics
costs, manufacturing productivity headwinds which were further magnified by the shutdown of certain operations in Belgium and progress on restarting previously-idled
operations, and investments in growth, productivity and sustainability. On a percent of sales basis, these increases were partially offset by increases in selling prices.

CONTEXT 2 (3M_2022_10K.pdf):
Additional information about results of operations and financial condition for 2021 and 2020 can be found in “Management’s Discussion and Analysis of Financial Condition
and Results of Operations” sections in 3M's Current Report on Form 8-K dated April 26, 2022 (which updated 3M's 2021 Annual Report on Form 10-K).
OVERVIEW
3M is a diversified global manufacturer, technology innovator and marketer of a wide variety of products and services. Effective in the first quarter of 2022, 3M made the
following changes:
•
Changes in measure of segment operating performance used by 3M’s chief operating decision maker—impacting 3M’s disclosed measure of segment profit/loss
(business segment operating income). See additional information in Note 19. 3M's disclosed disaggregated revenue was also updated as a result of the changes in
segment reporting. See additional information in Note 2.
•

CONTEXT 3 (3M_2022_10K.pdf):
impacts.
Though 3M monitors relevant factors as well as options to mitigate potential impacts, it is not able to predict the extent to which these circumstances may have a material effect
on 3M’s consolidated results of operations or financial condition. Relevant risk factors can be found in Item 1A “Risk Factors” in this Annual Report on Form 10-K.
Operating income margin and earnings per share attributable to 3M common shareholders – diluted:
The following table provides the increases (decreases) in operating income margins and diluted earnings per share.
Year ended December 31,
2022
2021
Percent of net sales
Earnings per
diluted share
Percent of net sales
Earnings per
diluted share
Same period last year
20.8 % $
10.12 
22.3 % $
9.36 
Net costs for significant litigation
1.4 
0.61 
1.0 
0.37 
Gain on business divestitures
— 
— 
(1.2)
(0.52)
Divestiture-related restructuring actions
— 
— 
0.2 
0.08 
Total special items
1.4 
0.61 
— 
(0.07)

CONTEXT 4 (3M_2022_10K.pdf):
operating income excludes certain expenses and income that are not allocated to business segments (as described below in “Corporate and Unallocated”).
Effective in the first quarter of 2022, the measure of segment operating performance used by 3M’s chief operating decision maker (CODM) changed and, as a result, 3M’s
disclosed measure of segment profit/loss (business segment operating income (loss) ) was updated. The change to business segment operating income aligns with the update to
how the CODM assesses performance and allocates resources for the Company’s business segments. The changes included the items described below. The financial information
presented herein reflects the impact of these business segment reporting changes for all periods presented.
Effective in the first quarter of 2022:
Eliminating inclusion of dual credit in measure of segment operating performance

CONTEXT 5 (3M_2022_10K.pdf):
•
COVID-impacts recognized on certain assets in 2020.
•
In 2021, higher defined benefit pension and postretirement service cost increased expense year-on-year.
Raw material impact:
•
In 2022, 3M continued to experience inflationary pressures with year-on-year increases in raw material and logistics costs driven by many geopolitical, logistics, and
disruptive events that caused imbalance in the global supply chain.
•
In 2021, 3M experienced higher raw material, logistics, and outsourced manufacturing costs from strong end-market demand, ongoing COVID-19 and related global
supply chain challenges that were further magnified by extreme weather events, such as February 2021 winter storm Uri in the U.S.
Acquisitions/divestitures:
•
Divestiture impacts in 2022 include lost income from divested businesses and remaining stranded costs (net of transition arrangement income). 3M completed the split-

CONTEXT 6 (3M_2022_10K.pdf):
Russia exit charges:
•
In the third quarter of 2022, 3M recorded a charge primarily related to impairment of net assets in Russia in connection with management's committed exit and disposal
plan. Refer to Note 15 for further details.
PFAS manufacturing exit costs:
•
These costs relate to 3M's December 2022 commitment to a plan to exit PFAS manufacturing by the end of 2025. Charges for the applicable period relate to asset
impairments. These charges were reflected within the Transportation and Electronics business segment. Refer to Note 15 for further details.
23
[Page 24]
Table of Contents
Operating Income (Loss)
(Dollars in millions, except per share
amounts)
Safety and
Industrial
Safety and
Industrial
Margin
Transportation
and Electronics
Transportation
and Electronics
Margin
Total
Company
Total
Company
Margin
Income
Before Taxes
Provision for
Income
Taxes
Effective
Tax Rate
Net Income
Attributable
to 3M
Earnings
per Diluted
Share
Earnings per
diluted share
percent
change

CONTEXT 7 (3M_2022_10K.pdf):
a decrease of 0.4 percent percentage points from 2021 to 2022 and a decrease of 2.4 percentage points from 2020 to 2021.
Shares of common stock outstanding:
•
Lower shares outstanding increased earnings per share per diluted share for 2022, while higher shares outstanding decreased earnings per share diluted share for 2021.
Certain amounts adjusted for special items - (non-GAAP measures):
In addition to reporting financial results in accordance with U.S. GAAP, 3M also provides non-GAAP measures that adjust for the impacts of special items. For the periods
presented, special items include the items described below. Operating income, segment operating income (loss), income before taxes, net income, earnings per share, and the
effective tax rate are all measures for which 3M provides the reported GAAP measure and a measure adjusted for special items. The adjusted measures are not in accordance

CONTEXT 8 (3M_2022_10K.pdf):
•
In May 2020, 3M completed the sale of substantially all of its drug delivery business.
Business segment operating income margins increased year-on-year due to sales growth leverage and benefits from restructuring actions and lower related charges that were
partially offset by supply chain disruptions, increases in raw materials and logistics costs, deal-related costs associated with the announced divestiture of the food safety business
(see Note 3), manufacturing productivity impacts, increased compensation and benefit costs, and increased investments in growth.
32
[Page 33]
Table of Contents
Consumer Business (15.5% of consolidated sales):
2022
2021
Sales (millions)
$
5,298
$
5,513
Sales change analysis:
Organic sales
(0.9)
%
9.8 
%
Divestitures
(0.4)
— 
Translation
(2.6)
1.0 
Total sales change
(3.9)
%
10.8 
%
Business segment operating income (millions)
$
994
$
1,162
Percent change
(14.4)
%
3.8 
%
Percent of sales
18.8 
 %
21.1 
 %
Year 2022 results:

CONTEXT 9 (3M_2022_10K.pdf):
by approximately $30 million pre-tax when compared to 2022. Refer to “Critical Accounting Estimates” within MD&A and Note 13 (Pension and Postretirement Benefit Plans)
for additional information concerning 3M’s pension and post-retirement plans.
26
[Page 27]
Table of Contents
RESULTS OF OPERATIONS
Net Sales:
Refer to the preceding “Overview” section and the “Performance by Business Segment” section later in MD&A for additional discussion of sales change.
Operating Expenses:
(Percent of net sales)
2022
2021
Change
Cost of sales
56.2 %
53.2 %
3.0 %
Selling, general and administrative expenses (SG&A)
26.5 
20.4 
6.1 
Research, development and related expenses (R&D)
5.4 
5.6 
(0.2)
Gain on business divestitures
(8.0)
— 
(8.0)
Goodwill impairment expense
0.8 
— 
0.8 
Operating income margin
19.1 %
20.8 %
(1.7)%

CONTEXT 10 (3M_2022_10K.pdf):
in four business segments: Safety and Industrial; Transportation and Electronics; Health Care; and Consumer. 3M’s four business segments bring together common or related
3M technologies, enhancing the development of innovative products and services and providing for efficient sharing of business resources. In July 2022, 3M announced its
intention to spin off the Health Care business as a separate public company (see Note 3 for additional information). Transactions among reportable segments are recorded at
cost. 3M is an integrated enterprise characterized by substantial intersegment cooperation, cost allocations and inventory transfers. Therefore, management does not represent
that these segments, if operated independently, would report the operating income information shown.
3M discloses business segment operating income as its measure of segment profit/loss, reconciled to both total 3M operating income and income before taxes. Business segment

CONTEXT 11 (3M_2022_10K.pdf):
2022, 3M had 21 primary reporting units, with ten reporting units accounting for approximately 94 percent of the goodwill. These ten reporting units were comprised of the
following divisions: Advanced Materials, Display Materials and Systems, Electronics Materials Solutions, Health Information Systems, Industrial Adhesives and
Tapes, Medical Solutions, Oral Care, Personal Safety, Separation and Purification Sciences, and Transportation Safety.
3M is a highly integrated enterprise, where businesses share technology and leverage common fundamental strengths and capabilities, thus many of 3M’s businesses could not
easily be sold on a stand-alone basis. 3M’s focus on research and development has resulted in a portion of 3M’s value being comprised of internally developed businesses.
Following the annual impairment test, as a result of 3M's December 2022 announced commitment to a plan to exit per- and polyfluoroalkyl substance (PFAS) manufacturing as

CONTEXT 12 (3M_2022_10K.pdf):
headwinds from global supply chain challenges and increased compensation/benefit costs. The following also impacted results or provide additional information:
•
2021 benefit of $91 million pre-tax ($0.12 per share after tax) from a favorable Brazilian Supreme Court decision that concluded on the impact of state value-
added tax when determining Brazil’s federal sales-based social tax—essentially lowering the social tax that 3M should have paid in prior periods.
•
3M continued prioritization of investments in growth and sustainability.
•
2021 benefit from higher selling prices, restructuring actions taken in 2020 and positive/negative impact of year-over-year change in non-divestiture-related
restructuring charges, net of adjustments, for respective periods. Note 5 provides additional information relative to restructuring actions.
•
Lower year-on-year net gains related to certain property sales.
•
COVID-impacts recognized on certain assets in 2020.
•

CONTEXT 13 (3M_2022_10K.pdf):
On an organic sales basis:
•
Sales increased in automotive and aerospace, commercial solutions and advanced materials, and decreased in transportation safety and electronics.
•
Growth was held back by weaker consumer electronics end-market demand and ongoing impacts of semiconductor supply chain constraints on automotive markets.
Divestitures:
•
Divestiture impact relates to lost Transportation and Electronics sales year-on-year from deconsolidation of the Aearo Entities in July 2022.
Business segment operating income margins decreased year-on-year due to special item charges for PFAS manufacturing exit costs related to asset impairments (discussed in
Note 15) resulting in a 2022 fourth quarter pre-tax charge of $0.8 billion. Margins were also impacted by increased raw materials and logistics costs, manufacturing productivity

CONTEXT 14 (3M_2022_10K.pdf):
goods between 3M operations, and (b) year-on-year changes in transaction gains and losses, including derivative instruments designed to reduce foreign currency
exchange rate risks.
Other expense (income), net:
•
Lower income related to higher non-service cost components of pension and postretirement expense increased expense year-on-year for 2022. Higher income related to
non-service cost components of pension and postretirement expense decreased expense year-on-year for 2021.
•
Interest expense (net of interest income) decreased in 2022 compared to the same period year-on-year driven by debt maturities in the ordinary course and interest income
on invested cash.
•
Interest expense (net of interest income) decreased in 2021 compared to the same period year-on-year due in part to interest expense savings from early debt
extinguishment actions in 2020.
21
[Page 22]
Table of Contents
Income tax rate:
•

CONTEXT 15 (3M_2022_10K.pdf):
in its operations to drive growth, including continual review of acquisition opportunities.
The Company uses working capital measures that place emphasis and focus on certain working capital assets, such as accounts receivable and inventory activity.
Working capital (non-GAAP measure):
December 31,
(Millions)
2022
2021
Change
Current assets
$
14,688 $
15,403 $
(715)
Less: Current liabilities
9,523
9,035
488
Working capital (non-GAAP measure)
$
5,165 $
6,368 $
(1,203)
Various assets and liabilities, including cash and short-term debt, can fluctuate significantly from month to month depending on short-term liquidity needs. Working capital is
not defined under U.S. generally accepted accounting principles and may not be computed the same as similarly titled measures used by other companies. The Company defines
working capital as current assets minus current liabilities. 3M believes working capital is meaningful to investors as a measure of operational efficiency and short-term financial

CONTEXT 16 (3M_2022_10K.pdf):
Basis of presentation: Certain amounts in the prior years’ consolidated financial statements have been reclassified to conform to the current year presentation.
Effective in the first quarter of 2022, 3M made changes in the measure of segment operating performance used by 3M’s chief operating decision maker—impacting 3M’s
disclosed measure of segment profit/loss (business segment operating income). See additional information in Note 19. 3M's disclosed disaggregated revenue was also updated
as a result of the changes in segment reporting. See additional information in Note 2. Information provided herein reflects the impact of these changes for all periods presented.
Foreign currency translation: Local currencies generally are considered the functional currencies outside the United States. Exceptions include 3M’s subsidiaries in Argentina

CONTEXT 17 (3M_2022_10K.pdf):
infraction report from the Flemish Environmental Inspectorate and continues to work with the government authorities to comply with applicable legal requirements. See further
discussion in Note 16.
3M is also impacted by the Russia-Ukraine conflict. In light of a number of factors, 3M suspended operations of its subsidiaries in Russia in March 2022, the net sales of which
were less than one percent of 3M’s consolidated net sales for 2021. Further, in September 2022, management committed to a plan to exit and dispose of the related net assets
through an intended sale of the subsidiaries. The associated charge in 2022 related to this action is further discussed in Note 15. 3M also has other operations that source certain
raw materials from suppliers in Russia and have experienced related supply disruption due to the conflict. Further supply disruption could lead to downstream customer
impacts.

CONTEXT 18 (3M_2022_10K.pdf):
3M’s share of earnings/losses on a lag-basis based on availability of Kindeva financial statements. As a result, income/loss from this unconsolidated subsidiary began to be
reflected in 3M’s financial statements in the third quarter of 2020. Kindeva and 3M entered into certain limited-term agreements related to post-divestiture transition and supply
services. In the fourth quarter of 2022, 3M sold its remaining ownership interest in Kindeva resulting in an immaterial gain.
In the third quarter of 2020, 3M completed the sale of a small dermatology products business, formerly part of the Health Care business, for immaterial proceeds that
approximated the business’s book value.
Operating income and held-for-sale amounts:
With respect to the businesses above, operating income information of the Health Care business segment, inclusive of the Food Safety Division and Drug Delivery Division, is

CONTEXT 19 (3M_2022_10K.pdf):
manufacturing operations, 3M deployed careful management of existing raw material inventories, strategic relationships with key suppliers, and qualification of additional
supply sources. 3M manages spend category price risks through negotiated supply contracts and price protection agreements. In addition, 3M evaluates suppliers’ conformance
with environmental and social compliance requirements. Overall, on a consolidated basis, 3M experienced net raw material price inflation in 2022.
6
[Page 7]
Table of Contents
Patents, Trademarks and Licenses
The Company’s products are sold around the world under various trademarks. The Company also owns, or holds licenses to use, numerous U.S. and foreign patents. The
Company’s research and development activities generate a steady stream of inventions that are covered by new patents or trade secrets. Patents applicable to specific products

CONTEXT 20 (3M_2022_10K.pdf):
chains. 3M is not able to predict the extent to which the COVID-19 pandemic may have a material effect on its consolidated results of operations or financial condition.
In 2022, 3M's costs for significant litigation (see Certain amounts adjusted for special items - (non-GAAP measures section below) totaled approximately $2.3 billion pre-tax
and included, among things, pre-tax charges associated with steps toward resolving Combat Arms Earplugs litigation and associated with additional commitments to address
PFAS-related matters at its Zwijndrecht, Belgium site (approximately $1.3 billion and $355 million, respectively, in 2022). These matters are further discussed in Note 16. In
2022, 3M also completed the split-off of its Food Safety Division business resulting in a pre-tax gain of $2.7 billion and committed to a plan to exit PFAS manufacturing by the

CONTEXT 21 (3M_2022_10K.pdf):
development, product and manufacturing support, product development and technology development aimed at disruptive innovations.
Gain on Business Divestitures:
In the third quarter of 2022, 3M recorded a pre-tax gain of $2.7 billion ($2.7 billion after tax) related to the split-off and combination of its Food Safety business with Neogen
Corporation. Refer to Note 3 for further details.
Goodwill Impairment Expense:
As a result of 3M's commitment to exit per- and polyfluoroalkyl substance (PFAS) manufacturing, 3M recorded a goodwill impairment charge related to the Advanced
Materials reporting unit (within the Transportation and Electronics business). Refer to Note 15 for further details.
27
[Page 28]
Table of Contents
Other Expense (Income), Net:
See Note 6 for a detailed breakout of this line item.
Interest expense (net of interest income) decreased in 2022 compared to the same period year-on-year driven by debt maturities in the ordinary course and interest income on

CONTEXT 22 (3M_2022_10K.pdf):
less the total of cash, cash equivalents and current and long-term marketable securities. 3M believes net debt is meaningful to investors as 3M considers net debt and its
components to be important indicators of liquidity and financial position. The following table provides net debt as of December 31, 2022 and 2021.
December 31,
(Millions)
2022
2021
Change
Total debt
$
15,939 $
17,363 $
(1,424)
Less: Cash, cash equivalents and marketable securities
3,916
4,792
(876)
Net debt (non-GAAP measure)
$
12,023 $
12,571 $
(548)
Refer to the preceding “Total Debt” and “Cash, Cash Equivalents and Marketable Securities” sections for additional details.
Balance Sheet:
3M’s strong balance sheet and liquidity provide the Company with significant flexibility to fund its numerous opportunities going forward. The Company will continue to invest
in its operations to drive growth, including continual review of acquisition opportunities.

ANSWER:
As of FY2022, 3M's operating income margin was 19.1%, compared to 20.8% in 2021.

**Arithmetic for Operating Margin Change:**
19.1% (2022) - 20.8% (2021) = -1.7%

The change in operating margin was driven by the following factors:

**Drivers of Decreased Margin (Increased Expenses):**
*   **Cost of Sales:** Increased from 53.2% of net sales in 2021 to 56.2% in 2022 (an increase of 3.0%). This was due to:
    *   Special item costs for significant litigation related to PFAS-related matters at the Zwijndrecht, Belgium site ($355 million).
    *   Higher raw materials and logistics costs.
    *   Manufacturing productivity headwinds magnified by the shutdown of certain operations in Belgium.
    *   Investments in growth, productivity, and sustainability.
*   **Selling, General and Administrative Expenses (SG&A):** Increased from 20.4% of net sales in 2021 to 26.5% in 2022 (an increase of 6.1%). This included:
    *   Costs for significant litigation totaling approximately $2.3 billion pre-tax, which included $1.3 billion for Combat Arms Earplugs litigation and $355 million for PFAS-related matters in Belgium.
    *   Increased compensation and benefit costs.
*   **Goodwill Impairment Expense:** A charge of 0.8% of net sales (approximately $0.8 billion pre-tax) was recorded in 2022 related to the Advanced Materials reporting unit following the commitment to exit PFAS manufacturing.

**Drivers of Increased Margin (Decreased Expenses/Gains):**
*   **Gain on Business Divestitures:** A pre-tax gain of $2.7 billion (representing (8.0)% of net sales) was recorded in 2022 related to the split-off and combination of the Food Safety business with Neogen Corporation.
*   **Research, Development and Related Expenses (R&D):** Decreased from 5.6% of net sales in 2021 to 5.4% in 2022 (a decrease of 0.2%).
*   **Selling Prices:** Increases in selling prices partially offset the increases in cost of sales.

The provided document does not state that operating margin is not a useful metric; rather, it provides both GAAP operating income margin and non-GAAP measures adjusted for special items to assess performance.

GOLD:
Operating Margin for 3M in FY2022 has decreased by 1.7% primarily due to: 
-Decrease in gross Margin
-mostly one-off charges including Combat Arms Earplugs litigation, impairment related to exiting PFAS manufacturing, costs related to exiting Russia and divestiture-related restructuring
charges

================================================================================
[5/10]

QUESTION:
If we exclude the impact of M&A, which segment has dragged down 3M's overall growth in 2022?

CONTEXT 1 (3M_2022_10K.pdf):
On an organic sales basis:
•
Sales increased in automotive and aerospace, commercial solutions and advanced materials, and decreased in transportation safety and electronics.
•
Growth was held back by weaker consumer electronics end-market demand and ongoing impacts of semiconductor supply chain constraints on automotive markets.
Divestitures:
•
Divestiture impact relates to lost Transportation and Electronics sales year-on-year from deconsolidation of the Aearo Entities in July 2022.
Business segment operating income margins decreased year-on-year due to special item charges for PFAS manufacturing exit costs related to asset impairments (discussed in
Note 15) resulting in a 2022 fourth quarter pre-tax charge of $0.8 billion. Margins were also impacted by increased raw materials and logistics costs, manufacturing productivity

CONTEXT 2 (3M_2022_10K.pdf):
in four business segments: Safety and Industrial; Transportation and Electronics; Health Care; and Consumer. 3M’s four business segments bring together common or related
3M technologies, enhancing the development of innovative products and services and providing for efficient sharing of business resources. In July 2022, 3M announced its
intention to spin off the Health Care business as a separate public company (see Note 3 for additional information). Transactions among reportable segments are recorded at
cost. 3M is an integrated enterprise characterized by substantial intersegment cooperation, cost allocations and inventory transfers. Therefore, management does not represent
that these segments, if operated independently, would report the operating income information shown.
3M discloses business segment operating income as its measure of segment profit/loss, reconciled to both total 3M operating income and income before taxes. Business segment

CONTEXT 3 (3M_2022_10K.pdf):
— 
(8.0)
Goodwill impairment expense
0.8 
— 
0.8 
Operating income margin
19.1 %
20.8 %
(1.7)%
The Company is continuing the ongoing deployment of an enterprise resource planning (ERP) system on a worldwide basis, with these investments impacting cost of sales,
SG&A, and R&D.
Cost of Sales:
Cost of sales, measured as a percent of sales, increased in 2022 when compared to the same period last year. Increases were primarily due to 2022 special item costs for
significant litigation from additional commitments to address PFAS-related matters at 3M's Zwijndrecht, Belgium site (discussed in Note 16), higher raw materials and logistics
costs, manufacturing productivity headwinds which were further magnified by the shutdown of certain operations in Belgium and progress on restarting previously-idled
operations, and investments in growth, productivity and sustainability. On a percent of sales basis, these increases were partially offset by increases in selling prices.

CONTEXT 4 (3M_2022_10K.pdf):
increased 18 percent which included increased organic sales of 16 percent. In Canada, total sales increased 18 percent which included increased organic sales of 11
percent. In Brazil, total sales increased 18 percent which included increased organic sales of 22 percent. In the Asia Pacific geographic area, China total sales increased 17
percent which included increased organic sales of 11 percent. In Japan, total sales were flat which included increased organic sales of 2 percent.
Managing currency risks:
The stronger U.S. dollar had a negative impact on sales in full year 2022 compared to the same periods last year. Net of the Company’s hedging strategy, foreign currency
negatively impacted earnings in full year 2022 compared to the same period last year. 3M utilizes a number of tools to manage currency risk related to earnings including natural

CONTEXT 5 (3M_2022_10K.pdf):
Additional information about results of operations and financial condition for 2021 and 2020 can be found in “Management’s Discussion and Analysis of Financial Condition
and Results of Operations” sections in 3M's Current Report on Form 8-K dated April 26, 2022 (which updated 3M's 2021 Annual Report on Form 10-K).
OVERVIEW
3M is a diversified global manufacturer, technology innovator and marketer of a wide variety of products and services. Effective in the first quarter of 2022, 3M made the
following changes:
•
Changes in measure of segment operating performance used by 3M’s chief operating decision maker—impacting 3M’s disclosed measure of segment profit/loss
(business segment operating income). See additional information in Note 19. 3M's disclosed disaggregated revenue was also updated as a result of the changes in
segment reporting. See additional information in Note 2.
•

CONTEXT 6 (3M_2022_10K.pdf):
impacts.
Though 3M monitors relevant factors as well as options to mitigate potential impacts, it is not able to predict the extent to which these circumstances may have a material effect
on 3M’s consolidated results of operations or financial condition. Relevant risk factors can be found in Item 1A “Risk Factors” in this Annual Report on Form 10-K.
Operating income margin and earnings per share attributable to 3M common shareholders – diluted:
The following table provides the increases (decreases) in operating income margins and diluted earnings per share.
Year ended December 31,
2022
2021
Percent of net sales
Earnings per
diluted share
Percent of net sales
Earnings per
diluted share
Same period last year
20.8 % $
10.12 
22.3 % $
9.36 
Net costs for significant litigation
1.4 
0.61 
1.0 
0.37 
Gain on business divestitures
— 
— 
(1.2)
(0.52)
Divestiture-related restructuring actions
— 
— 
0.2 
0.08 
Total special items
1.4 
0.61 
— 
(0.07)

CONTEXT 7 (3M_2022_10K.pdf):
•
In May 2020, 3M completed the sale of substantially all of its drug delivery business.
Business segment operating income margins increased year-on-year due to sales growth leverage and benefits from restructuring actions and lower related charges that were
partially offset by supply chain disruptions, increases in raw materials and logistics costs, deal-related costs associated with the announced divestiture of the food safety business
(see Note 3), manufacturing productivity impacts, increased compensation and benefit costs, and increased investments in growth.
32
[Page 33]
Table of Contents
Consumer Business (15.5% of consolidated sales):
2022
2021
Sales (millions)
$
5,298
$
5,513
Sales change analysis:
Organic sales
(0.9)
%
9.8 
%
Divestitures
(0.4)
— 
Translation
(2.6)
1.0 
Total sales change
(3.9)
%
10.8 
%
Business segment operating income (millions)
$
994
$
1,162
Percent change
(14.4)
%
3.8 
%
Percent of sales
18.8 
 %
21.1 
 %
Year 2022 results:

CONTEXT 8 (3M_2022_10K.pdf):
•
COVID-impacts recognized on certain assets in 2020.
•
In 2021, higher defined benefit pension and postretirement service cost increased expense year-on-year.
Raw material impact:
•
In 2022, 3M continued to experience inflationary pressures with year-on-year increases in raw material and logistics costs driven by many geopolitical, logistics, and
disruptive events that caused imbalance in the global supply chain.
•
In 2021, 3M experienced higher raw material, logistics, and outsourced manufacturing costs from strong end-market demand, ongoing COVID-19 and related global
supply chain challenges that were further magnified by extreme weather events, such as February 2021 winter storm Uri in the U.S.
Acquisitions/divestitures:
•
Divestiture impacts in 2022 include lost income from divested businesses and remaining stranded costs (net of transition arrangement income). 3M completed the split-

CONTEXT 9 (3M_2022_10K.pdf):
development, product and manufacturing support, product development and technology development aimed at disruptive innovations.
Gain on Business Divestitures:
In the third quarter of 2022, 3M recorded a pre-tax gain of $2.7 billion ($2.7 billion after tax) related to the split-off and combination of its Food Safety business with Neogen
Corporation. Refer to Note 3 for further details.
Goodwill Impairment Expense:
As a result of 3M's commitment to exit per- and polyfluoroalkyl substance (PFAS) manufacturing, 3M recorded a goodwill impairment charge related to the Advanced
Materials reporting unit (within the Transportation and Electronics business). Refer to Note 15 for further details.
27
[Page 28]
Table of Contents
Other Expense (Income), Net:
See Note 6 for a detailed breakout of this line item.
Interest expense (net of interest income) decreased in 2022 compared to the same period year-on-year driven by debt maturities in the ordinary course and interest income on

CONTEXT 10 (3M_2022_10K.pdf):
operating income excludes certain expenses and income that are not allocated to business segments (as described below in “Corporate and Unallocated”).
Effective in the first quarter of 2022, the measure of segment operating performance used by 3M’s chief operating decision maker (CODM) changed and, as a result, 3M’s
disclosed measure of segment profit/loss (business segment operating income (loss) ) was updated. The change to business segment operating income aligns with the update to
how the CODM assesses performance and allocates resources for the Company’s business segments. The changes included the items described below. The financial information
presented herein reflects the impact of these business segment reporting changes for all periods presented.
Effective in the first quarter of 2022:
Eliminating inclusion of dual credit in measure of segment operating performance

CONTEXT 11 (3M_2022_10K.pdf):
[Table — page 25]
Business Segments |  |  |  |  |  |  |  |  |  |  |  |  |  |  |  |  |  |  |  |  |  | 
Safety and Industrial |  | $ | 11,604 |  | 33.9 | % |  | $ | 1,199 |  | $ | 11,981 | 33.9 | % | $ | 2,466 |  | (3.2) | % |  | (51.4) | %
Transportation and Electronics |  | 8,902 |  |  | 26.0 |  |  | 1,012 |  |  | 9,262 |  | 26.2 |  | 1,880 |  |  | (3.9) |  |  | (46.2) | 
Health Care |  | 8,421 |  |  | 24.6 |  |  | 1,815 |  |  | 8,597 |  | 24.3 |  | 2,037 |  |  | (2.0) |  |  | (10.9) | 
Consumer |  | 5,298 |  |  | 15.5 |  |  | 994 |  |  | 5,513 |  | 15.6 |  | 1,162 |  |  | (3.9) |  |  | (14.4) | 
Corporate and Unallocated |  | 4 |  |  | — |  |  | 1,519 |  |  | 2 |  | — |  | (176) |  |  |  |  |  |  | 
Total Company |  | $ | 34,229 |  | 100.0 | % |  | $ | 6,539 |  | $ | 35,355 | 100.0 | % | $ | 7,369 |  | (3.2) | % |  | (11.3) | %

CONTEXT 12 (3M_2022_10K.pdf):
business resources. In July 2022, 3M announced its intention to spin off the Health Care business as a separate public company (see Note 3 for additional information). Refer to
segment descriptions summarized below (Financial information and other disclosures relating to 3M’s business segments and operations in major geographic areas are provided
in the Notes to Consolidated Financial Statements):
4
[Page 5]
Table of Contents
Business Segment
Safety and Industrial
Transportation and Electronics
Health Care
Consumer
Underlying
divisions/businesses
Refer to Note 2 for
disaggregated revenue
information
• Abrasives
• Automotive aftermarket
• Closure and masking systems
• Electrical markets    
• Industrial adhesives and tapes
• Personal safety
• Roofing granules
• Advanced materials
• Automotive and aerospace
• Commercial solutions
• Display materials and systems
• Electronics materials solutions
• Transportation safety
• Health information systems

CONTEXT 13 (3M_2022_10K.pdf):
chains. 3M is not able to predict the extent to which the COVID-19 pandemic may have a material effect on its consolidated results of operations or financial condition.
In 2022, 3M's costs for significant litigation (see Certain amounts adjusted for special items - (non-GAAP measures section below) totaled approximately $2.3 billion pre-tax
and included, among things, pre-tax charges associated with steps toward resolving Combat Arms Earplugs litigation and associated with additional commitments to address
PFAS-related matters at its Zwijndrecht, Belgium site (approximately $1.3 billion and $355 million, respectively, in 2022). These matters are further discussed in Note 16. In
2022, 3M also completed the split-off of its Food Safety Division business resulting in a pre-tax gain of $2.7 billion and committed to a plan to exit PFAS manufacturing by the

CONTEXT 14 (3M_2022_10K.pdf):
2022, 3M had 21 primary reporting units, with ten reporting units accounting for approximately 94 percent of the goodwill. These ten reporting units were comprised of the
following divisions: Advanced Materials, Display Materials and Systems, Electronics Materials Solutions, Health Information Systems, Industrial Adhesives and
Tapes, Medical Solutions, Oral Care, Personal Safety, Separation and Purification Sciences, and Transportation Safety.
3M is a highly integrated enterprise, where businesses share technology and leverage common fundamental strengths and capabilities, thus many of 3M’s businesses could not
easily be sold on a stand-alone basis. 3M’s focus on research and development has resulted in a portion of 3M’s value being comprised of internally developed businesses.
Following the annual impairment test, as a result of 3M's December 2022 announced commitment to a plan to exit per- and polyfluoroalkyl substance (PFAS) manufacturing as

CONTEXT 15 (3M_2022_10K.pdf):
year-end 2023. The transaction is subject to customary conditions, including final approval from the 3M Board of Directors, regulatory approvals and rulings, and satisfactory
completion of financing, among other items. Because the intended transaction is a spin-off, the Health Care business is not classified as held for sale.
In September 2022, 3M completed the split-off and combination of its Food Safety Division business (formerly part of the Health Care business segment) with Neogen
Corporation in a transaction that involved a Reverse Morris Trust structure intended to make the split-off tax-efficient to 3M and 3M's shareholders for U.S. federal income tax
purposes. As a result of the transaction, 3M reflected a pre-tax gain of $2.7 billion based on aggregate consideration of $2.8 billion. Under the terms of the underlying
agreements, aggregate consideration included 3M shares exchanged and $1.0 billion ($828 million after closing and other adjustments) funded from debt that became

CONTEXT 16 (3M_2022_10K.pdf):
in July 2022 — see Note 16), net costs related to Combat Arms Earplugs and Aearo-respirator mask/asbestos matters are reflected as corporate special items in Corporate and
Unallocated while those associated with non-Aearo respirator mask/asbestos matters continue to be reflected as special items in the Safety and Industrial business segment.
Refer to the Certain amounts adjusted for special items - (non-GAAP measures) section for additional details.
Year 2022 results:
Sales in Safety and Industrial were down 3.2 percent in U.S. dollars.
On an organic sales basis:
•
Sales increased in electrical markets, abrasives, automotive aftermarket, roofing granules, closure and masking systems, and industrial adhesives and tapes and decreased
in personal safety.
•
Growth from continued improving general industrial manufacturing activity and other end-market demand was partially offset by the disposable respirator sales decline

CONTEXT 17 (3M_2022_10K.pdf):
8,421
24.6 
1,815
8,597
24.3 
2,037
(2.0)
(10.9)
Consumer
5,298
15.5 
994
5,513
15.6 
1,162
(3.9)
(14.4)
Corporate and Unallocated
4
— 
1,519
2
— 
(176)
Total Company
$
34,229 
100.0 % $
6,539 $
35,355 
100.0 % $
7,369 
(3.2)%
(11.3)%
Year ended December 31, 2022
Worldwide Sales Change 
By Business Segment
Organic sales
Acquisitions
Divestitures
Translation
Total sales change
Safety and Industrial
1.0  %
— 
 %
—  %
(4.2)  %
(3.2) %
Transportation and Electronics
1.2 
— 
(0.5)
(4.6)
(3.9)
Health Care
3.2 
— 
(1.4)
(3.8)
(2.0)
Consumer
(0.9)
— 
(0.4)
(2.6)
(3.9)
Total Company
1.2 
— 
(0.5)
(3.9)
(3.2)
Sales by geographic area:
Percent change information compares the years ended December 31, 2022 and 2021 with the same prior year period, unless otherwise indicated. Additional discussion of
business segment results is provided in the Performance by Business Segment section.
Year ended December 31, 2022
Americas
Asia Pacific
Europe, Middle East
& Africa
Other Unallocated

CONTEXT 18 (3M_2022_10K.pdf):
such as lower economic growth rates in China, Europe, or other key markets, impact the demand or profitability of the Company's products.
The global economy has been impacted by the military conflict between Russia and Ukraine. The U.S. and other governments have imposed export controls on certain products
and financial and economic sanctions on certain industry sectors and parties in Russia. 3M suspended operations of its subsidiaries in Russia in March 2022 and, in September
2022, committed to a plan to exit the related net assets through an intended sale of the subsidiaries. 3M also has other operations that source certain raw materials from
suppliers in Russia and has experienced related supply disruption due to the conflict. These geopolitical tensions could result in, among other things, cyberattacks, further
supply chain disruptions impacting downstream customers, higher energy costs, lower consumer demand, and changes to foreign exchange rates and financial markets, any of

CONTEXT 19 (3M_2022_10K.pdf):
• Electronic interconnect products
• 3M™ Diamond Grade™ DG3 reflective
sheeting for transportation safety
• 3M™ 360 Encompass™ medical
coding systems
• 3M ™ Tegaderm™ wound
dressings, V.A.C.® Therapy
Systems and disposable respirators
in the health care channel
• 3M™ Filtek™ and 3M™ RelyX™
dental filing materials and cements;
3M™ Clarity™ aligners
• Biopharma and other filtration
systems, bags, capsules and
components
• ACE™ , FUTURO™ and
Nexcare™ personal health care
products
• Scotch-Brite™ cleaning
supplies, sponges, brushes, and
scouring pads; Scotchgard™
products
• Scotch® tapes and other
products, Filtrete™ filters and
Command™ adhesive products
• Post-it® products
Representative market trends or
opportunities
• Personal safety
• Connected bodyshop
• Grid modernization
• Robotics and automation
• Automotive/mobility
• Electronic materials
• Semiconductor
• Graphic and architectural films
• Wound care

CONTEXT 20 (3M_2022_10K.pdf):
• Dentistry and orthodontia solutions
• Filtration and purification systems
Consumer
• Consumer bandages, braces, supports and consumer respirators
• Cleaning products for the home
• Retail abrasives, paint accessories, car care DIY products, picture hanging and consumer air quality solutions
• Stationery products
Some seasonality impacts this business segment related to back-to-school, generally in the third quarter of each year
122
[Page 123]
Table of Contents
Business Segment Information
(Millions)
Net Sales
2022
2021
2020
Safety and Industrial
$
11,604 $
11,981 $
10,972 
Transportation and Electronics
8,902 
9,262 
8,406 
Health Care
8,421 
8,597 
7,832 
Consumer
5,298 
5,513 
4,976 
Corporate and Unallocated
4 
2 
(2)
Total Company
$
34,229 $
35,355 $
32,184 
Operating Performance
2022
2021
2020
Safety and Industrial
$
1,199 $
2,466 $
2,588 
Transportation and Electronics
1,012 
1,880 
1,701 
Health Care
1,815 
2,037 
1,662 
Consumer
994 
1,162 
1,119

CONTEXT 21 (3M_2022_10K.pdf):
net of divestitures. Acquisition and divestiture sales change impacts, if any, are measured separately for the first twelve months post-transaction. 3M believes this information is
useful to investors and management in understanding ongoing operations and in analysis of ongoing operating trends.
3M is impacted by the global pandemic and related effects associated with the coronavirus (COVID-19). Risk factors with respect to COVID-19 can be found in Item 1A “Risk
Factors” in this document. Given the diversity of 3M’s businesses, some of the factors relative to COVID-19 increase the demand for 3M products, while others decrease
demand or make it more difficult for 3M to serve customers. Certain resulting impacts are referenced in various discussions within this Item 7. Overall, the impact of the
COVID-19 pandemic on 3M’s consolidated results of operations was primarily driven by factors related to changes in demand for products and disruption in global supply

CONTEXT 22 (3M_2022_10K.pdf):
[Table — page 5]
Underlying divisions/businesses Refer to Note 2 for disaggregated revenue information |  | • Abrasives • Automotive aftermarket • Closure and masking systems • Electrical markets • Industrial adhesives and tapes • Personal safety • Roofing granules |  | • Advanced materials • Automotive and aerospace • Commercial solutions • Display materials and systems • Electronics materials solutions • Transportation safety |  | • Health information systems • Medical solutions • Oral care • Separation and purification sciences • Food safety (divested in 2022) |  | • Consumer health and safety • Home care • Home improvement • Stationery and office
Representative revenue- generating activities, products or services |  | • Industrial abrasives and finishing for metalworking applications • Autobody repair solutions • Closure systems for personal hygiene products, masking, and packaging materials • Electrical products and materials for construction and maintenance, power distribution and electrical original equipment manufacturers (OEMs) • Structural adhesives and tapes • Respiratory, hearing, eye and fall protection solutions • Natural and color-coated mineral granules for shingles |  | • Advanced ceramic solutions • Attachment tapes, films, sound and temperature management for transportation vehicles • Premium large format graphic films for advertising and fleet signage • Light management films and electronics assembly solutions • Packaging and interconnection solutions • Reflective signage for highway, and vehicle safety |  | • Health care procedure coding and reimbursement software • Skin, wound care, and infection prevention products and solutions • Dentistry and orthodontia solutions • Filtration and purification systems |  | • Consumer bandages, braces, supports and consumer respirators • Cleaning products for the home • Retail abrasives, paint accessories, car care DIY products, picture hanging and consumer air quality solutions • Stationery products Some seasonality impacts this business segment related to back- to-school, generally in the third quarter of each year
Example brands/offerings |  | • 3M™ Cubitron™ II abrasives • Scotch-Brite™ Abrasives • Scotch & Temflex Vinyl Tapes, Scotchkote Coatings, Dynatel locators, Scotchcast resins • Collision repair and paint spray products • Reclosable fasteners; tapes and label materials for durable goods • Electrical infrastructure products; medium voltage cable accessories and insulation tapes • 3M ™ VHB™ Bonding tapes; Scotch® masking, packaging and filament tapes • Disposable respirators and fall protection products • Scotchgard™ Protector for shingles |  | • 3M™ Nextel™ Ceramic fibers and textiles • Thinsulate™ Acoustic Insulation products and automotive components • 3M™ Novec™ Engineered Fluids • 3M™ Scotchlite™ graphic films, 3M™ Scotchcal™ and 3M™ Controltac™ Commercial graphics • Electronic display enhancement films and optically clear adhesives • Electronic interconnect products • 3M™ Diamond Grade™ DG3 reflective sheeting for transportation safety |  | • 3M™ 360 Encompass™ medical coding systems • 3M ™ Tegaderm™ wound dressings, V.A.C.® Therapy Systems and disposable respirators in the health care channel • 3M™ Filtek™ and 3M™ RelyX™ dental filing materials and cements; 3M™ Clarity™ aligners • Biopharma and other filtration systems, bags, capsules and components |  | • ACE™ , FUTURO™ and Nexcare™ personal health care products • Scotch-Brite™ cleaning supplies, sponges, brushes, and scouring pads; Scotchgard™ products • Scotch® tapes and other products, Filtrete™ filters and Command™ adhesive products • Post-it® products
Representative market trends or opportunities |  | • Personal safety • Connected bodyshop • Grid modernization • Robotics and automation |  | • Automotive/mobility • Electronic materials • Semiconductor • Graphic and architectural films |  | • Wound care • Healthcare IT • Biopharma filtration |  | • Home improvement • Consumer safety & well-being • Package protection & shipping • Appearance auto care

ANSWER:
Based on the "Worldwide Sales Change By Business Segment" table for the year ended December 31, 2022, the **Consumer** segment dragged down 3M's overall growth. 

Excluding the impacts of acquisitions, divestitures, and translation, the organic sales growth by segment was:
*   **Safety and Industrial:** 1.0%
*   **Transportation and Electronics:** 1.2%
*   **Health Care:** 3.2%
*   **Consumer:** (0.9)%

The Consumer segment was the only business segment to report negative organic sales growth in 2022.

GOLD:
The consumer segment shrunk by 0.9% organically.

================================================================================
[6/10]

QUESTION:
Does 3M have a reasonably healthy liquidity profile based on its quick ratio for Q2 of FY2023? If the quick ratio is not relevant to measure liquidity, please state that and explain why.

CONTEXT 1 (3M_2023Q2_10Q.pdf):
components to be important indicators of liquidity and financial position. The following table provides net debt as of June 30, 2023 and December 31, 2022.
(Millions)
June 30, 2023
December 31, 2022
Change
Total debt
$
15,987
$
15,939
$
48 
Less: Cash, cash equivalents and marketable securities
4,337
3,916
421 
Net debt (non-GAAP measure)
$
11,650
$
12,023
$
(373)
Refer to the preceding Total Debt and Cash, Cash Equivalents and Marketable Securities sections for additional details.
Balance Sheet:
3M’s strong balance sheet and liquidity provide the Company with significant flexibility to fund its numerous opportunities going forward. The Company will continue to
invest in its operations to drive growth, including continual review of acquisition opportunities.
The Company uses working capital measures that place emphasis and focus on certain working capital assets, such as accounts receivable and inventory activity.
Working capital (non-GAAP measure):
(Millions)
June 30, 2023

CONTEXT 2 (3M_2023Q2_10Q.pdf):
and notes included in its Annual Report on Form 10-K.
In the second quarter of 2023, 3M re-consolidated the Aearo Technology and certain of its related entities (collectively, the "Aearo Entities") as a result of the court dismissal of
their voluntary bankruptcy proceedings. 3M had previously deconsolidated these entities in the third quarter of 2022. The Aearo Entities have appealed the court’s dismissal
decision. See additional information in Note 14.
Effective in the first quarter of 2023, 3M made changes in the measure of segment operating performance and segment composition used by 3M’s chief operating decision
maker—impacting 3M’s disclosed measure of segment profit/loss (business segment operating income (loss)). Also effective in the first quarter of 2023, 3M's Consumer
business segment re-aligned from four divisions to three divisions, see additional information in Note 15. 3M's disclosed disaggregated revenue was also updated as a result of

CONTEXT 3 (3M_2023Q2_10Q.pdf):
international earnings still considered to be reinvested indefinitely, the Company currently has no plans or intentions to repatriate these funds for U.S. operations. See Note 10
in 3M's 2022 Annual Report on Form 10-K for further information on earnings considered to be reinvested indefinitely.
3M maintains a strong liquidity profile. The Company’s primary short-term liquidity needs are met through cash on hand and U.S. commercial paper issuances. 3M believes it
will have continuous access to the commercial paper market. 3M’s commercial paper program permits the Company to have a maximum of $5 billion outstanding with a
maximum maturity of 397 days from date of issuance. The Company had $1.8 billion in commercial paper outstanding at June 30, 2023, compared to no commercial paper
outstanding as of December 31, 2022.
Total debt:

CONTEXT 4 (3M_2023Q2_10Q.pdf):
regarding PFAS (see Note 14). SG&A was also impacted by restructuring charges, divestiture costs (related to separating and preparing the Health Care business for spin-off),
continued investment in key growth initiatives and ongoing respirator mask/asbestos litigation matters. These impacts were partially offset by lower net costs for significant
litigation to address Combat Arms Earplugs litigation matters (for which a pre-tax charge of approximately $1.2 billion was reflected in the second quarter of 2022),
restructuring benefits and ongoing general 3M cost management.
Research, Development and Related Expenses:
R&D, measured as a percent of sales, increased in the second quarter and first six months of 2023 when compared to the same period last year. 3M continues to invest in a
range of R&D activities from application development, product and manufacturing support, product development and technology development aimed at disruptive innovations.

CONTEXT 5 (3M_2023Q2_10Q.pdf):
own stock, compared to $773 million of stock purchases in the first six months of 2022. As of June 30, 2023, approximately $4.2 billion remained available under the
authorization. In February 2023, 3M’s Board of Directors declared a first-quarter 2023 dividend of $1.50 per share, an increase of 1 percent. This marked the 65th consecutive
year of dividend increases for 3M. In May 2023, 3M's Board of Directors declared a second-quarter 2023 dividend of $1.50 per share.
RESULTS OF OPERATIONS
Net Sales:
Refer to the preceding Overview section and the Performance by Business Segment section later in MD&A for additional discussion of sales change.
Operating Expenses:
Three months ended
June 30,
Six months ended
June 30,
(Percent of net sales)
2023
2022
Change
2023
2022
Change
Cost of sales
55.3 %
58.5 %
(3.2)%
56.4 %
56.6 %
(0.2)%
Selling, general and administrative expenses (SG&A)
146.6 
34.7 
111.9 
85.0 
27.9 
57.1 
Research, development and related expenses (R&D)
5.7

CONTEXT 6 (3M_2023Q2_10Q.pdf):
Working capital (non-GAAP measure):
(Millions)
June 30, 2023
December 31, 2022
Change
Current assets
$
15,754
$
14,688
$
1,066 
Less: Current liabilities
10,936
9,523
1,413 
Working capital (non-GAAP measure)
$
4,818
$
5,165
$
(347)
Various assets and liabilities, including cash and short-term debt, can fluctuate significantly from month to month depending on short-term liquidity needs. Working capital is
not defined under U.S. generally accepted accounting principles and may not be computed the same as similarly titled measures used by other companies. The Company
defines working capital as current assets minus current liabilities. 3M believes working capital is meaningful to investors as a measure of operational efficiency and short-term
financial health.
Working capital decreased $0.3 billion compared with December 31, 2022. Balance changes in current assets increased working capital by $1.1 billion, driven largely by

CONTEXT 7 (3M_2023Q2_10Q.pdf):
standards provided pursuant to Section 13(a) of the Exchange Act. ☐
Indicate by check mark whether the registrant is a shell company (as defined in Rule 12b-2 of the Exchange Act). Yes ☐ No ☒
Indicate the number of shares outstanding of each of the issuer’s classes of common stock, as of the latest practicable date.
Class
Outstanding at June 30, 2023
Common Stock, $0.01 par value per share
551,992,430 shares
1
[Page 2]
Table of Contents
3M COMPANY
Form 10-Q for the Quarterly Period Ended June 30, 2023
TABLE OF CONTENTS
BEGINNING
PAGE
PART I
FINANCIAL INFORMATION
ITEM 1.
Financial Statements
3
Index to Financial Statements:
Consolidated Statement of Income (Loss)
3
Consolidated Statement of Comprehensive Income (Loss)
4
Consolidated Balance Sheet
5
Consolidated Statement of Cash Flows
6
Notes to Consolidated Financial Statements
7
Note 1. Significant Accounting Policies
7
Note 2. Revenue
8
Note 3. Acquisitions and Divestitures
10
Note 4. Goodwill and Intangible Assets
11

CONTEXT 8 (3M_2023Q2_10Q.pdf):
[Page 1]
Table of Contents
UNITED STATES
SECURITIES AND EXCHANGE COMMISSION
WASHINGTON, D.C. 20549
FORM 10-Q
☒ QUARTERLY REPORT PURSUANT TO SECTION 13 OR 15(d) OF THE SECURITIES EXCHANGE ACT OF 1934
For the quarterly period ended June 30, 2023
or
o TRANSITION REPORT PURSUANT TO SECTION 13 OR 15(d) OF THE SECURITIES EXCHANGE ACT OF 1934
For the transition period from __________ to __________
Commission file number: 1-3285
3M COMPANY
(Exact name of registrant as specified in its charter)
Delaware
41-0417775
(State or other jurisdiction of incorporation)
(IRS Employer Identification No.)
3M Center, St. Paul, Minnesota
55144-1000
(Address of Principal Executive Offices)
(Zip Code)
(Registrant’s Telephone Number, Including Area Code) (651) 733-1110
Not Applicable
(Former Name or Former Address, if Changed Since Last Report)
Securities registered pursuant to Section 12(b) of the Act:
Title of each class
Trading Symbol(s)
Name of each exchange on which registered

CONTEXT 9 (3M_2023Q2_10Q.pdf):
includes a provision under which 3M may request an increase of up to $1.0 billion (at lender’s discretion), bringing the total facility up to $5.25 billion. The agreement replaced
the amended and restated $3.0 billion, five-year revolving credit agreement and the $1.25 billion 364-day credit facility that would have expired in November 2024 and
November 2023, respectively. The credit facility was undrawn at June 30, 2023. Under the $4.25 billion credit facility, the Company is required to maintain its EBITDA to
Interest Ratio as of the end of each fiscal quarter at not less than 3.0 to 1. This is calculated (based on amounts defined in the amended agreement) as the ratio of consolidated
total EBITDA for the four consecutive quarters then ended to total interest expense on all funded debt for the same period. At June 30, 2023, this ratio, reflecting the July 2023
amendment, was approximately 17 to 1. Debt covenants do not restrict the payment of dividends.

CONTEXT 10 (3M_2023Q2_10Q.pdf):
outstanding as of December 31, 2022.
Total debt:
The strength of 3M’s credit profile and significant ongoing cash flows provide 3M proven access to capital markets. Additionally, the Company’s debt maturity profile is
staggered to help ensure refinancing needs in any given year are reasonable in proportion to the total portfolio. As of June 2023, 3M has a credit rating of A2, negative outlook
from Moody's Investors Service, and a credit rating of A-, CreditWatch negative from S&P Global Ratings.
The Company’s total debt at June 30, 2023 was consistent when compared to December 31, 2022 as maturities of $1.8 billion of fixed-rate notes were offset by issuances of
commercial paper of $1.8 billion. For discussion of repayments of and proceeds from debt refer to the following Cash Flows from Financing Activities section.

CONTEXT 11 (3M_2023Q2_10Q.pdf):
net of divestitures. Acquisition and divestiture sales change impacts, if any, are measured separately for the first twelve months post-transaction. 3M believes this information is
useful to investors and management in understanding ongoing operations and in analysis of ongoing operating trends.
3M has been and may continue to be impacted by the global pandemic and related effects associated with the coronavirus (COVID-19). The Overview section of Part II, Item 7
of the Company’s 2022 Annual Report on Form 10-K provides a description of how COVID-19 has impacted or may impact 3M. In addition within this Form 10-Q for the
quarterly period ended June 30, 2023, risk factors with respect to COVID-19 can be found in Item 1A “Risk Factors” and certain COVID-19 impacts are referenced in various
discussions within this Form 10-Q, including in this Item 2.

CONTEXT 12 (3M_2023Q2_10Q.pdf):
deposit/time deposits, commercial paper, and other securities, which are classified as available-for-sale. Refer to Note 9 for more details about 3M’s diversified marketable
securities portfolio. Purchases of investments include additional survivor benefit insurance, plus investments in equity securities.
Cash Flows from Financing Activities:
 
Six months ended June 30,
(Millions)
2023
2022
Change in short-term debt — net
$
651 
$
344 
Repayment of debt (maturities greater than 90 days)
(1,802)
(1,179)
Proceeds from debt (maturities greater than 90 days)
1,107 
1 
Total cash change in debt
(44)
(834)
Purchases of treasury stock
(29)
(773)
Proceeds from issuances of treasury stock pursuant to stock option and benefit plans
218 
227 
Dividends paid to shareholders
(1,655)
(1,700)
Other — net
(9)
(22)
Net cash provided by (used in) financing activities
$
(1,519)
$
(3,102)

CONTEXT 13 (3M_2023Q2_10Q.pdf):
exchange rates applicable at the time of issuance for the euro denominated debt). Information with respect to long-term debt issuances and maturities for the periods presented
is included in Note 10 of this Form 10-Q and Note 12 in 3M's 2022 Annual Report on Form 10-K.
In May 2023, 3M entered into a $4.25 billion five-year revolving credit facility expiring in 2028; the facility was amended in July 2023. The revolving credit agreement
includes a provision under which 3M may request an increase of up to $1.0 billion (at lender’s discretion), bringing the total facility up to $5.25 billion. The agreement replaced
the amended and restated $3.0 billion, five-year revolving credit agreement and the $1.25 billion 364-day credit facility that would have expired in November 2024 and
November 2023, respectively. The credit facility was undrawn at June 30, 2023. Under the $4.25 billion credit facility, the Company is required to maintain its EBITDA to

CONTEXT 14 (3M_2023Q2_10Q.pdf):
3M’s 2022 Annual Report on Form 10-K.
Repurchases of common stock are made to support the Company’s stock-based employee compensation plans and for other corporate purposes. In the first six months of 2023,
the Company purchased $29 million of its own stock. For more information, refer to the table titled “Issuer Purchases of Equity Securities” in Part II, Item 2. The Company
does not utilize derivative instruments linked to the Company’s stock.
3M has paid dividends since 1916. In February 2023, 3M’s Board of Directors declared a first-quarter 2023 dividend of $1.50 per share, an increase of 1 percent. This is
equivalent to an annual dividend of $6.00 per share and marked the 65th consecutive year of dividend increases. In May 2023, 3M's Board of Directors declared a second-
quarter 2023 dividend of $1.50 per share.

CONTEXT 15 (3M_2023Q2_10Q.pdf):
76
ITEM 4.
Controls and Procedures
76
PART II
OTHER INFORMATION
ITEM 1.
Legal Proceedings
77
ITEM 1A.
Risk Factors
77
ITEM 2.
Unregistered Sales of Equity Securities and Use of Proceeds
85
ITEM 3.
Defaults Upon Senior Securities
85
ITEM 4.
Mine Safety Disclosures
85
ITEM 5.
Other Information
85
ITEM 6.
Exhibits
86
2
[Page 3]
Table of Contents
3M COMPANY
FORM 10-Q
For the Quarterly Period Ended June 30, 2023
PART I. Financial Information
Item 1. Financial Statements.
3M Company and Subsidiaries
Consolidated Statement of Income (Loss)
(Unaudited)
Three months ended
June 30,
Six months ended
June 30,
(Millions, except per share amounts)
2023
2022
2023
2022
Net sales
$
8,325 
$
8,702 
$
16,356 
$
17,531 
Operating expenses
Cost of sales
4,606 
5,093 
9,219 
9,919 
Selling, general and administrative expenses
12,204 
3,023 
13,909 
4,905 
Research, development and related expenses
473 
476 
945 
956 
Total operating expenses
17,283 
8,592 
24,073 
15,780

CONTEXT 16 (3M_2023Q2_10Q.pdf):
second quarter of 2023, 3M closed on the sale of these subsidiaries, resulting in an immaterial gain after reversing this reserve while reclassifying the balance of cumulative
translation adjustment into earnings.
Fair Value of Financial Instruments:
The Company’s financial instruments include cash and cash equivalents, marketable securities, accounts receivable, certain investments, accounts payable, borrowings, and
derivative contracts. The fair values of cash equivalents, accounts receivable, accounts payable, and short-term borrowings and current portion of long-term debt approximated
carrying values because of the short-term nature of these instruments. Available-for-sale marketable securities, in addition to certain derivative instruments, are recorded at fair
values as indicated in the preceding disclosures. To estimate fair values (classified as level 2) for its long-term debt, the Company utilized third-party quotes, which are derived

CONTEXT 17 (3M_2023Q2_10Q.pdf):
Interest Ratio as of the end of each fiscal quarter at not less than 3.0 to 1. This is calculated (based on amounts defined in the amended agreement) as the ratio of consolidated
total EBITDA for the four consecutive quarters then ended to total interest expense on all funded debt for the same period. At June 30, 2023, this ratio, reflecting the July 2023
amendment, was approximately 17 to 1. Debt covenants do not restrict the payment of dividends.
70
[Page 71]
Table of Contents
The Company also had $315 million in stand-alone letters of credit and bank guarantees issued and outstanding at June 30, 2023. These instruments are utilized in connection
with normal business activities.
Cash, cash equivalents and marketable securities:
At June 30, 2023, 3M had $4.3 billion of cash, cash equivalents and marketable securities, of which approximately $3.2 billion was held by the Company’s foreign subsidiaries

CONTEXT 18 (3M_2023Q2_10Q.pdf):
3M's consolidated balance sheet.
New Accounting Pronouncements
Refer to Note 1 to the Consolidated Financial Statements in 3M’s 2022 Annual Report on Form 10-K for a discussion of applicable standards issued and not yet adopted by 3M.
NOTE 2. Revenue
Contract Balances:
Deferred revenue primarily relates to revenue that is recognized over time for one-year software license contracts. Deferred revenue (current portion) as of June 30, 2023 and
December 31, 2022 was $521 million and $538 million, respectively. Approximately $150 million and $350 million of the December 31, 2022 balance was recognized as
revenue during the three and six months ended June 30, 2023, respectively, while approximately $140 million and $340 million of the December 31, 2021 balance was
recognized as revenue during the three and six months ended June 30, 2022, respectively.
Operating Lease Revenue:

CONTEXT 19 (3M_2023Q2_10Q.pdf):
production volumes. During the first six months of 2023, management approved and committed to undertake associated actions impacting approximately 5,100 positions
resulting in a pre-tax charge of $52 million and $212 million in the first and second quarters of 2023, respectively. Remaining activities related to the restructuring actions
approved and committed under this initiative are expected to be largely completed through the end of 2023. 3M expects to commit to further actions under this initiative. This
aggregate initiative beginning in the first quarter of 2023 and continuing through 2025 is expected to impact approximately 8,500 positions worldwide with an expected pre-tax
charge of $700 million to $900 million over that period.
The related restructuring charges for periods presented were recorded in the income (loss) statement as follows:
(Millions)
Three months ended June 30, 2023
Six months ended June 30, 2023
Cost of sales
$
47
$
63

CONTEXT 20 (3M_2023Q2_10Q.pdf):
Electronics these adjustments include the sales and estimates of income regarding PFAS manufactured products that 3M plans to exit by the end of 2025. Refer to the Certain
amounts adjusted for special items - (non-GAAP measures) section for additional details.
66
[Page 67]
Table of Contents
Second quarter 2023 results:
Sales in Transportation and Electronics were down 3.4 percent in U.S. dollars. Adjusting for special item PFAS manufactured products (non-GAAP measure), sales were down
4.7 percent in U.S. dollars.
On an organic sales basis:
•
Sales increased in automotive and aerospace, transportation safety, and commercial solutions, were flat in advanced materials and decreased in electronics.
•
Growth continued to be held back by soft end-market demand for electronics partially offset by growth in automotive and aerospace, which outpaced global car and
light truck builds.
Acquisitions/divestitures:
•

CONTEXT 21 (3M_2023Q2_10Q.pdf):
16 percent which included decreased organic sales of 11 percent. In Japan, total sales decreased 20 percent which included decreased organic sales of 12 percent.
Managing currency risks:
The stronger U.S. dollar had a negative impact on sales in the second quarter and first six months of 2023 compared to the same period last year. Net of the Company’s hedging
strategy, foreign currency negatively impacted earnings in the second quarter and first six months of 2023 compared to the same period last year. 3M utilizes a number of tools
to manage currency risk related to earnings including natural hedges such as pricing, productivity, hard currency, hard currency-indexed billings, and localizing source of
supply. 3M also uses financial hedges to mitigate currency risk. In the case of more liquid currencies, 3M hedges a portion of its aggregate exposure, using a 12, 24 or 36 month

CONTEXT 22 (3M_2023Q2_10Q.pdf):
Other — net
(9)
(22)
Net cash provided by (used in) financing activities
$
(1,519)
$
(3,102)
Total debt was approximately $16.0 billion at June 30, 2023 and $15.9 billion at December 31, 2022. During the first six months of 2023, maturities of $1.8 billion of fixed-rate
notes were offset by issuances of commercial paper of $1.8 billion. The Company had $1.8 billion in commercial paper outstanding at June 30, 2023, compared to no
commercial paper outstanding as of December 31, 2022. Net commercial paper issuances in addition to repayments and borrowings by international subsidiaries are largely
reflected in “Proceeds from debt (maturities greater than 90 days)” in the preceding table. 3M’s primary short-term liquidity needs are met through cash on hand and U.S.
commercial paper issuances. 2022 issuances, maturities, and extinguishments of short-and long-term debt are described in Note 10 to the Consolidated Financial Statements in
3M’s 2022 Annual Report on Form 10-K.

ANSWER:
Not found in context.

GOLD:
No. The quick ratio for 3M was 0.96 by Jun'23 close, which needs a bit of an improvement to touch the 1x mark

JUSTIFICATION:
Quick Ratio= (Total current assets-Total inventories)/Total current liabilities
(15,754-5,280)/10,936

================================================================================
[7/10]

QUESTION:
Which debt securities are registered to trade on a national securities exchange under 3M's name as of Q2 of 2023?

CONTEXT 1 (3M_2023Q2_10Q.pdf):
[Page 1]
Table of Contents
UNITED STATES
SECURITIES AND EXCHANGE COMMISSION
WASHINGTON, D.C. 20549
FORM 10-Q
☒ QUARTERLY REPORT PURSUANT TO SECTION 13 OR 15(d) OF THE SECURITIES EXCHANGE ACT OF 1934
For the quarterly period ended June 30, 2023
or
o TRANSITION REPORT PURSUANT TO SECTION 13 OR 15(d) OF THE SECURITIES EXCHANGE ACT OF 1934
For the transition period from __________ to __________
Commission file number: 1-3285
3M COMPANY
(Exact name of registrant as specified in its charter)
Delaware
41-0417775
(State or other jurisdiction of incorporation)
(IRS Employer Identification No.)
3M Center, St. Paul, Minnesota
55144-1000
(Address of Principal Executive Offices)
(Zip Code)
(Registrant’s Telephone Number, Including Area Code) (651) 733-1110
Not Applicable
(Former Name or Former Address, if Changed Since Last Report)
Securities registered pursuant to Section 12(b) of the Act:
Title of each class
Trading Symbol(s)
Name of each exchange on which registered

CONTEXT 2 (3M_2023Q2_10Q.pdf):
Title of each class
Trading Symbol(s)
Name of each exchange on which registered
Common Stock, Par Value $.01 Per Share
MMM
New York Stock Exchange
MMM
Chicago Stock Exchange, Inc.
1.500% Notes due 2026
MMM26
New York Stock Exchange
1.750% Notes due 2030
MMM30
New York Stock Exchange
1.500% Notes due 2031
MMM31
New York Stock Exchange
Note: The common stock of the Registrant is also traded on the SIX Swiss Exchange.
Indicate by check mark whether the registrant (1) has filed all reports required to be filed by Section 13 or 15(d) of the Securities Exchange Act of 1934 during the preceding 12 months (or
for such shorter period that the registrant was required to file such reports), and (2) has been subject to such filing requirements for the past 90 days. Yes ☒ No ☐
Indicate by check mark whether the registrant has submitted electronically every Interactive Data File required to be submitted pursuant to Rule 405 of Regulation S-T (§232.405 of this

CONTEXT 3 (3M_2023Q2_10Q.pdf):
outstanding as of December 31, 2022.
Total debt:
The strength of 3M’s credit profile and significant ongoing cash flows provide 3M proven access to capital markets. Additionally, the Company’s debt maturity profile is
staggered to help ensure refinancing needs in any given year are reasonable in proportion to the total portfolio. As of June 2023, 3M has a credit rating of A2, negative outlook
from Moody's Investors Service, and a credit rating of A-, CreditWatch negative from S&P Global Ratings.
The Company’s total debt at June 30, 2023 was consistent when compared to December 31, 2022 as maturities of $1.8 billion of fixed-rate notes were offset by issuances of
commercial paper of $1.8 billion. For discussion of repayments of and proceeds from debt refer to the following Cash Flows from Financing Activities section.

CONTEXT 4 (3M_2023Q2_10Q.pdf):
Financing Rate, or SOFR, as a reference rate as necessary.
Effective February 8, 2023, the Company updated its “well-known seasoned issuer” (WKSI) shelf registration statement, which registers an indeterminate amount of debt or
equity securities for future issuance and sale. This replaced 3M’s previous shelf registration dated February 10, 2020. In May 2016, 3M entered into an amended and restated
distribution agreement relating to the future issuance and sale (from time to time) of the Company’s medium-term notes program (Series F), up to the aggregate principal
amount of $18 billion, which was an increase from the previous aggregate principal amount up to $9 billion of the same Series. As of June 30, 2023, the total amount of debt
issued as part of the medium-term notes program (Series F), inclusive of debt issued in February 2019 and prior years is approximately $17.6 billion (utilizing the foreign

CONTEXT 5 (3M_2023Q2_10Q.pdf):
3M’s 2022 Annual Report on Form 10-K.
Repurchases of common stock are made to support the Company’s stock-based employee compensation plans and for other corporate purposes. In the first six months of 2023,
the Company purchased $29 million of its own stock. For more information, refer to the table titled “Issuer Purchases of Equity Securities” in Part II, Item 2. The Company
does not utilize derivative instruments linked to the Company’s stock.
3M has paid dividends since 1916. In February 2023, 3M’s Board of Directors declared a first-quarter 2023 dividend of $1.50 per share, an increase of 1 percent. This is
equivalent to an annual dividend of $6.00 per share and marked the 65th consecutive year of dividend increases. In May 2023, 3M's Board of Directors declared a second-
quarter 2023 dividend of $1.50 per share.

CONTEXT 6 (3M_2023Q2_10Q.pdf):
exchange rates applicable at the time of issuance for the euro denominated debt). Information with respect to long-term debt issuances and maturities for the periods presented
is included in Note 10 of this Form 10-Q and Note 12 in 3M's 2022 Annual Report on Form 10-K.
In May 2023, 3M entered into a $4.25 billion five-year revolving credit facility expiring in 2028; the facility was amended in July 2023. The revolving credit agreement
includes a provision under which 3M may request an increase of up to $1.0 billion (at lender’s discretion), bringing the total facility up to $5.25 billion. The agreement replaced
the amended and restated $3.0 billion, five-year revolving credit agreement and the $1.25 billion 364-day credit facility that would have expired in November 2024 and
November 2023, respectively. The credit facility was undrawn at June 30, 2023. Under the $4.25 billion credit facility, the Company is required to maintain its EBITDA to

CONTEXT 7 (3M_2023Q2_10Q.pdf):
standards provided pursuant to Section 13(a) of the Exchange Act. ☐
Indicate by check mark whether the registrant is a shell company (as defined in Rule 12b-2 of the Exchange Act). Yes ☐ No ☒
Indicate the number of shares outstanding of each of the issuer’s classes of common stock, as of the latest practicable date.
Class
Outstanding at June 30, 2023
Common Stock, $0.01 par value per share
551,992,430 shares
1
[Page 2]
Table of Contents
3M COMPANY
Form 10-Q for the Quarterly Period Ended June 30, 2023
TABLE OF CONTENTS
BEGINNING
PAGE
PART I
FINANCIAL INFORMATION
ITEM 1.
Financial Statements
3
Index to Financial Statements:
Consolidated Statement of Income (Loss)
3
Consolidated Statement of Comprehensive Income (Loss)
4
Consolidated Balance Sheet
5
Consolidated Statement of Cash Flows
6
Notes to Consolidated Financial Statements
7
Note 1. Significant Accounting Policies
7
Note 2. Revenue
8
Note 3. Acquisitions and Divestitures
10
Note 4. Goodwill and Intangible Assets
11

CONTEXT 8 (3M_2023Q2_10Q.pdf):
deposit/time deposits, commercial paper, and other securities, which are classified as available-for-sale. Refer to Note 9 for more details about 3M’s diversified marketable
securities portfolio. Purchases of investments include additional survivor benefit insurance, plus investments in equity securities.
Cash Flows from Financing Activities:
 
Six months ended June 30,
(Millions)
2023
2022
Change in short-term debt — net
$
651 
$
344 
Repayment of debt (maturities greater than 90 days)
(1,802)
(1,179)
Proceeds from debt (maturities greater than 90 days)
1,107 
1 
Total cash change in debt
(44)
(834)
Purchases of treasury stock
(29)
(773)
Proceeds from issuances of treasury stock pursuant to stock option and benefit plans
218 
227 
Dividends paid to shareholders
(1,655)
(1,700)
Other — net
(9)
(22)
Net cash provided by (used in) financing activities
$
(1,519)
$
(3,102)

CONTEXT 9 (3M_2023Q2_10Q.pdf):
components to be important indicators of liquidity and financial position. The following table provides net debt as of June 30, 2023 and December 31, 2022.
(Millions)
June 30, 2023
December 31, 2022
Change
Total debt
$
15,987
$
15,939
$
48 
Less: Cash, cash equivalents and marketable securities
4,337
3,916
421 
Net debt (non-GAAP measure)
$
11,650
$
12,023
$
(373)
Refer to the preceding Total Debt and Cash, Cash Equivalents and Marketable Securities sections for additional details.
Balance Sheet:
3M’s strong balance sheet and liquidity provide the Company with significant flexibility to fund its numerous opportunities going forward. The Company will continue to
invest in its operations to drive growth, including continual review of acquisition opportunities.
The Company uses working capital measures that place emphasis and focus on certain working capital assets, such as accounts receivable and inventory activity.
Working capital (non-GAAP measure):
(Millions)
June 30, 2023

CONTEXT 10 (3M_2023Q2_10Q.pdf):
$
79 
18
[Page 19]
Table of Contents
NOTE 10. Long-Term Debt and Short-Term Borrowings
In February 2023, 3M repaid $500 million aggregate principal amount of fixed-rate registered notes that matured. In March 2023, 3M repaid $650 million aggregate principal
amount of fixed-rate medium-term notes that matured. In May 2023, 3M repaid 600 million euros aggregate principal amount of fixed-rate medium-term notes that matured.
2022 issuances, maturities, and extinguishments of short- and long-term debt are described in Note 12 to the Consolidated Financial Statements in 3M's 2022 Annual Report on
Form 10-K.
The Company had $1.8 billion in commercial paper outstanding at June 30, 2023, compared to no commercial paper outstanding as of December 31, 2022.
In May 2023, 3M entered into a $4.25 billion five-year revolving credit facility expiring in 2028; the facility was amended in July 2023. The revolving credit agreement

CONTEXT 11 (3M_2023Q2_10Q.pdf):
and notes included in its Annual Report on Form 10-K.
In the second quarter of 2023, 3M re-consolidated the Aearo Technology and certain of its related entities (collectively, the "Aearo Entities") as a result of the court dismissal of
their voluntary bankruptcy proceedings. 3M had previously deconsolidated these entities in the third quarter of 2022. The Aearo Entities have appealed the court’s dismissal
decision. See additional information in Note 14.
Effective in the first quarter of 2023, 3M made changes in the measure of segment operating performance and segment composition used by 3M’s chief operating decision
maker—impacting 3M’s disclosed measure of segment profit/loss (business segment operating income (loss)). Also effective in the first quarter of 2023, 3M's Consumer
business segment re-aligned from four divisions to three divisions, see additional information in Note 15. 3M's disclosed disaggregated revenue was also updated as a result of

CONTEXT 12 (3M_2023Q2_10Q.pdf):
Other — net
(9)
(22)
Net cash provided by (used in) financing activities
$
(1,519)
$
(3,102)
Total debt was approximately $16.0 billion at June 30, 2023 and $15.9 billion at December 31, 2022. During the first six months of 2023, maturities of $1.8 billion of fixed-rate
notes were offset by issuances of commercial paper of $1.8 billion. The Company had $1.8 billion in commercial paper outstanding at June 30, 2023, compared to no
commercial paper outstanding as of December 31, 2022. Net commercial paper issuances in addition to repayments and borrowings by international subsidiaries are largely
reflected in “Proceeds from debt (maturities greater than 90 days)” in the preceding table. 3M’s primary short-term liquidity needs are met through cash on hand and U.S.
commercial paper issuances. 2022 issuances, maturities, and extinguishments of short-and long-term debt are described in Note 10 to the Consolidated Financial Statements in
3M’s 2022 Annual Report on Form 10-K.

CONTEXT 13 (3M_2023Q2_10Q.pdf):
13
[Page 14]
Table of Contents
NOTE 7. Supplemental Equity and Comprehensive Income (Loss) Information
Cash dividends declared and paid totaled $1.50 and $1.49 per share for the first and second quarters of 2023 and 2022, respectively, or $3.00 and $2.98 per share for the first six
months of 2023 and 2022, respectively.
Consolidated Changes in Equity
Three months ended June 30, 2023
3M Company Shareholders
(Millions)
Total
Common Stock
and Additional
Paid-in Capital
Retained
Earnings
Treasury Stock
Accumulated Other
Comprehensive
Income (Loss)
Non-controlling
Interest
Balance at March 31, 2023
$
15,351 
$
6,825
$
47,966
$
(32,963)
$
(6,530)
$
53 
Net income (loss)
(6,836)
(6,841)
5 
Other comprehensive income (loss), net of tax:
Cumulative translation adjustment
25 
24 
1 
Defined benefit pension and post-retirement plans adjustment
50 
50 
Cash flow hedging instruments
23 
23 
Total other comprehensive income (loss), net of tax
98 
Dividends declared
(828)
(828)

CONTEXT 14 (3M_2023Q2_10Q.pdf):
76
ITEM 4.
Controls and Procedures
76
PART II
OTHER INFORMATION
ITEM 1.
Legal Proceedings
77
ITEM 1A.
Risk Factors
77
ITEM 2.
Unregistered Sales of Equity Securities and Use of Proceeds
85
ITEM 3.
Defaults Upon Senior Securities
85
ITEM 4.
Mine Safety Disclosures
85
ITEM 5.
Other Information
85
ITEM 6.
Exhibits
86
2
[Page 3]
Table of Contents
3M COMPANY
FORM 10-Q
For the Quarterly Period Ended June 30, 2023
PART I. Financial Information
Item 1. Financial Statements.
3M Company and Subsidiaries
Consolidated Statement of Income (Loss)
(Unaudited)
Three months ended
June 30,
Six months ended
June 30,
(Millions, except per share amounts)
2023
2022
2023
2022
Net sales
$
8,325 
$
8,702 
$
16,356 
$
17,531 
Operating expenses
Cost of sales
4,606 
5,093 
9,219 
9,919 
Selling, general and administrative expenses
12,204 
3,023 
13,909 
4,905 
Research, development and related expenses
473 
476 
945 
956 
Total operating expenses
17,283 
8,592 
24,073 
15,780

CONTEXT 15 (3M_2023Q2_10Q.pdf):
own stock, compared to $773 million of stock purchases in the first six months of 2022. As of June 30, 2023, approximately $4.2 billion remained available under the
authorization. In February 2023, 3M’s Board of Directors declared a first-quarter 2023 dividend of $1.50 per share, an increase of 1 percent. This marked the 65th consecutive
year of dividend increases for 3M. In May 2023, 3M's Board of Directors declared a second-quarter 2023 dividend of $1.50 per share.
RESULTS OF OPERATIONS
Net Sales:
Refer to the preceding Overview section and the Performance by Business Segment section later in MD&A for additional discussion of sales change.
Operating Expenses:
Three months ended
June 30,
Six months ended
June 30,
(Percent of net sales)
2023
2022
Change
2023
2022
Change
Cost of sales
55.3 %
58.5 %
(3.2)%
56.4 %
56.6 %
(0.2)%
Selling, general and administrative expenses (SG&A)
146.6 
34.7 
111.9 
85.0 
27.9 
57.1 
Research, development and related expenses (R&D)
5.7

CONTEXT 16 (3M_2023Q2_10Q.pdf):
international earnings still considered to be reinvested indefinitely, the Company currently has no plans or intentions to repatriate these funds for U.S. operations. See Note 10
in 3M's 2022 Annual Report on Form 10-K for further information on earnings considered to be reinvested indefinitely.
3M maintains a strong liquidity profile. The Company’s primary short-term liquidity needs are met through cash on hand and U.S. commercial paper issuances. 3M believes it
will have continuous access to the commercial paper market. 3M’s commercial paper program permits the Company to have a maximum of $5 billion outstanding with a
maximum maturity of 397 days from date of issuance. The Company had $1.8 billion in commercial paper outstanding at June 30, 2023, compared to no commercial paper
outstanding as of December 31, 2022.
Total debt:

CONTEXT 17 (3M_2023Q2_10Q.pdf):
[Page 5]
Table of Contents
3M Company and Subsidiaries
Consolidated Balance Sheet
(Unaudited)
(Dollars in millions, except per share amount)
June 30, 2023
December 31, 2022
Assets
Current assets
Cash and cash equivalents
$
4,258 
$
3,655 
Marketable securities — current
56 
238 
Accounts receivable — net of allowances of $160 and $174
4,947 
4,532 
Inventories
Finished goods
2,526 
2,497 
Work in process
1,527 
1,606 
Raw materials and supplies
1,227 
1,269 
Total inventories
5,280 
5,372 
Prepaids
674 
435 
Other current assets
539 
456 
Total current assets
15,754 
14,688 
Property, plant and equipment
26,459 
25,998 
Less: Accumulated depreciation
(17,248)
(16,820)
Property, plant and equipment — net
9,211 
9,178 
Operating lease right of use assets
812 
829 
Goodwill
12,869 
12,790 
Intangible assets — net
4,470 
4,699 
Other assets
5,764 
4,271 
Total assets
$
48,880 
$
46,455 
Liabilities
Current liabilities

CONTEXT 18 (3M_2023Q2_10Q.pdf):
regarding PFAS (see Note 14). SG&A was also impacted by restructuring charges, divestiture costs (related to separating and preparing the Health Care business for spin-off),
continued investment in key growth initiatives and ongoing respirator mask/asbestos litigation matters. These impacts were partially offset by lower net costs for significant
litigation to address Combat Arms Earplugs litigation matters (for which a pre-tax charge of approximately $1.2 billion was reflected in the second quarter of 2022),
restructuring benefits and ongoing general 3M cost management.
Research, Development and Related Expenses:
R&D, measured as a percent of sales, increased in the second quarter and first six months of 2023 when compared to the same period last year. 3M continues to invest in a
range of R&D activities from application development, product and manufacturing support, product development and technology development aimed at disruptive innovations.

CONTEXT 19 (3M_2023Q2_10Q.pdf):
3M's consolidated balance sheet.
New Accounting Pronouncements
Refer to Note 1 to the Consolidated Financial Statements in 3M’s 2022 Annual Report on Form 10-K for a discussion of applicable standards issued and not yet adopted by 3M.
NOTE 2. Revenue
Contract Balances:
Deferred revenue primarily relates to revenue that is recognized over time for one-year software license contracts. Deferred revenue (current portion) as of June 30, 2023 and
December 31, 2022 was $521 million and $538 million, respectively. Approximately $150 million and $350 million of the December 31, 2022 balance was recognized as
revenue during the three and six months ended June 30, 2023, respectively, while approximately $140 million and $340 million of the December 31, 2021 balance was
recognized as revenue during the three and six months ended June 30, 2022, respectively.
Operating Lease Revenue:

CONTEXT 20 (3M_2023Q2_10Q.pdf):
lock contracts, which will be amortized over the respective lives of the underlying notes. Based on exchange rates as of June 30, 2023, of the total after-tax net unrealized
balance as of June 30, 2023, 3M expects to reclassify approximately $75 million after-tax net unrealized gain over the next 12 months (with the impact offset by earnings/losses
from underlying hedged items).
The amount of pretax gain (loss) recognized in other comprehensive income (loss) related to derivative instruments designated as cash flow hedges is provided in the following
table.
Pretax Gain (Loss) Recognized in Other Comprehensive Income (Loss) on Derivative
Three months ended
June 30,
Six months ended
June 30,
(Millions)
2023
2022
2023
2022
Foreign currency forward/option contracts
$
72 
$
128 
$
78 
$
134 
Interest rate contracts
— 
— 
—
—
Total
$
72 
$
128 
$
78 
$
134 
Fair Value Hedges:

CONTEXT 21 (3M_2023Q2_10Q.pdf):
At June 30, 2023, 3M’s deferred tax assets, a component of other assets on the consolidated balance sheet, also included a balance of approximately $2.4 billion as a result of
the pre-tax charge related to the proposed settlement agreement announced in the second quarter of 2023 with public water systems in the United States regarding PFAS (see
Note 14). As of June 30, 2023 and December 31, 2022, the Company had valuation allowances of $128 million and $115 million on its deferred tax assets, respectively.
NOTE 9. Marketable Securities
The Company invests in asset-backed securities, certificates of deposit/time deposits, commercial paper, and other securities. The following is a summary of amounts recorded
on the Consolidated Balance Sheet for marketable securities (current and non-current).
(Millions)
June 30, 2023
December 31, 2022
Commercial paper
$
10 
$
213 
Certificates of deposit/time deposits
42 
21 
U.S. municipal securities
4 
4 
Current marketable securities
56

CONTEXT 22 (3M_2023Q2_10Q.pdf):
second quarter of 2023, 3M closed on the sale of these subsidiaries, resulting in an immaterial gain after reversing this reserve while reclassifying the balance of cumulative
translation adjustment into earnings.
Fair Value of Financial Instruments:
The Company’s financial instruments include cash and cash equivalents, marketable securities, accounts receivable, certain investments, accounts payable, borrowings, and
derivative contracts. The fair values of cash equivalents, accounts receivable, accounts payable, and short-term borrowings and current portion of long-term debt approximated
carrying values because of the short-term nature of these instruments. Available-for-sale marketable securities, in addition to certain derivative instruments, are recorded at fair
values as indicated in the preceding disclosures. To estimate fair values (classified as level 2) for its long-term debt, the Company utilized third-party quotes, which are derived

ANSWER:
As of June 30, 2023, the following debt securities were registered to trade on the New York Stock Exchange:
*   1.500% Notes due 2026 (Trading Symbol: MMM26)
*   1.750% Notes due 2030 (Trading Symbol: MMM30)
*   1.500% Notes due 2031 (Trading Symbol: MMM31)

GOLD:
Following debt securities registered under 3M's name are listed to trade on the New York Stock Exchange:
-1.500% Notes due 2026 (Trading Symbol: MMM26)
-1.750% Notes due 2030 (Trading Symbol: MMM30)
-1.500% Notes due 2031 (Trading Symbol: MMM31)

================================================================================
[8/10]

QUESTION:
Does 3M maintain a stable trend of dividend distribution?

CONTEXT 1 (3M_2023Q2_10Q.pdf):
3M’s 2022 Annual Report on Form 10-K.
Repurchases of common stock are made to support the Company’s stock-based employee compensation plans and for other corporate purposes. In the first six months of 2023,
the Company purchased $29 million of its own stock. For more information, refer to the table titled “Issuer Purchases of Equity Securities” in Part II, Item 2. The Company
does not utilize derivative instruments linked to the Company’s stock.
3M has paid dividends since 1916. In February 2023, 3M’s Board of Directors declared a first-quarter 2023 dividend of $1.50 per share, an increase of 1 percent. This is
equivalent to an annual dividend of $6.00 per share and marked the 65th consecutive year of dividend increases. In May 2023, 3M's Board of Directors declared a second-
quarter 2023 dividend of $1.50 per share.

CONTEXT 2 (3M_2022_10K.pdf):
In November 2018, 3M’s Board of Directors replaced the Company’s February 2016 repurchase program with a new repurchase program. This new program authorizes the
repurchase of up to $10 billion of 3M’s outstanding common stock, with no pre-established end date. In 2022, the Company purchased $1.5 billion of its own stock, compared
to $2.2 billion of stock purchases in 2021. As of December 31, 2022, approximately $4.2 billion remained available under the authorization. In February 2023, 3M’s Board of
Directors declared a first-quarter 2023 dividend of $1.50 per share, an increase of 1 percent. This marked the 65th consecutive year of dividend increases for 3M.
Raw materials:
Refer to the section entitled “Raw materials” in Item 1 for discussion of 3M's sources and availability of raw materials in 2022.
Pension and postretirement defined benefit/contribution plans:

CONTEXT 3 (3M_2023Q2_10Q.pdf):
own stock, compared to $773 million of stock purchases in the first six months of 2022. As of June 30, 2023, approximately $4.2 billion remained available under the
authorization. In February 2023, 3M’s Board of Directors declared a first-quarter 2023 dividend of $1.50 per share, an increase of 1 percent. This marked the 65th consecutive
year of dividend increases for 3M. In May 2023, 3M's Board of Directors declared a second-quarter 2023 dividend of $1.50 per share.
RESULTS OF OPERATIONS
Net Sales:
Refer to the preceding Overview section and the Performance by Business Segment section later in MD&A for additional discussion of sales change.
Operating Expenses:
Three months ended
June 30,
Six months ended
June 30,
(Percent of net sales)
2023
2022
Change
2023
2022
Change
Cost of sales
55.3 %
58.5 %
(3.2)%
56.4 %
56.6 %
(0.2)%
Selling, general and administrative expenses (SG&A)
146.6 
34.7 
111.9 
85.0 
27.9 
57.1 
Research, development and related expenses (R&D)
5.7

CONTEXT 4 (3M_2018_10K.pdf):
when comparing 2017 to 2016. Refer to the section entitled “Financial Condition and Liquidity” later in MD&A for a discussion of items impacting cash
flows. In November 2018, 3M’s Board of Directors authorized the repurchase of up to $10 billion of 3M’s outstanding common stock, which replaced the
Company’s February 2016 repurchase program. This program has no pre-established end date. In 2018, the Company purchased $4.9 billion of its own
stock, compared to purchases of $2.1 billion in 2017 and $3.8 billion in 2016. The Company expects to purchase $2.0 billion to $4.0 billion of its own stock
in 2019. In February 2019, 3M’s Board of Directors declared a first-quarter 2019 dividend of $1.44 per share, an increase of 6 percent. This marked the
61st consecutive year of dividend increases for 3M. The Company has an AA- credit rating, with a stable outlook, from Standard & Poor’s and an A1

CONTEXT 5 (3M_2022_10K.pdf):
dividends of $5.96, $5.92, and $5.88 per share, respectively.
Dividend to noncontrolling interest in 2022 of $29 million related to dividend paid by 3M India Limited, of which 3M’s effective ownership is 75 percent.
Changes in Accumulated Other Comprehensive Income (Loss) Attributable to 3M by Component
(Millions)
Cumulative
Translation
Adjustment
Defined Benefit
Pension and
Postretirement Plans
Adjustment
Cash Flow Hedging
Instruments, Unrealized
Gain (Loss)
Total Accumulated
Other Comprehensive
Income (Loss)
Balance at December 31, 2019, net of tax:
$
(1,899)
$
(6,204)
$
(31)
$
(8,134)
Other comprehensive income (loss), before tax:
Amounts before reclassifications
387 
(582)
(113)
(308)
Amounts reclassified out
— 
619 
(71)
548 
Total other comprehensive income (loss), before tax
387 
37 
(184)
240 
Tax effect
62 
69 
42 
173 
Total other comprehensive income (loss), net of tax
449 
106 
(142)
413 
Balance at December 31, 2020, net of tax:
(1,450)
(6,098)
(173)
(7,721)

CONTEXT 6 (3M_2022_10K.pdf):
Equity compensation plans’ information is incorporated by reference from Part III, Item 12, “Security Ownership of Certain Beneficial Owners and Management and Related
Stockholder Matters,” of this document, and should be considered an integral part of Item 5. At January 31, 2023, there were 62,488 shareholders of record. 3M’s stock ticker
symbol is MMM and is listed on the New York Stock Exchange, Inc. (NYSE), the Chicago Stock Exchange, Inc., and the SIX Swiss Exchange. Cash dividends declared and
paid totaled $1.49 and $1.48 per share for each quarter in 2022 and 2021, respectively. 3M typically declares and pays dividends in the same quarter.
Issuer Purchases of Equity Securities
Repurchases of 3M common stock are made to support the Company’s stock-based employee compensation plans and for other corporate purposes. In November 2018, 3M’s

CONTEXT 7 (3M_2018_10K.pdf):
credit rating, with a stable outlook, from Moody’s Investors Service. The Company generates significant ongoing cash flow and has proven access to capital
markets funding throughout business cycles.
 
Raw materials:
 
In 2018, the Company experienced raw material price inflation across most material markets worldwide. In response, the Company continued to deploy
productivity projects to minimize the impact of raw material inflation and market supply challenges, including input management, reformulations, and
multi-sourcing activities. These succeeded in partially offsetting the overall raw material headwinds experienced throughout the year. To date, the
Company is receiving sufficient quantities of all raw materials to meet its reasonably foreseeable production requirements. It is difficult to predict future
shortages of raw materials or the impact any such shortages would have. 3M has avoided disruption to its manufacturing operations through careful

CONTEXT 8 (3M_2022_10K.pdf):
capital in accordance with the Company's stated priorities and meet needs associated with contractual commitments and other obligations. Investing in 3M’s business to drive
organic growth and deliver strong returns on invested capital remains the first priority for capital deployment. This includes research and development, capital expenditures, and
commercialization capability. The Company also continues to actively manage its portfolio through acquisitions and divestitures to maximize value for shareholders. 3M
expects to continue returning cash to shareholders through dividends and share repurchases. To fund cash needs in the United States, the Company relies on ongoing cash flow
from U.S. operations, access to capital markets and repatriation of the earnings of its foreign affiliates that are not considered to be permanently reinvested. For those

CONTEXT 9 (3M_2023Q2_10Q.pdf):
chain and its manufacturing and distribution capabilities. Although COVID-19 increased demand for certain 3M products, it also resulted in decreased demand from certain end
markets, made it more difficult for 3M to serve customers, and resulted in conditions that had the potential to damage 3M's reputation, including third-party price gouging,
counterfeiting, and other illegal or fraudulent activities involving 3M's products. Furthermore, COVID-19 has impacted and may further impact the broader economies of
affected countries, including negatively impacting economic growth, the proper functioning of financial and capital markets, foreign currency exchange rates, and interest rates.
As the pandemic evolves, demand for personal protection products such as disposable respirators has experienced a decline from prior levels. 3M is not able to predict the

CONTEXT 10 (3M_2018_10K.pdf):
Dividends Paid to Shareholders:
 
Cash dividends paid to shareholders totaled $3.193 billion ($5.44 per share) in 2018, $2.803 billion ($4.70 per share) in 2017, and $2.678 billion ($4.44 per
share) in 2016. 3M has paid dividends since 1916. In February 2019, 3M’s Board of Directors declared a first-quarter 2019 dividend of $1.44 per share, an
increase of 6 percent. This is equivalent to an annual dividend of $5.76 per share and marked the 61st consecutive year of dividend increases.
 
48
[Page 49]
Table of Contents 
Other cash flows from financing activities may include various other items, such as changes in cash overdraft balances, and principal payments for capital
leases. In addition, in 2017, this included a payment related to the $96 million in interest expense associated with premiums and fees for the early retirement
of debt. See Note 12 for additional details.
 
Free Cash Flow (non-GAAP measure):

CONTEXT 11 (3M_2023Q2_10Q.pdf):
capital in accordance with the Company's stated priorities and meet needs associated with contractual commitments and other obligations. Investing in 3M’s business to drive
organic growth and deliver strong returns on invested capital remains the first priority for capital deployment. This includes research and development, capital expenditures,
and commercialization capability. The Company also continues to actively manage its portfolio through acquisitions and divestitures to maximize value for shareholders. 3M
expects to continue returning cash to shareholders through dividends and share repurchases. To fund cash needs in the United States, the Company relies on ongoing cash flow
from U.S. operations, access to capital markets and repatriation of the earnings of its foreign affiliates that are not considered to be permanently reinvested. For those

CONTEXT 12 (3M_2018_10K.pdf):
Company’s consolidated results of operations and financial condition. Prior periods have not been restated.
 
Cash dividends declared and paid totaled $1.36 and $1.175 per share for each quarter in 2018 and 2017, respectively. 3M typically declares and pays
dividends in the same quarter. In December 2014, 3M declared dividends that were paid in the following first quarter.
14
[Page 15]
Table of Contents 
 
Item 7. Management’s  Discussion and Analysis of Financial Condition and Results of Operations.
 
Management’s Discussion and Analysis of Financial Condition and Results of Operations (MD&A) is designed to provide a reader of 3M’s financial
statements with a narrative from the perspective of management. 3M’s MD&A is presented in eight sections:
 
·
Overview
·
Results of Operations
·
Performance by Business Segment
·
Performance by Geographic Area
·
Critical Accounting Estimates
·
New Accounting Pronouncements
·
Financial Condition and Liquidity
·

CONTEXT 13 (3M_2018_10K.pdf):
Equity compensation plans’ information is incorporated by reference from Part III, Item 12, “Security Ownership of Certain Beneficial Owners and
Management and Related Stockholder Matters,” of this document, and should be considered an integral part of Item 5. At January 31, 2019, there were
76,596 shareholders of record. 3M’s stock ticker symbol is MMM and is listed on the New York Stock Exchange, Inc. (NYSE), the Chicago Stock
Exchange, Inc., and the SWX Swiss Exchange. Cash dividends declared and paid totaled $1.36 and $1.175 per share for each quarter in 2018 and 2017,
respectively.
 
Issuer Purchases of Equity Securities
 
Repurchases of 3M common stock are made to support the Company’s stock-based employee compensation plans and for other corporate purposes. In
February 2016, 3M’s Board of Directors authorized the repurchase of up to $10 billion of 3M’s outstanding common stock, with no pre-established end

CONTEXT 14 (3M_2023Q2_10Q.pdf):
includes a provision under which 3M may request an increase of up to $1.0 billion (at lender’s discretion), bringing the total facility up to $5.25 billion. The agreement replaced
the amended and restated $3.0 billion, five-year revolving credit agreement and the $1.25 billion 364-day credit facility that would have expired in November 2024 and
November 2023, respectively. The credit facility was undrawn at June 30, 2023. Under the $4.25 billion credit facility, the Company is required to maintain its EBITDA to
Interest Ratio as of the end of each fiscal quarter at not less than 3.0 to 1. This is calculated (based on amounts defined in the amended agreement) as the ratio of consolidated
total EBITDA for the four consecutive quarters then ended to total interest expense on all funded debt for the same period. At June 30, 2023, this ratio, reflecting the July 2023
amendment, was approximately 17 to 1. Debt covenants do not restrict the payment of dividends.

CONTEXT 15 (3M_2022_10K.pdf):
headwinds from global supply chain challenges and increased compensation/benefit costs. The following also impacted results or provide additional information:
•
2021 benefit of $91 million pre-tax ($0.12 per share after tax) from a favorable Brazilian Supreme Court decision that concluded on the impact of state value-
added tax when determining Brazil’s federal sales-based social tax—essentially lowering the social tax that 3M should have paid in prior periods.
•
3M continued prioritization of investments in growth and sustainability.
•
2021 benefit from higher selling prices, restructuring actions taken in 2020 and positive/negative impact of year-over-year change in non-divestiture-related
restructuring charges, net of adjustments, for respective periods. Note 5 provides additional information relative to restructuring actions.
•
Lower year-on-year net gains related to certain property sales.
•
COVID-impacts recognized on certain assets in 2020.
•

CONTEXT 16 (3M_2018_10K.pdf):
1,349  
 
5,363  
Net income attributable to 3M
 
 
602  
 
1,857  
 
1,543  
 
1,347  
 
5,349  
Earnings per share attributable to 3M common shareholders - basic
 
 
1.01  
 
3.14  
 
2.64  
 
2.32  
 
9.09  
Earnings per share attributable to 3M common shareholders - diluted
 
 
0.98  
 
3.07  
 
2.58  
 
2.27  
 
8.89  
 
(Millions, except per-share amounts)
    
First
    
Second
    
Third
    
Fourth
    
Year
 
2017
 
Quarter
 
Quarter
 
Quarter
 
Quarter
 
2017
 
Net sales
 
$
7,685  
$
7,810  
$
8,172  
$
7,990  
$
31,657  
Cost of sales
 
 
3,882  
 
4,020  
 
4,059  
 
4,094  
 
16,055  
Net income including noncontrolling interest
 
 
1,326  
 
1,585  
 
1,433  
 
525  
 
4,869  
Net income attributable to 3M
 
 
1,323  
 
1,583  
 
1,429  
 
523  
 
4,858  
Earnings per share attributable to 3M common shareholders - basic
 
 
2.21  
 
2.65  
 
2.39  
 
0.88  
 
8.13  
Earnings per share attributable to 3M common shareholders - diluted
 
 
2.16  
 
2.58  
 
2.33

CONTEXT 17 (3M_2022_10K.pdf):
in four business segments: Safety and Industrial; Transportation and Electronics; Health Care; and Consumer. 3M’s four business segments bring together common or related
3M technologies, enhancing the development of innovative products and services and providing for efficient sharing of business resources. In July 2022, 3M announced its
intention to spin off the Health Care business as a separate public company (see Note 3 for additional information). Transactions among reportable segments are recorded at
cost. 3M is an integrated enterprise characterized by substantial intersegment cooperation, cost allocations and inventory transfers. Therefore, management does not represent
that these segments, if operated independently, would report the operating income information shown.
3M discloses business segment operating income as its measure of segment profit/loss, reconciled to both total 3M operating income and income before taxes. Business segment

CONTEXT 18 (3M_2018_10K.pdf):
million shares is authorized but unissued.
 
Cash dividends declared and paid totaled $1.36, $1.175 and $1.11 per share for each quarter in 2018, 2017 and 2016, respectively, which resulted in total
year declared and paid dividends of $5.44, $4.70 and $4.44 per share, respectively.
 
Transfer of Ownership Interest Involving Non-Wholly Owned Subsidiaries
 
During 2018, a wholly owned subsidiary in India was sold to 3M India Limited, which is 75 percent owned by the Company. Because the Company
retained its controlling interest in the subsidiary involved, the sale resulted in a deemed dividend to 3M, resulting in an increase in 3M Company
shareholders’ equity and a decrease in noncontrolling interest. Refer to the Consolidated Statement of Changes in Equity for further details.
 
Changes in Accumulated Other Comprehensive Income (Loss) Attributable to 3M by Component
 
 
 
 
 
 
Defined Benefit
 
Cash Flow
 
Total
 
 
 
 
 
 
Pension and
 
Hedging
 
Accumulated
 
 
 
Cumulative

CONTEXT 19 (3M_2022_10K.pdf):
which may adversely affect the Company's business and supply chain.
Climate change, as well as related environmental and social regulations, may negatively impact the Company or its customers and suppliers, in terms of availability and cost of
natural resources, sources and supply of energy, product demand and manufacturing, and the health and well-being of individuals and communities in which we or our suppliers
or customers operate.
* Unexpected events, such as those related to the coronavirus (COVID-19) public health crisis, may increase the Company's cost of doing business and disrupt the Company's
operations.
3M, as a global company, is impacted by unexpected events, including war, acts of terrorism, public health crises (such as the COVID-19 pandemic), civil unrest, natural
disasters, and severe weather in the locations in which the Company or its suppliers or customers operate, and these events have adversely affected, and could in the future

CONTEXT 20 (3M_2023Q2_10Q.pdf):
deposit/time deposits, commercial paper, and other securities, which are classified as available-for-sale. Refer to Note 9 for more details about 3M’s diversified marketable
securities portfolio. Purchases of investments include additional survivor benefit insurance, plus investments in equity securities.
Cash Flows from Financing Activities:
 
Six months ended June 30,
(Millions)
2023
2022
Change in short-term debt — net
$
651 
$
344 
Repayment of debt (maturities greater than 90 days)
(1,802)
(1,179)
Proceeds from debt (maturities greater than 90 days)
1,107 
1 
Total cash change in debt
(44)
(834)
Purchases of treasury stock
(29)
(773)
Proceeds from issuances of treasury stock pursuant to stock option and benefit plans
218 
227 
Dividends paid to shareholders
(1,655)
(1,700)
Other — net
(9)
(22)
Net cash provided by (used in) financing activities
$
(1,519)
$
(3,102)

CONTEXT 21 (3M_2018_10K.pdf):
Net income attributable to 3M — basic
 
 
9.09  
 
8.13  
 
8.35  
 
7.72  
 
7.63  
Net income attributable to 3M — diluted
 
 
8.89  
 
7.93  
 
8.16  
 
7.58  
 
7.49  
Cash dividends declared per 3M common share
 
 
5.44  
 
4.70  
 
4.44  
 
3.075  
 
3.59  
Cash dividends paid per 3M common share
 
 
5.44  
 
4.70  
 
4.44  
 
4.10  
 
3.42  
At December 31:
 
 
  
 
  
 
  
 
  
 
  
Total assets
 
$
36,500  $
37,987  $
32,906  $
32,883  $
31,374  
Long-term debt (excluding portion due within one year) and long-term
capital lease obligations
 
 
13,486  
 
12,156  
 
10,723  
 
8,799  
 
6,764  
* The Company adopted ASU No. 2014-09 and related standards (collectively, Accounting Standards Codification (ASC) 606, Revenue from Contracts with
Customers), as described in Note 1, on January 1, 2018 using the modified retrospective method of adoption, the impact of which was not material to the

CONTEXT 22 (3M_2022_10K.pdf):
[Table — page 57]
Numerator: |  |  |  |  |  |  |  |  | 
Net income attributable to 3M |  | $ | 5,777 |  | $ | 5,921 |  | $ | 5,449
 |  |  |  |  |  |  |  |  | 
Denominator: |  |  |  |  |  |  |  |  | 
Denominator for weighted average 3M common shares outstanding – basic |  | 566.0 |  |  | 579.0 |  |  | 577.6 | 
Dilution associated with the Company’s stock-based compensation plans |  | 1.6 |  |  | 6.3 |  |  | 4.6 | 
Denominator for weighted average 3M common shares outstanding – diluted |  | 567.6 |  |  | 585.3 |  |  | 582.2 | 
 |  |  |  |  |  |  |  |  | 
Earnings per share attributable to 3M common shareholders – basic |  | $ | 10.21 |  | $ | 10.23 |  | $ | 9.43
Earnings per share attributable to 3M common shareholders – diluted |  | $ | 10.18 |  | $ | 10.12 |  | $ | 9.36

ANSWER:
Yes, 3M maintains a stable trend of dividend distribution. According to the provided documents, 3M has paid dividends since 1916 and, as of 2023, has marked 65 consecutive years of dividend increases.

The dividend distribution trend is evidenced by the following per-share figures:
*   **2016:** $4.44 per share
*   **2017:** $4.70 per share
*   **2018:** $5.44 per share
*   **2019 (Annualized):** $5.76 per share (based on a first-quarter declaration of $1.44 per share, which was a 6 percent increase)
*   **2020:** $5.88 per share
*   **2021:** $5.92 per share
*   **2022:** $5.96 per share
*   **2023 (Annualized):** $6.00 per share (based on a first-quarter declaration of $1.50 per share, which was a 1 percent increase)

**Calculations for annualized and total figures provided in the context:**
*   **2023 Annualized Dividend:** $1.50 per share (declared in Q1 and Q2 2023) × 4 quarters = $6.00 per share.
*   **2022 Total Dividend:** $1.49 per share (per quarter) × 4 quarters = $5.96 per share.
*   **2021 Total Dividend:** $1.48 per share (per quarter) × 4 quarters = $5.92 per share.
*   **2019 Annualized Dividend:** $1.44 per share (declared in Q1 2019) × 4 quarters = $5.76 per share.

GOLD:
Yes, not only they distribute the dividends on a routine basis, 3M has also been increasing the per share dividend for consecutive 65 years

================================================================================
[9/10]

QUESTION:
What is the FY2019 fixed asset turnover ratio for Activision Blizzard? Fixed asset turnover ratio is defined as: FY2019 revenue / (average PP&E between FY2018 and FY2019). Round your answer to two decimal places. Base your judgments on the information provided primarily in the statement of income and the statement of financial position.

CONTEXT 1 (ACTIVISIONBLIZZARD_2019_10K.pdf):
12,805
 
11,392
Total liabilities and shareholders’ equity
$
19,845
 $
17,890
The accompanying notes are an integral part of these Consolidated Financial Statements.
F-4
[Page 70]
Table of Contents
ACTIVISION BLIZZARD, INC. AND SUBSIDIARIES
CONSOLIDATED STATEMENTS OF OPERATIONS
(Amounts in millions, except per share data)
 
For the Years Ended December 31,
 
2019
 
2018
 
2017
Net revenues
 
 
  
 
Product sales
$
1,975
 $
2,255  $
2,110
Subscription, licensing, and other revenues
4,514
 
5,245  
4,907
Total net revenues
6,489
 
7,500  
7,017
 
 
  
  
Costs and expenses
 
 
  
 
Cost of revenues—product sales:
 
  
  
Product costs
656
 
719  
733
Software royalties, amortization, and intellectual property licenses
240
 
371  
300
Cost of revenues—subscription, licensing, and other revenues:
 
  
  
Game operations and distribution costs
965
 
1,028  
984
Software royalties, amortization, and intellectual property licenses
233
 
399  
484
Product development
998
 
1,101  
1,069

CONTEXT 2 (ACTIVISIONBLIZZARD_2019_10K.pdf):
[Page 1]
UNITED STATES
SECURITIES AND EXCHANGE COMMISSION
Washington, D.C. 20549
FORM 10-K
☒    ANNUAL REPORT PURSUANT TO SECTION 13 OR 15(d) OF THE SECURITIES EXCHANGE ACT OF 1934
For the Fiscal Year Ended December 31, 2019  
OR
☐TRANSITION REPORT PURSUANT TO SECTION 13 OR 15(d) OF THE SECURITIES EXCHANGE ACT OF 1934
For the transition period from                      to   
Commission File Number 1-15839
ACTIVISION BLIZZARD, INC.
(Exact name of registrant as specified in its charter)
Delaware
 
95-4803544
(State or other jurisdiction of incorporation or organization)
 
(I.R.S. Employer Identification No.)
3100 Ocean Park Boulevard
Santa Monica,
CA  
90405
(Address of principal executive offices)
 
(Zip Code)
(310) 255-2000
(Registrant’s telephone number, including area code)
Securities registered pursuant to Section 12(b) of the Act:
Title of each class
 
Trading Symbol(s)
 
Name of each exchange on which registered
Common Stock, par value $0.000001 per share
 
ATVI

CONTEXT 3 (ACTIVISIONBLIZZARD_2019_10K.pdf):
2019, 2018, and 2017.
6. Property and Equipment, Net
Property and equipment, net was comprised of the following (amounts in millions):
 
At December 31,
 
2019
 
2018
Land
$
1
 $
1
Buildings
4
 
4
Leasehold improvements
252
 
248
Computer equipment
654
 
700
Office furniture and other equipment
91
 
99
Total cost of property and equipment
1,002
 
1,052
Less accumulated depreciation
(749)  
(770)
Property and equipment, net
$
253
 $
282
Depreciation expense for the years ended December 31, 2019, 2018, and 2017 was $124 million, $138 million, and $130 million, respectively.
F-25
[Page 91]
Table of Contents
ACTIVISION BLIZZARD, INC. AND SUBSIDIARIES
Notes to Consolidated Financial Statements (continued)
7. Intangible Assets, Net
Intangible assets, net consist of the following (amounts in millions):
 
At December 31, 2019
 
Estimated
useful
lives
 
Gross
carrying
amount
 
Accumulated
amortization
 
Net
carrying
amount
Acquired definite-lived intangible assets:

CONTEXT 4 (ACTIVISIONBLIZZARD_2019_10K.pdf):
766
The accompanying notes are an integral part of these Consolidated Financial Statements.
F-5
[Page 71]
Table of Contents
ACTIVISION BLIZZARD, INC. AND SUBSIDIARIES
CONSOLIDATED STATEMENTS OF COMPREHENSIVE INCOME
(Amounts in millions)
 
For the Years Ended December 31,
 
2019
 
2018
 
2017
Net income
$
1,503
 $
1,848  $
273
Other comprehensive income (loss):
 
 
  
 
Foreign currency translation adjustments, net of tax
5
 
(9)  
36
Unrealized gains (losses) on forward contracts designated as hedges, net of tax
(15)  
38  
(44)
Unrealized gains (losses) on investments, net of tax
(8)  
5  
(1)
Total other comprehensive income (loss)
$
(18)  $
34  $
(9)
Comprehensive income
$
1,485
 $
1,882  $
264
The accompanying notes are an integral part of these Consolidated Financial Statements.
F-6

[Page 72]
Table of Contents
ACTIVISION BLIZZARD, INC. AND SUBSIDIARIES
CONSOLIDATED STATEMENTS OF CHANGES IN SHAREHOLDERS’ EQUITY
For the Years Ended December 31, 2019, 2018, and 2017

CONTEXT 5 (ACTIVISIONBLIZZARD_2019_10K.pdf):
business. “Over-time and other revenue” is primarily comprised of revenue associated with the online functionality of our games, in-game purchases, and subscriptions.
Content Release and Event Highlights
Games and downloadable content that were released during 2019, include:
•
Activision’s Sekiro
TM: Shadows Die Twice;
•
Activision’s Crash
TM Team Racing Nitro-Fueled;
•
Activision’s Spyro® Reignited Trilogy on Nintendo Switch and PC;
•
Activision’s Call of Duty: Mobile;
•
Activision’s Call of Duty: Modern Warfare;
•
Blizzard’s World of Warcraft® Classic; and
•
Blizzard’s latest expansions to Hearthstone—Rise of Shadows
TM, Saviors of Uldum
TM, Tombs of Terror
TM,, and Descent of Dragons
TM.
32
[Page 33]
Table of Contents
The Overwatch League, the first major global professional esports league with city-based teams, completed its second season in 2019 and began its third season

CONTEXT 6 (ACTIVISIONBLIZZARD_2019_10K.pdf):
and other expense (income), net” in our consolidated statement of operations. As of December 31, 2019, the carrying value of the investment is $42 million and is
recorded in “Other assets” on our consolidated balance sheet. We classify this investment as Level 3 in the fair value hierarchy as we estimated the value based on
valuation methods using the observable transaction price in a market with limited activity.
For the years ended December 31, 2019, 2018, and 2017, there were no impairment charges related to assets that are measured on a non-recurring basis.
F-29
[Page 95]
Table of Contents
ACTIVISION BLIZZARD, INC. AND SUBSIDIARIES
Notes to Consolidated Financial Statements (continued)
11. Deferred Revenues
We record deferred revenues when cash payments are received or due in advance of the fulfillment of our associated performance obligations. The opening

CONTEXT 7 (ACTIVISIONBLIZZARD_2019_10K.pdf):
publishing rights for the Destiny franchise to Bungie in exchange for cash and Bungie’s assumption of on-going customer obligations of Activision. As a result of the
agreement to terminate the relationship, the Company recognized net bookings, a key operating metric, of $20 million, GAAP revenues of $164 million, and GAAP
operating income of $91 million for the year ended December 31, 2018. Activision no longer has any material rights or obligations related to the Destiny franchise.
31
[Page 32]
Table of Contents
Business Results and Highlights
Financial Results
2019 financial highlights included:
•
consolidated net revenues decreased 13% to $6.5 billion and consolidated operating income decreased 19% to $1.6 billion, as compared to consolidated
net revenues of $7.5 billion and consolidated operating income of $2.0 billion in 2018;
•

CONTEXT 8 (ACTIVISIONBLIZZARD_2019_10K.pdf):
1
Other (2)
648  
607  
41  
7
Total consolidated net revenues
$
6,489  $
7,500  $
(1,011)  
(13)
(1) Net revenues from “Mobile and ancillary” include revenues from mobile devices, as well as non-platform-specific game-related revenues, such as standalone sales
of toys and accessories.
(2) Net revenues from “Other” primarily includes revenues from our Distribution business and the Overwatch League.
Console
The decrease in net revenues from console for 2019, as compared to 2018, was primarily due to:
•
lower revenues recognized from the Destiny franchise (reflecting our sale of the publishing rights for Destiny to Bungie in December 2018); and
•
lower revenues recognized from Call of Duty franchise catalog titles.
The decrease was partially offset by revenues recognized from Crash Team Racing Nitro-Fueled, which was released in June 2019.
PC
The decrease in net revenues from PC for 2019, as compared to 2018, was primarily due to:
•

CONTEXT 9 (ACTIVISIONBLIZZARD_2019_10K.pdf):
restricted stock units
—
 
—
 
—
 
—
 
164
 
—
 
—  
164
Dividends ($0.37 per common share)
—
 
—
 
—
 
—
 
—
 
(283)  
—  
(283)
Balance at December 31, 2019
1,197
 $
—
 
(429)  $ (5,563)  $
11,174
 $
7,813
 $
(619)  $
12,805
The accompanying notes are an integral part of these Consolidated Financial Statements.
F-7
[Page 73]
Table of Contents
ACTIVISION BLIZZARD, INC. AND SUBSIDIARIES
CONSOLIDATED STATEMENTS OF CASH FLOWS
(Amounts in millions)
 
For the Years Ended December 31,
 
2019
 
2018
 
2017
Cash flows from operating activities:
 
 
 
 
 
Net income
$
1,503
 $
1,848
 $
273
Adjustments to reconcile net income to net cash provided by operating activities:
 
 
 
 
 
Deferred income taxes
(352)  
(35)  
(181)
Provision for inventories
6
 
6
 
33
Non-cash operating lease cost
64
 
—
 
—
Depreciation and amortization
328
 
509
 
888
Amortization of capitalized software development costs and intellectual property licenses (1)
225
 
489
 
311

CONTEXT 10 (ACTIVISIONBLIZZARD_2019_10K.pdf):
(i) Activision Publishing, Inc.
Activision Publishing, Inc. (“Activision”) is a leading global developer and publisher of interactive software products and entertainment content, particularly for
the console platform. Activision primarily delivers content through retail and digital channels, including full-game and in-game sales, as well as by licensing software
to third-party or related-party companies that distribute Activision products. Activision develops, markets, and sells products primarily based on our internally
developed intellectual properties. Activision also includes the activities of the Call of Duty League, a global professional esports league with city-based teams for Call
of Duty®.
Activision’s key product franchise is Call of Duty, a first-person action title for the console and PC platforms and, following the October 1, 2019 launch of Call of

CONTEXT 11 (ACTIVISIONBLIZZARD_2019_10K.pdf):
2019
 
2018
 
Increase/
(decrease)
 
% Change
Consolidated net revenues
$
6,489  $
7,500  $
(1,011)  
(13)%
Net effect from recognition (deferral) of deferred net revenues
101  
238  
(137)   
 
 
  
  
  
In-game net revenues (1)
3,376  
4,249  
(873)  
(21)%
(1) In-game net revenues primarily includes the net amount of revenue recognized for downloadable content and microtransactions during the period.
Consolidated net revenues
The decrease in consolidated net revenues for 2019, as compared to 2018, was primarily driven by a decrease in revenues of $1.1 billion due to:
•
lower revenues recognized from the Destiny franchise (reflecting our sale of the publishing rights for Destiny to Bungie in December 2018);
•
lower revenues recognized from Hearthstone;
•
lower revenues recognized from Call of Duty franchise catalog titles; and
•
lower revenues recognized from Overwatch.
The decrease was partially offset by an increase in revenues of $236 million due to:
•

CONTEXT 12 (ACTIVISIONBLIZZARD_2019_10K.pdf):
Reportable Segments
Based upon our organizational structure, we conduct our business through three reportable segments: Activision, Blizzard, and King.
(i) Activision
Activision is a leading global developer and publisher of interactive software products and entertainment content, particularly for the console platform. Activision
primarily delivers content through retail and digital channels, including full-game and in-game sales, as well as by licensing software to third-party or related-party
companies that distribute Activision products. Activision develops, markets, and sells products primarily based on our internally developed intellectual properties.
Activision also includes the activities of the Call of Duty League, a global professional esports league with city-based teams for Call of Duty.
(ii) Blizzard
Blizzard is a leading global developer and publisher of interactive software products and entertainment content, particularly for the PC platform. Blizzard

CONTEXT 13 (ACTIVISIONBLIZZARD_2019_10K.pdf):
deferred tax accounting and remeasurement of deferred tax assets and liabilities, partially offset by tax expense related to Transition Tax.
Further analysis of the differences between the U.S. federal statutory rate and the consolidated effective tax rate, as well as other information about our income
taxes, is provided in Note 19 of the notes to the consolidated financial statements included in Item 8 of this Annual Report on Form 10-K.
Foreign Exchange Impact
Changes in foreign exchange rates had a negative impact of $71 million and a positive impact of $68 million on Activision Blizzard’s consolidated operating
income in 2019 and 2018, respectively. The changes are primarily due to changes in the value of the U.S. dollar relative to the euro and British pound and its impact on
our foreign operating income.
Comparison of 2018 to 2017

CONTEXT 14 (ACTIVISIONBLIZZARD_2019_10K.pdf):
revenues in 2019 and 2018, respectively, as compared to the same periods in the previous year. The changes are primarily due to changes in the value of the U.S. dollar
relative to the euro and the British pound.
39
[Page 40]
Table of Contents
Operating Segment Results
Currently, we have three reportable segments—Activision, Blizzard, and King. Our operating segments are consistent with the manner in which our operations
are reviewed and managed by our Chief Executive Officer, who is our chief operating decision maker (“CODM”). The CODM reviews segment performance exclusive
of: the impact of the change in deferred revenues and related cost of revenues with respect to certain of our online-enabled games; share-based compensation expense;
amortization of intangible assets as a result of purchase price accounting; fees and other expenses (including legal fees, expenses, and accruals) related to acquisitions,

CONTEXT 15 (ACTIVISIONBLIZZARD_2019_10K.pdf):
/s/ PricewaterhouseCoopers LLP
Los Angeles, California
February 27, 2020
We have served as the Company’s auditor since 2008.
F-3
[Page 69]
Table of Contents
ACTIVISION BLIZZARD, INC. AND SUBSIDIARIES
CONSOLIDATED BALANCE SHEETS
(Amounts in millions, except share data)
 
At December 31, 2019
 
At December 31, 2018
Assets
 
  
Current assets:
 
  
Cash and cash equivalents
$
5,794
 $
4,225
Accounts receivable, net of allowances of $132 and $190, at December 31, 2019 and December 31, 2018, respectively
848
 
1,035
Inventories, net
32
 
43
Software development
322
 
264
Other current assets
296
 
539
Total current assets
7,292
 
6,106
Software development
54
 
65
Property and equipment, net
253
 
282
Deferred income taxes, net
1,293
 
458
Other assets
658
 
482
Intangible assets, net
531
 
735
Goodwill
9,764
 
9,762
Total assets
$
19,845
 $
17,890
 
 
  
Liabilities and Shareholders’ Equity
 
  
Current liabilities:
 
  
Accounts payable
$
292
 $
253
Deferred revenues
1,375
 
1,493

CONTEXT 16 (ACTIVISIONBLIZZARD_2019_10K.pdf):
titles, primarily driven by the Candy Crush franchise, partially offset by an increase in advertising revenues.
Segment Income from Operations
Activision
The decrease in Activision’s operating income for 2019, as compared to 2018, was primarily due to:
•
lower revenues, as discussed above; and
•
marketing costs associated with the release of Call of Duty: Mobile in October 2019.
The decrease was partially offset by:
•
lower cost of revenues as a result of the decrease in revenues discussed above, primarily associated with Destiny; and
•
lower operating expenses, such as sales and marketing and product developments costs, for Destiny.
Blizzard
The decrease in Blizzard’s operating income for 2019, as compared to 2018, was primarily due to lower revenues, as discussed above.
The decrease is partially offset by:
•
lower spending on sales and marketing, primarily driven by lower marketing for esports initiatives;
•

CONTEXT 17 (ACTIVISIONBLIZZARD_2019_10K.pdf):
price allocable to the online functionality from the sale of these games and recognize the attributable revenues over the relevant estimated service periods, which are
generally less than a year. Net revenues and operating income for the year ended December 31, 2019, include net effects of $101 million and $52 million, respectively,
from the recognition of deferred net revenues and related cost of revenues.
Additionally, for the year ended December 31, 2019, 18% of total net revenues recognized were from revenue sources that were recognized at a “point-in-time,”
while “over-time and other” revenues were 82% of total net revenues. Revenue recognized at a “point-in-time” is primarily comprised of the portion of revenue from
software products that is recognized when the customer takes control of the product (i.e., upon delivery of the software product) and revenues from our Distribution

CONTEXT 18 (ACTIVISIONBLIZZARD_2019_10K.pdf):
0.90
 
0.34  
0.53  
0.66
Diluted earnings per common share
0.89
 
0.34  
0.52  
0.65
(1) Quarterly financial data for the quarter ended December 31, 2018, as presented above, have been revised to reflect the correction of the tax error identified during
2019, as previously discussed in Note 2.
F-55
[Page 123]
Table of Contents
SCHEDULE II
ACTIVISION BLIZZARD, INC. AND SUBSIDIARIES
VALUATION AND QUALIFYING ACCOUNTS
(Amounts in millions)
Col. A Description
 
Col. B
Balance at
Beginning of
Period
 
Col. C
Additions(A)
 
Col. D
Deductions(B)
 
Col. E
Balance at End
of Period
At December 31, 2019
 
 
 
 
 
  
 
Allowances for sales returns and price protection and other allowances  $
186
 $
11
 $
(79)  $
118
Valuation allowance for deferred tax assets
 $
61
 $
127
 $
(7)  $
181
At December 31, 2018
 
 
 
 
 
  
Allowances for sales returns and price protection and other allowances  $
274
 $
24
 $
(112)  $
186
Valuation allowance for deferred tax assets
 $
—
 $
61
 $
—  $
61

CONTEXT 19 (ACTIVISIONBLIZZARD_2019_10K.pdf):
associated integration activities, and financings; certain restructuring and related costs; and certain other non-cash charges. The CODM does not review any
information regarding total assets on an operating segment basis, and accordingly, no disclosure is made with respect thereto.
 
Our operating segments are also consistent with our internal organizational structure, the way we assess operating performance and allocate resources, and the
availability of separate financial information. We do not aggregate operating segments.
 
Information on the reportable segment net revenues and segment operating income are presented below (amounts in millions):
 
 
For the Year Ended December 31, 2019
 
Increase / (decrease) 2019 v 2018
 
 
Activision
 
Blizzard
 
King
 
Total
 
Activision
 
Blizzard
 
King
 
Total
Segment Revenues
  
  
  
  
  
  
  
  
Net revenues from external
customers
 $
2,219
 $
1,676
 $
2,031
 $
5,926
 $
(239)  $
(562)  $
(55)  $
(856)
Intersegment net revenues (1)
 
—

CONTEXT 20 (ACTIVISIONBLIZZARD_2019_10K.pdf):
services on video game consoles, personal computers (“PC”s), and mobile devices. We also operate esports leagues and offer digital advertising within our content. The
terms “Activision Blizzard,” the “Company,” “we,” “us,” and “our” are used to refer collectively to Activision Blizzard, Inc. and its subsidiaries.
The Company was originally incorporated in California in 1979 and was reincorporated in Delaware in December 1992. In connection with the 2008 business
combination by and among the Company (then known as Activision, Inc.), Vivendi S.A, and Vivendi Games, Inc., pursuant to which we acquired Blizzard
Entertainment, Inc. (“Blizzard”), we were renamed Activision Blizzard, Inc. On February 23, 2016, we acquired King Digital Entertainment plc, a leading interactive
mobile entertainment company ("King"), by purchasing all of its outstanding shares.
Our Strategy and Vision

CONTEXT 21 (ACTIVISIONBLIZZARD_2019_10K.pdf):
ACTIVISION BLIZZARD, INC. AND SUBSIDIARIES
Notes to Consolidated Financial Statements (continued)
At December 31, 2019, future amortization of definite-lived intangible assets is estimated as follows (amounts in millions):
2020
$
75
2021
11
2022
7
2023
2
2024
1
Thereafter
2
Total
$
98
8. Goodwill
The changes in the carrying amount of goodwill by operating segment are as follows (amounts in millions):
 
Activision
 
Blizzard
 
King
 
Total
Balance at December 31, 2017
$
6,898
 $
190
 $
2,675  $
9,763
Other
(1)  
—
 
—  
(1)
Balance at December 31, 2018
$
6,897
 $
190
 $
2,675  $
9,762
Other
1
 
—
 
1  
2
Balance at December 31, 2019
$
6,898
 $
190
 $
2,676  $
9,764
At December 31, 2019, 2018, and 2017, there were no accumulated impairment losses.
9. Other Assets and Liabilities
Included in “Accrued expenses and other liabilities” in our consolidated balance sheets are accrued payroll-related costs of $395 million and $402 million at

CONTEXT 22 (ACTIVISIONBLIZZARD_2019_10K.pdf):
Long-Lived Assets
Property and Equipment.    
Property and equipment are recorded at cost and depreciated on a straight-line basis over the estimated useful life of the asset (i.e., 25 to 33 years for buildings,
and 2 to 5 years for computer equipment, office furniture and other equipment). When assets are retired or disposed of, the cost and accumulated depreciation thereon
are removed and any resulting gains or losses are included in the consolidated statements of operations. Leasehold improvements are amortized using the straight-line
method over the estimated life of the asset, not to exceed the length of the lease. Repair and maintenance costs are expensed as incurred.
F-13
[Page 79]
Table of Contents
ACTIVISION BLIZZARD, INC. AND SUBSIDIARIES
Notes to Consolidated Financial Statements (continued)
Goodwill and Other Indefinite-Lived Assets.

ANSWER:
To calculate the FY2019 fixed asset turnover ratio for Activision Blizzard, the following figures are used from the provided financial statements:

*   **FY2019 Total net revenues:** $6,489 million
*   **FY2019 Property and equipment, net:** $253 million
*   **FY2018 Property and equipment, net:** $282 million

**1. Calculate Average PP&E:**
Average PP&E = (FY2019 Property and equipment, net + FY2018 Property and equipment, net) / 2
Average PP&E = ($253 million + $282 million) / 2
Average PP&E = $535 million / 2
Average PP&E = $267.5 million

**2. Calculate Fixed Asset Turnover Ratio:**
Fixed Asset Turnover Ratio = FY2019 Revenue / Average PP&E
Fixed Asset Turnover Ratio = $6,489 million / $267.5 million
Fixed Asset Turnover Ratio = 24.2579439...

**Result:**
Rounded to two decimal places, the FY2019 fixed asset turnover ratio is **24.26**.

GOLD:
24.26

JUSTIFICATION:
The metric in question was calculated using other simpler metrics. The various simpler metrics (from the current and, if relevant, previous fiscal year(s)) used were:

Metric 1: Total revenue. This metric was located in the 10K as a single line item named: Total net revenues.

Metric 2: Ppne, net. This metric was located in the 10K as a single line item named: Property and equipment, net.

================================================================================
[10/10]

QUESTION:
What is the FY2017 - FY2019 3 year average of capex as a % of revenue for Activision Blizzard? Answer in units of percents and round to one decimal place. Calculate (or extract) the answer from the statement of income and the cash flow statement.

CONTEXT 1 (ACTIVISIONBLIZZARD_2019_10K.pdf):
12,805
 
11,392
Total liabilities and shareholders’ equity
$
19,845
 $
17,890
The accompanying notes are an integral part of these Consolidated Financial Statements.
F-4
[Page 70]
Table of Contents
ACTIVISION BLIZZARD, INC. AND SUBSIDIARIES
CONSOLIDATED STATEMENTS OF OPERATIONS
(Amounts in millions, except per share data)
 
For the Years Ended December 31,
 
2019
 
2018
 
2017
Net revenues
 
 
  
 
Product sales
$
1,975
 $
2,255  $
2,110
Subscription, licensing, and other revenues
4,514
 
5,245  
4,907
Total net revenues
6,489
 
7,500  
7,017
 
 
  
  
Costs and expenses
 
 
  
 
Cost of revenues—product sales:
 
  
  
Product costs
656
 
719  
733
Software royalties, amortization, and intellectual property licenses
240
 
371  
300
Cost of revenues—subscription, licensing, and other revenues:
 
  
  
Game operations and distribution costs
965
 
1,028  
984
Software royalties, amortization, and intellectual property licenses
233
 
399  
484
Product development
998
 
1,101  
1,069

CONTEXT 2 (ACTIVISIONBLIZZARD_2019_10K.pdf):
ACTIVISION BLIZZARD, INC. AND SUBSIDIARIES
Notes to Consolidated Financial Statements (continued)
(2) “Software royalties, amortization, and intellectual property licenses”—includes the amortization of capitalized software costs and royalties attributable to
subscription, licensing and other revenues. These are costs capitalized on the balance sheet until the respective games are released, at which time the
capitalized costs are amortized. Also included is amortization of intangible assets recognized in purchase accounting attributable to subscription, licensing
and other revenues.
Advertising Expenses
We expense advertising as incurred, except for production costs associated with media advertising, which are deferred and charged to expense when the related
advertisement is run for the first time. Advertising expenses for the years ended December 31, 2019, 2018, and 2017 were $587 million, $631 million, and $708

CONTEXT 3 (ACTIVISIONBLIZZARD_2019_10K.pdf):
ACTIVISION BLIZZARD, INC. AND SUBSIDIARIES
Notes to Consolidated Financial Statements (continued)
Our customer base includes retailers and distributors, including mass-market retailers, first party digital storefronts, consumer electronics stores, discount
warehouses, and game specialty stores in the U.S. and other countries worldwide. We perform ongoing credit evaluations of our customers and maintain allowances for
potential credit losses. We generally do not require collateral or other security from our customers.
For the years ended December 31, 2019, 2018, and 2017, Apple, Google, and Sony Interactive Entertainment, Inc. (“Sony”) have been our most significant
customers with revenues of 17%, 13%, and 11%, respectively, for 2019, 15%, 11%, and 13%, respectively, for 2018, and 16%, 10%, and 14%, respectively, for 2017.
No other customer accounted for 10% or more of our net revenues in the periods discussed above.

CONTEXT 4 (ACTIVISIONBLIZZARD_2019_10K.pdf):
Reportable Segments
Based upon our organizational structure, we conduct our business through three reportable segments: Activision, Blizzard, and King.
(i) Activision
Activision is a leading global developer and publisher of interactive software products and entertainment content, particularly for the console platform. Activision
primarily delivers content through retail and digital channels, including full-game and in-game sales, as well as by licensing software to third-party or related-party
companies that distribute Activision products. Activision develops, markets, and sells products primarily based on our internally developed intellectual properties.
Activision also includes the activities of the Call of Duty League, a global professional esports league with city-based teams for Call of Duty.
(ii) Blizzard
Blizzard is a leading global developer and publisher of interactive software products and entertainment content, particularly for the PC platform. Blizzard

CONTEXT 5 (ACTIVISIONBLIZZARD_2019_10K.pdf):
2019, 2018, and 2017.
6. Property and Equipment, Net
Property and equipment, net was comprised of the following (amounts in millions):
 
At December 31,
 
2019
 
2018
Land
$
1
 $
1
Buildings
4
 
4
Leasehold improvements
252
 
248
Computer equipment
654
 
700
Office furniture and other equipment
91
 
99
Total cost of property and equipment
1,002
 
1,052
Less accumulated depreciation
(749)  
(770)
Property and equipment, net
$
253
 $
282
Depreciation expense for the years ended December 31, 2019, 2018, and 2017 was $124 million, $138 million, and $130 million, respectively.
F-25
[Page 91]
Table of Contents
ACTIVISION BLIZZARD, INC. AND SUBSIDIARIES
Notes to Consolidated Financial Statements (continued)
7. Intangible Assets, Net
Intangible assets, net consist of the following (amounts in millions):
 
At December 31, 2019
 
Estimated
useful
lives
 
Gross
carrying
amount
 
Accumulated
amortization
 
Net
carrying
amount
Acquired definite-lived intangible assets:

CONTEXT 6 (ACTIVISIONBLIZZARD_2019_10K.pdf):
restricted stock units
—
 
—
 
—
 
—
 
164
 
—
 
—  
164
Dividends ($0.37 per common share)
—
 
—
 
—
 
—
 
—
 
(283)  
—  
(283)
Balance at December 31, 2019
1,197
 $
—
 
(429)  $ (5,563)  $
11,174
 $
7,813
 $
(619)  $
12,805
The accompanying notes are an integral part of these Consolidated Financial Statements.
F-7
[Page 73]
Table of Contents
ACTIVISION BLIZZARD, INC. AND SUBSIDIARIES
CONSOLIDATED STATEMENTS OF CASH FLOWS
(Amounts in millions)
 
For the Years Ended December 31,
 
2019
 
2018
 
2017
Cash flows from operating activities:
 
 
 
 
 
Net income
$
1,503
 $
1,848
 $
273
Adjustments to reconcile net income to net cash provided by operating activities:
 
 
 
 
 
Deferred income taxes
(352)  
(35)  
(181)
Provision for inventories
6
 
6
 
33
Non-cash operating lease cost
64
 
—
 
—
Depreciation and amortization
328
 
509
 
888
Amortization of capitalized software development costs and intellectual property licenses (1)
225
 
489
 
311

CONTEXT 7 (ACTIVISIONBLIZZARD_2019_10K.pdf):
3,262
Cash and cash equivalents and restricted cash at end of period
$
5,798
 $
4,229
 $
4,720
(1)
Excludes deferral and amortization of share-based compensation expense.
(2)
Includes the net effects of capitalization, deferral, and amortization of share-based compensation expense.
The accompanying notes are an integral part of these Consolidated Financial Statements.
F-8
[Page 74]
Table of Contents
ACTIVISION BLIZZARD, INC. AND SUBSIDIARIES
Notes to Consolidated Financial Statements
1. Description of Business
Activision Blizzard, Inc. is a leading global developer and publisher of interactive entertainment content and services. We develop and distribute content and
services on video game consoles, personal computers (“PC”s), and mobile devices. We also operate esports leagues and offer digital advertising within our content. The

CONTEXT 8 (ACTIVISIONBLIZZARD_2019_10K.pdf):
(i) Activision Publishing, Inc.
Activision Publishing, Inc. (“Activision”) is a leading global developer and publisher of interactive software products and entertainment content, particularly for
the console platform. Activision primarily delivers content through retail and digital channels, including full-game and in-game sales, as well as by licensing software
to third-party or related-party companies that distribute Activision products. Activision develops, markets, and sells products primarily based on our internally
developed intellectual properties. Activision also includes the activities of the Call of Duty League, a global professional esports league with city-based teams for Call
of Duty®.
Activision’s key product franchise is Call of Duty, a first-person action title for the console and PC platforms and, following the October 1, 2019 launch of Call of

CONTEXT 9 (ACTIVISIONBLIZZARD_2019_10K.pdf):
766
The accompanying notes are an integral part of these Consolidated Financial Statements.
F-5
[Page 71]
Table of Contents
ACTIVISION BLIZZARD, INC. AND SUBSIDIARIES
CONSOLIDATED STATEMENTS OF COMPREHENSIVE INCOME
(Amounts in millions)
 
For the Years Ended December 31,
 
2019
 
2018
 
2017
Net income
$
1,503
 $
1,848  $
273
Other comprehensive income (loss):
 
 
  
 
Foreign currency translation adjustments, net of tax
5
 
(9)  
36
Unrealized gains (losses) on forward contracts designated as hedges, net of tax
(15)  
38  
(44)
Unrealized gains (losses) on investments, net of tax
(8)  
5  
(1)
Total other comprehensive income (loss)
$
(18)  $
34  $
(9)
Comprehensive income
$
1,485
 $
1,882  $
264
The accompanying notes are an integral part of these Consolidated Financial Statements.
F-6

[Page 72]
Table of Contents
ACTIVISION BLIZZARD, INC. AND SUBSIDIARIES
CONSOLIDATED STATEMENTS OF CHANGES IN SHAREHOLDERS’ EQUITY
For the Years Ended December 31, 2019, 2018, and 2017

CONTEXT 10 (ACTIVISIONBLIZZARD_2019_10K.pdf):
publishing rights for the Destiny franchise to Bungie in exchange for cash and Bungie’s assumption of on-going customer obligations of Activision. As a result of the
agreement to terminate the relationship, the Company recognized net bookings, a key operating metric, of $20 million, GAAP revenues of $164 million, and GAAP
operating income of $91 million for the year ended December 31, 2018. Activision no longer has any material rights or obligations related to the Destiny franchise.
31
[Page 32]
Table of Contents
Business Results and Highlights
Financial Results
2019 financial highlights included:
•
consolidated net revenues decreased 13% to $6.5 billion and consolidated operating income decreased 19% to $1.6 billion, as compared to consolidated
net revenues of $7.5 billion and consolidated operating income of $2.0 billion in 2018;
•

CONTEXT 11 (ACTIVISIONBLIZZARD_2019_10K.pdf):
2019
 
2018
 
Increase/
(decrease)
 
% Change
Consolidated net revenues
$
6,489  $
7,500  $
(1,011)  
(13)%
Net effect from recognition (deferral) of deferred net revenues
101  
238  
(137)   
 
 
  
  
  
In-game net revenues (1)
3,376  
4,249  
(873)  
(21)%
(1) In-game net revenues primarily includes the net amount of revenue recognized for downloadable content and microtransactions during the period.
Consolidated net revenues
The decrease in consolidated net revenues for 2019, as compared to 2018, was primarily driven by a decrease in revenues of $1.1 billion due to:
•
lower revenues recognized from the Destiny franchise (reflecting our sale of the publishing rights for Destiny to Bungie in December 2018);
•
lower revenues recognized from Hearthstone;
•
lower revenues recognized from Call of Duty franchise catalog titles; and
•
lower revenues recognized from Overwatch.
The decrease was partially offset by an increase in revenues of $236 million due to:
•

CONTEXT 12 (ACTIVISIONBLIZZARD_2019_10K.pdf):
deferred tax accounting and remeasurement of deferred tax assets and liabilities, partially offset by tax expense related to Transition Tax.
Further analysis of the differences between the U.S. federal statutory rate and the consolidated effective tax rate, as well as other information about our income
taxes, is provided in Note 19 of the notes to the consolidated financial statements included in Item 8 of this Annual Report on Form 10-K.
Foreign Exchange Impact
Changes in foreign exchange rates had a negative impact of $71 million and a positive impact of $68 million on Activision Blizzard’s consolidated operating
income in 2019 and 2018, respectively. The changes are primarily due to changes in the value of the U.S. dollar relative to the euro and British pound and its impact on
our foreign operating income.
Comparison of 2018 to 2017

CONTEXT 13 (ACTIVISIONBLIZZARD_2019_10K.pdf):
[Page 1]
UNITED STATES
SECURITIES AND EXCHANGE COMMISSION
Washington, D.C. 20549
FORM 10-K
☒    ANNUAL REPORT PURSUANT TO SECTION 13 OR 15(d) OF THE SECURITIES EXCHANGE ACT OF 1934
For the Fiscal Year Ended December 31, 2019  
OR
☐TRANSITION REPORT PURSUANT TO SECTION 13 OR 15(d) OF THE SECURITIES EXCHANGE ACT OF 1934
For the transition period from                      to   
Commission File Number 1-15839
ACTIVISION BLIZZARD, INC.
(Exact name of registrant as specified in its charter)
Delaware
 
95-4803544
(State or other jurisdiction of incorporation or organization)
 
(I.R.S. Employer Identification No.)
3100 Ocean Park Boulevard
Santa Monica,
CA  
90405
(Address of principal executive offices)
 
(Zip Code)
(310) 255-2000
(Registrant’s telephone number, including area code)
Securities registered pursuant to Section 12(b) of the Act:
Title of each class
 
Trading Symbol(s)
 
Name of each exchange on which registered
Common Stock, par value $0.000001 per share
 
ATVI

CONTEXT 14 (ACTIVISIONBLIZZARD_2019_10K.pdf):
in 2017.
38
[Page 39]
Table of Contents
In-game net revenues
The decrease in in-game net revenues for 2019, as compared to 2018, was primarily driven by a decrease in in-game net revenues of $845 million due to:
•
lower in-game revenues recognized from the Destiny franchise;
•
lower in-game revenues recognized from Hearthstone;
•
lower in-game revenues across various King franchise titles, primarily driven by the Candy Crush franchise;
•
lower in-game revenues recognized from World of Warcraft; and
•
lower in-game revenues recognized from Overwatch.
The remaining net decrease of $28 million was driven by various other franchises and titles.
Foreign Exchange Impact
Changes in foreign exchange rates had a negative impact of $150 million and a positive impact of $102 million on Activision Blizzard’s consolidated net

CONTEXT 15 (ACTIVISIONBLIZZARD_2019_10K.pdf):
revenues in 2019 and 2018, respectively, as compared to the same periods in the previous year. The changes are primarily due to changes in the value of the U.S. dollar
relative to the euro and the British pound.
39
[Page 40]
Table of Contents
Operating Segment Results
Currently, we have three reportable segments—Activision, Blizzard, and King. Our operating segments are consistent with the manner in which our operations
are reviewed and managed by our Chief Executive Officer, who is our chief operating decision maker (“CODM”). The CODM reviews segment performance exclusive
of: the impact of the change in deferred revenues and related cost of revenues with respect to certain of our online-enabled games; share-based compensation expense;
amortization of intangible assets as a result of purchase price accounting; fees and other expenses (including legal fees, expenses, and accruals) related to acquisitions,

CONTEXT 16 (ACTIVISIONBLIZZARD_2019_10K.pdf):
financing costs
 
90
 
140  
162
Unrealized gain on equity investment
 
(38)  
—  
—
Other expense (income), net
 
1
 
(4)  
8
Interest and other expense (income), net
 $
(26)  $
71  $
146
F-47
[Page 115]
Table of Contents
ACTIVISION BLIZZARD, INC. AND SUBSIDIARIES
Notes to Consolidated Financial Statements (continued)
19. Income Taxes
Domestic and foreign income (loss) before income taxes and details of the income tax expense (benefit) are as follows (amounts in millions):
 
For the Years Ended December 31,
 
2019
 
2018
 
2017
Income before income tax expense:
 
 
  
 
Domestic
$
328
 $
432  $
185
Foreign
1,305
 
1,445  
966
 
$
1,633
 $
1,877  $
1,151
Income tax expense (benefit):
 
 
  
 
Current:
 
 
  
 
Federal
$
136
 $
(208)  $
696
State
24
 
(15)  
26
Foreign
323
 
280  
335
Total current
483
 
57  
1,057
Deferred:
 
  
  
Federal
781
 
(153)  
(111)
State
(16)  
106  
(32)
Foreign
(1,118)  
19  
(36)
Total deferred
(353)  
(28)  
(179)
 
 
  
  
Income tax expense
$
130

CONTEXT 17 (ACTIVISIONBLIZZARD_2019_10K.pdf):
associated integration activities, and financings; certain restructuring and related costs; and certain other non-cash charges. The CODM does not review any
information regarding total assets on an operating segment basis, and accordingly, no disclosure is made with respect thereto.
 
Our operating segments are also consistent with our internal organizational structure, the way we assess operating performance and allocate resources, and the
availability of separate financial information. We do not aggregate operating segments.
 
Information on the reportable segment net revenues and segment operating income are presented below (amounts in millions):
 
 
For the Year Ended December 31, 2019
 
Increase / (decrease) 2019 v 2018
 
 
Activision
 
Blizzard
 
King
 
Total
 
Activision
 
Blizzard
 
King
 
Total
Segment Revenues
  
  
  
  
  
  
  
  
Net revenues from external
customers
 $
2,219
 $
1,676
 $
2,031
 $
5,926
 $
(239)  $
(562)  $
(55)  $
(856)
Intersegment net revenues (1)
 
—

CONTEXT 18 (ACTIVISIONBLIZZARD_2019_10K.pdf):
1
Other (2)
648  
607  
41  
7
Total consolidated net revenues
$
6,489  $
7,500  $
(1,011)  
(13)
(1) Net revenues from “Mobile and ancillary” include revenues from mobile devices, as well as non-platform-specific game-related revenues, such as standalone sales
of toys and accessories.
(2) Net revenues from “Other” primarily includes revenues from our Distribution business and the Overwatch League.
Console
The decrease in net revenues from console for 2019, as compared to 2018, was primarily due to:
•
lower revenues recognized from the Destiny franchise (reflecting our sale of the publishing rights for Destiny to Bungie in December 2018); and
•
lower revenues recognized from Call of Duty franchise catalog titles.
The decrease was partially offset by revenues recognized from Crash Team Racing Nitro-Fueled, which was released in June 2019.
PC
The decrease in net revenues from PC for 2019, as compared to 2018, was primarily due to:
•

CONTEXT 19 (ACTIVISIONBLIZZARD_2019_10K.pdf):
revenues. For the year ended December 31, 2018, our top three franchises—Call of Duty, Candy Crush, and World of Warcraft—collectively accounted for 58% of our
net revenues. For the year ended December 31, 2017, our top four franchises—Call of Duty, Candy Crush, World of Warcraft, and Overwatch—collectively accounted
for 66% of our net revenues. No other franchise comprised 10% or more of our net revenues in the periods discussed above.
Competition
We compete for the leisure time and discretionary spending of consumers with other interactive entertainment companies, as well as with providers of different
forms of entertainment, such as film, television, social networking, music and other consumer products.
The interactive entertainment industry is intensely competitive and new interactive entertainment software products and platforms are regularly introduced. We

CONTEXT 20 (ACTIVISIONBLIZZARD_2019_10K.pdf):
terms “Activision Blizzard,” the “Company,” “we,” “us,” and “our” are used to refer collectively to Activision Blizzard, Inc. and its subsidiaries.
The Company was originally incorporated in California in 1979 and was reincorporated in Delaware in December 1992. In connection with the 2008 business
combination by and among the Company (then known as Activision, Inc.), Vivendi S.A, and Vivendi Games, Inc., pursuant to which we acquired Blizzard
Entertainment, Inc. (“Blizzard”), we were renamed Activision Blizzard, Inc. On February 23, 2016, we acquired King Digital Entertainment plc, a leading interactive
mobile entertainment company ("King"), by purchasing all of its outstanding shares.
Our Segments
Based upon our organizational structure, we conduct our business through three reportable segments, as follows:
(i) Activision Publishing, Inc.

CONTEXT 21 (ACTIVISIONBLIZZARD_2019_10K.pdf):
services on video game consoles, personal computers (“PC”s), and mobile devices. We also operate esports leagues and offer digital advertising within our content. The
terms “Activision Blizzard,” the “Company,” “we,” “us,” and “our” are used to refer collectively to Activision Blizzard, Inc. and its subsidiaries.
The Company was originally incorporated in California in 1979 and was reincorporated in Delaware in December 1992. In connection with the 2008 business
combination by and among the Company (then known as Activision, Inc.), Vivendi S.A, and Vivendi Games, Inc., pursuant to which we acquired Blizzard
Entertainment, Inc. (“Blizzard”), we were renamed Activision Blizzard, Inc. On February 23, 2016, we acquired King Digital Entertainment plc, a leading interactive
mobile entertainment company ("King"), by purchasing all of its outstanding shares.
Our Strategy and Vision

CONTEXT 22 (ACTIVISIONBLIZZARD_2019_10K.pdf):
and other expense (income), net” in our consolidated statement of operations. As of December 31, 2019, the carrying value of the investment is $42 million and is
recorded in “Other assets” on our consolidated balance sheet. We classify this investment as Level 3 in the fair value hierarchy as we estimated the value based on
valuation methods using the observable transaction price in a market with limited activity.
For the years ended December 31, 2019, 2018, and 2017, there were no impairment charges related to assets that are measured on a non-recurring basis.
F-29
[Page 95]
Table of Contents
ACTIVISION BLIZZARD, INC. AND SUBSIDIARIES
Notes to Consolidated Financial Statements (continued)
11. Deferred Revenues
We record deferred revenues when cash payments are received or due in advance of the fulfillment of our associated performance obligations. The opening

ANSWER:
Not found in context.

GOLD:
1.9%

JUSTIFICATION:
The metric in question was calculated using other simpler metrics. The various simpler metrics (from the current and, if relevant, previous fiscal year(s)) used were:

Metric 1: Capital expenditures. This metric was located in the 10K as a single line item named: Capital expenditures.

Metric 2: Total revenue. This metric was located in the 10K as a single line item named: Total net revenues.

