================================================================================
[1/10]

QUESTION:
What is the FY2018 capital expenditure amount (in USD millions) for 3M? Give a response to the question by relying on the details shown in the cash flow statement.

CONTEXT 1 (3M_2018_10K.pdf):
49  
 
58  
Acquisitions, net of cash acquired
 
 
13  
 
(2,023) 
 
(16) 
Purchases and proceeds from maturities and sale of marketable
securities and investments, net
 
 
669  
 
(798) 
 
(163) 
Proceeds from sale of businesses, net of cash sold
 
 
846  
 
1,065  
 
142  
Other — net
 
 
 9  
 
(6) 
 
(4) 
Net cash provided by (used in) investing activities
 $
222  $
(3,086) $
(1,403) 
 
46
[Page 47]
Table of Contents 
Investments in property, plant and equipment enable growth across many diverse markets, helping to meet product demand and increasing manufacturing
efficiency. The Company expects 2019 capital spending to be approximately $1.7 billion to $1.9 billion as 3M continues to invest in its businesses.
 
3M invests in renewal and maintenance programs, which pertain to cost reduction, cycle time, maintaining and renewing current capacity, eliminating
pollution, and compliance. Costs related to maintenance, ordinary repairs, and certain other items are expensed. 3M also invests in growth, which adds to
capacity, driven by new products, both through expansion of current facilities and new facilities. Finally, 3M also invests in other initiatives, such as
information technology (IT) and laboratory facilities.
 
Refer to Note 3 for information on acquisitions and divestitures. The Company is actively considering additional acquisitions, investments and strategic
alliances, and from time to time may also divest certain businesses. Proceeds from sale of businesses in 2018 primarily relate to the sale of 3M’s
Communication Markets Division and the sale of certain personal safety product offerings primarily focused on noise, environmental, and heat stress
monitoring within the Safety and Graphics business segment.
 
Purchases of marketable securities and investments and proceeds from maturities and sale of marketable securities and investments are primarily
attributable to asset-backed securities, certificates of deposit/time deposits, commercial paper, and other securities, which are classified as available-for-sale.
Refer to Note 11 for more details about 3M’s diversified marketable securities portfolio. Purchases of investments include additional survivor benefit
insurance, plus investments in equity securities.
 
Cash Flows from Financing Activities:
 
Years ended December 31
        
 
        
 
        
 
 
(Millions)
 
2018
 
2017
 
2016
 
Change in short-term debt — net
 
$
(284) 
$
578  
$
(797) 
Repayment of debt (maturities greater than 90 days)
 
 
(1,034) 
 
(962) 
 
(992) 
Proceeds from debt (maturities greater than 90 days)
 
 
2,251  
 
1,987  
 
2,832  
Total cash change in debt
 
$
933  
$
1,603  
$
1,043  
Purchases of treasury stock
 
 
(4,870) 
 
(2,068) 
 
(3,753) 
Proceeds from issuances of treasury stock pursuant to stock option and benefit plans  
 
485  
 
734  
 
804  
Dividends paid to stockholders
 
 
(3,193) 
 
(2,803) 
 
(2,678) 
Other — net
 
 
(56) 
 
(121) 
 
(42) 
Net cash used in financing activities
 
$
(6,701) 
$
(2,655) 
$
(4,626) 
 
2018 Debt Activity:
 
Total debt was approximately $14.6 billion at December 31, 2018 and $13.9 billion at December 31, 2017. Increases in debt related to the third quarter
2018 issuance of $2.25 billion of medium-term notes, which was partially offset by the $450 million third quarter repayment and 500 million Euro fourth
quarter repayment of maturing medium-term notes, the net impact of repayments and borrowings of international subsidiaries along with foreign currency
effects, and lower year on year commercial paper balance. Outstanding commercial paper was $435 million at December 31, 2018, as compared to $745
million at December 31, 2017. Net commercial paper issuances and repayments and borrowings by international subsidiaries are largely reflected in
“Change in short-term debt – net” in the preceding table. 3M’s primary short-term liquidity needs are met through cash on hand and U.S. commercial paper
issuances.

CONTEXT 2 (3M_2018_10K.pdf):
cash. The first quarter of each year is typically 3M’s seasonal low for free cash flow and free cash flow conversion. Below find a recap of free cash flow and
free cash flow conversion for 2018, 2017 and 2016.
 
In 2018, free cash flow conversion was impacted by the $176 million measurement period adjustment to the tax expense recorded in December 2017 from
million pre-tax impact from the gain on sale of the Communication Markets Division, net of restructuring actions related to addressing corporate functional
costs following the divestiture. On a combined basis, these items reduced free cash flow conversion by 2 percentage points.
 
In 2017, free cash flow conversion was impacted by enactment of the TCJA, along with an additional U.S. pension contribution of $600 million that 3M
made following the signing of tax reform. On a combined basis, these items benefited free cash flow conversion by 3 percentage points. Refer to the
preceding “Cash Flows from Operating Activities” section for discussion of additional items that impacted operating cash flow. Refer to the preceding
“Cash Flows from Investing Activities” section for discussion on capital spending for property, plant and equipment.
 
Years ended December 31
        
 
    
    
 
        
 
 
(Millions)
 
2018
 
2017
 
2016
 
 
 
 
 
 
 
 
 
 
 
 
Major GAAP Cash Flow Categories
 
 
  
 
  
 
  
Net cash provided by operating activities
 
$
6,439  
$
6,240  
$
6,662  
Net cash provided by (used in) investing activities
 
 
222  
 
(3,086) 
 
(1,403) 
Net cash used in financing activities
 
 
(6,701) 
 
(2,655) 
 
(4,626) 
 
 
 
  
 
  
 
  
Free Cash Flow (non-GAAP measure)
 
 
  
 
  
 
  
Net cash provided by operating activities
 
$
6,439  
$
6,240  
$
6,662  
Purchases of property, plant and equipment (PP&E)
 
 
(1,577) 
 
(1,373) 
 
(1,420) 
Free cash flow
 
$
4,862  
$
4,867  
$
5,242  
Net income attributable to 3M
 
$
5,349  
$
4,858  
$
5,050  
Free cash flow conversion
 
 
91 %   
100 %  
104 %
 
Off-Balance Sheet Arrangements and Contractual Obligations:
 
As of December 31, 2018, the Company has not utilized special purpose entities to facilitate off-balance sheet financing arrangements. Refer to the section
entitled “Warranties/Guarantees” in Note 16 for discussion of accrued product warranty liabilities and guarantees.
 
In addition to guarantees, 3M, in the normal course of business, periodically enters into agreements that require the Company to indemnify either major
customers or suppliers for specific risks, such as claims for injury or property damage arising out of the use of 3M products or the negligence of 3M
personnel, or claims alleging that 3M products infringe third-party patents or other intellectual property. While 3M’s maximum exposure under these
indemnification provisions cannot be estimated, these indemnifications are not expected to have a material impact on the Company’s consolidated results of
operations or financial condition.
49
[Page 50]
Table of Contents 
 Contractual Obligations
 
A summary of the Company’s significant contractual obligations as of December 31, 2018, follows:
 
 
 
 
 
 
Payments due by year
 
 
        
 
        
 
      
 
      
 
      
 
      
 
   
After
 
(Millions)
 
Total
 
2019
 
2020
 
2021
 
2022
 
2023
 
2023
 
Total debt (Note 12)
 $
14,622  $
1,211  $
1,330  $
1,698  $
1,165  $
1,328  $
7,890  
Interest on long-term debt
 
 
4,281  
 
335  
 
331  
 
321  
 
280  
 
264  
 
2,750  
Operating leases (Note 16)
 
 
1,111  
 
283  
 
208  
 
153  
 
122  
 
92  
 
253  
Capital leases (Note 16)
 
 
104  
 
18  
 
16  
 
14  
 
12  
 
12  
 
32  
Tax Cuts and Jobs Act (TCJA) transition tax (Note 10)
 
 
649  
 
 —  
 
16  
 
67  
 
67  
 
125  
 
374  
Unconditional purchase obligations and other
 
 
1,410  
 
991  
 
216  
 
131  
 
40  
 
15  
 
17  
Total contractual cash obligations
 $
22,177  $
2,838  $
2,117  $
2,384  $
1,686  $
1,836  $
11,316

CONTEXT 3 (3M_2018_10K.pdf):
14,846  
 
11,663   
12,361   
December 31
 
 
14,622  
 
13,949   
11,650   
Average short-term and long-term debt
 
$
14,912  
$
12,156  $
11,725   
 
45
[Page 46]
Table of Contents 
Cash Flows:
 
Cash flows from operating, investing and financing activities are provided in the tables that follow. Individual amounts in the Consolidated Statement of
Cash Flows exclude the effects of acquisitions, divestitures and exchange rate impacts on cash and cash equivalents, which are presented separately in the
cash flows. Thus, the amounts presented in the following operating, investing and financing activities tables reflect changes in balances from period to
period adjusted for these effects.
 
Cash Flows from Operating Activities:
 
Years Ended December 31
        
 
        
 
        
 
 
(Millions)
 
2018
 
2017
 
2016
 
Net income including noncontrolling interest
 
$
5,363  
$
4,869  
$
5,058  
Depreciation and amortization
 
 
1,488  
 
1,544  
 
1,474  
Company pension and postretirement contributions
 
 
(370) 
 
(967) 
 
(383) 
Company pension and postretirement expense
 
 
410  
 
334  
 
250  
Stock-based compensation expense
 
 
302  
 
324  
 
298  
Gain on sale of businesses
 
 
(545) 
 
(586) 
 
(111) 
Income taxes (deferred and accrued income taxes)
 
 
77  
 
1,074  
 
108  
Accounts receivable
 
 
(305) 
 
(245) 
 
(313) 
Inventories
 
 
(509) 
 
(387) 
 
57  
Accounts payable
 
 
408  
 
24  
 
148  
Other — net
 
 
120  
 
256  
 
76  
Net cash provided by operating activities
 
$
6,439  
$
6,240  
$
6,662  
 
Cash flows from operating activities can fluctuate significantly from period to period, as pension funding decisions, tax timing differences and other items
can significantly impact cash flows.
 
In 2018, cash flows provided by operating activities increased $199 million compared to the same period last year, with the increase primarily made up of
higher net income and lower year-on-year pension and postretirement contributions. The increase was partially offset primarily due to the Minnesota NRD
resolution in the first quarter of 2018 and year-on-year increases in income tax payments. Additional factors that decreased operating cash flows were
increases in inventory and accounts receivable. The combination of accounts receivable, inventories and accounts payable increased working capital by
$406 million in 2018, compared to the working capital increases of $608 million in 2017. Additional discussion on working capital changes is provided
earlier in the “Financial Condition and Liquidity” section.
 
In 2017, cash flows provided by operating activities decreased $422 million compared to the same period last year. Factors that decreased operating cash
flows were increases in pension contributions, plus year-on-year increases in working capital. In December 2017, 3M contributed $600 million to its U.S.
defined benefit pension plan, contributing to a year-on-year increase in pension and postretirement contributions of $584 million. The combination of
accounts receivable, inventories and accounts payable increased working capital by $608 million in 2017, compared to working capital increases of $108
million in 2016. In 2017, year-on-year decreases in income tax payments (net of refunds) increased operating cash flows by $284 million.
 
Cash Flows from Investing Activities:
 
Years ended December 31
        
 
        
 
        
 
 
(Millions)
 
2018
 
2017
 
2016
 
Purchases of property, plant and equipment (PP&E)
 $
(1,577) $
(1,373) $
(1,420) 
Proceeds from sale of PP&E and other assets
 
 
262  
 
49  
 
58  
Acquisitions, net of cash acquired
 
 
13  
 
(2,023) 
 
(16) 
Purchases and proceeds from maturities and sale of marketable
securities and investments, net
 
 
669  
 
(798) 
 
(163) 
Proceeds from sale of businesses, net of cash sold
 
 
846  
 
1,065  
 
142  
Other — net
 
 
 9  
 
(6) 
 
(4) 
Net cash provided by (used in) investing activities
 $
222  $
(3,086) $
(1,403) 
 
46

CONTEXT 4 (3M_2018_10K.pdf):
Beginning balance
 
349,148,819  
347,306,778  
334,702,932  
Reacquired stock
 
23,526,293  
10,209,963  
22,602,748  
Issuances pursuant to stock options and benefit plans
 
(5,217,224) 
(8,367,922) 
(9,998,902) 
Ending balance
 
367,457,888  
349,148,819  
347,306,778  
 
The accompanying Notes to Consolidated Financial Statements are an integral part of this statement.
59
[Page 60]
Table of Contents 
3M Company and Subsidiaries
Consolidated Statement of Cash Flow s
Years ended December 31
 
(Millions)
    
2018
    
2017
    
2016
 
Cash Flows from Operating Activities
 
 
  
 
  
 
  
Net income including noncontrolling interest
 
$
5,363  
$
4,869  
$
5,058  
Adjustments to reconcile net income including noncontrolling interest to net cash
provided by operating activities
 
 
  
 
  
 
  
Depreciation and amortization
 
 
1,488  
 
1,544  
 
1,474  
Company pension and postretirement contributions
 
 
(370) 
 
(967) 
 
(383) 
Company pension and postretirement expense
 
 
410  
 
334  
 
250  
Stock-based compensation expense
 
 
302  
 
324  
 
298  
Gain on sale of businesses
 
 
(545) 
 
(586) 
 
(111) 
Deferred income taxes
 
 
(57) 
 
107  
 
 7  
Changes in assets and liabilities
 
 
  
 
  
 
  
Accounts receivable
 
 
(305) 
 
(245) 
 
(313) 
Inventories
 
 
(509) 
 
(387) 
 
57  
Accounts payable
 
 
408  
 
24  
 
148  
Accrued income taxes (current and long-term)
 
 
134  
 
967  
 
101  
Other — net
 
 
120  
 
256  
 
76  
Net cash provided by (used in) operating activities
 
 
6,439  
 
6,240  
 
6,662  
 
 
 
  
 
  
 
  
Cash Flows from Investing Activities
 
 
  
 
  
 
  
Purchases of property, plant and equipment (PP&E)
 
 
(1,577) 
 
(1,373) 
 
(1,420) 
Proceeds from sale of PP&E and other assets
 
 
262  
 
49  
 
58  
Acquisitions, net of cash acquired
 
 
13  
 
(2,023) 
 
(16) 
Purchases of marketable securities and investments
 
 
(1,828) 
 
(2,152) 
 
(1,410) 
Proceeds from maturities and sale of marketable securities and investments
 
 
2,497  
 
1,354  
 
1,247  
Proceeds from sale of businesses, net of cash sold
 
 
846  
 
1,065  
 
142  
Other — net
 
 
 9  
 
(6) 
 
(4) 
Net cash provided by (used in) investing activities
 
 
222  
 
(3,086) 
 
(1,403) 
 
 
 
  
 
  
 
  
Cash Flows from Financing Activities
 
 
  
 
  
 
  
Change in short-term debt — net
 
 
(284) 
 
578  
 
(797) 
Repayment of debt (maturities greater than 90 days)
 
 
(1,034) 
 
(962) 
 
(992) 
Proceeds from debt (maturities greater than 90 days)
 
 
2,251  
 
1,987  
 
2,832  
Purchases of treasury stock
 
 
(4,870) 
 
(2,068) 
 
(3,753) 
Proceeds from issuance of treasury stock pursuant to stock option and benefit plans
 
 
485  
 
734  
 
804  
Dividends paid to shareholders
 
 
(3,193) 
 
(2,803) 
 
(2,678) 
Other — net
 
 
(56) 
 
(121) 
 
(42) 
Net cash provided by (used in) financing activities
 
 
(6,701) 
 
(2,655) 
 
(4,626) 
 
 
 
  
 
  
 
  
Effect of exchange rate changes on cash and cash equivalents
 
 
(160) 
 
156  
 
(33) 
 
 
 
  
 
  
 
  
Net increase (decrease) in cash and cash equivalents
 
 
(200) 
 
655  
 
600  
Cash and cash equivalents at beginning of year
 
 
3,053  
 
2,398  
 
1,798  
Cash and cash equivalents at end of period
 
$
2,853  
$
3,053  
$
2,398  
 
The accompanying Notes to Consolidated Financial Statements are an integral part of this statement.
 
60

[Page 61]
Table of Contents 
Notes to Consolidated Financial Statements 
 
NOTE 1.  Significant Accounting Policies 
 
Consolidation: 3M is a diversified global manufacturer, technology innovator and marketer of a wide variety of products. All subsidiaries are consolidated.
All intercompany transactions are eliminated. As used herein, the term “3M” or “Company” refers to 3M Company and subsidiaries unless the context
indicates otherwise.
 
Foreign currency translation: Local currencies generally are considered the functional currencies outside the United States. Assets and liabilities for

CONTEXT 5 (3M_2018_10K.pdf):
no later than the completion of feasibility studies, the Company’s commitment to a plan of action, or approval by regulatory agencies. Environmental
expenditures for capital projects that contribute to current or future operations generally are capitalized and depreciated over their estimated useful lives.
In 2018, 3M expended approximately $27 million for capital projects related to protecting the environment. This amount excludes expenditures for
remediation actions relating to existing matters caused by past operations that do not contribute to current or future revenues, which are expensed. Capital
expenditures for environmental purposes have included pollution control devices — such as wastewater treatment plant improvements, scrubbers,
containment structures, solvent recovery units and thermal oxidizers — at new and existing facilities constructed or upgraded in the normal course of
business. Consistent with the Company’s emphasis on environmental responsibility, capital expenditures (other than for remediation projects) for known
projects are presently expected to be approximately $75 million over the next two years for new or expanded programs to build facilities or modify
manufacturing processes to minimize waste and reduce emissions.
 
7

CONTEXT 6 (3M_2018_10K.pdf):
[Page 43]
FINANCIAL CONDITION AND LIQUIDI TY
 
The strength and stability of 3M’s business model and strong free cash flow capability, together with proven capital markets access, positions the Company
to be able to add further leverage to its capital structure. Investing in 3M’s businesses to drive organic growth remains the first priority for capital
deployment, including research and development, capital expenditures, and commercialization capability. Investment in organic growth will be
supplemented by complementary acquisitions. 3M will also continue to return cash to shareholders through dividends and share repurchases. Sources for
cash availability in the United States, such as ongoing cash flow from operations and access to capital markets, have historically been sufficient to fund
dividend payments to shareholders, as well as funding U.S. acquisitions and other items as needed. The TCJA creates additional repatriation opportunities
for 3M to access international cash positions on a continual and on-going basis and will help support U.S. capital deployments needs. For those
international earnings still considered to be reinvested indefinitely, the Company currently has no plans or intentions to repatriate these funds for U.S.
operations. See Note 10 for further information on earnings considered to be reinvested indefinitely.
 
3M’s primary short-term liquidity needs are met through cash on hand and U.S. commercial paper issuances. 3M believes it will have continuous access to
the commercial paper market. 3M’s commercial paper program permits the Company to have a maximum of $5 billion outstanding with a maximum
maturity of 397 days from date of issuance. At December 31, 2018, there was approximately $435 million in commercial paper issued and outstanding.
 
Total Debt:
 
The strength of 3M’s capital structure and significant ongoing cash flows provide 3M proven access to capital markets. Additionally, the Company’s
maturity profile is staggered to help ensure refinancing needs in any given year are reasonable in proportion to the total portfolio. 3M currently has an AA-
credit rating with a stable outlook from Standard & Poor’s and has an A1 credit rating with a stable outlook from Moody’s Investors Service.
 
The Company’s total debt was $0.7 billion higher at December 31, 2018 when compared to December 31, 2017. Increases in debt related to September
2018 debt issuances of $2.25 billion along with the net impact of repayments and borrowings of international subsidiaries along with foreign currency
effects. These were partially offset by August 2018 and November 2018 maturation of $450 million and 500 million Euro, respectively, aggregate principal
amount of medium-term notes in addition to commercial paper of $435 million outstanding at year end 2018 compared to $745 million outstanding at year
end 2017. For discussion of repayments of and proceeds from debt refer to the following “Cash Flows from Financing Activities” section.
 
Effective February 24, 2017, the Company updated its “well-known seasoned issuer” (WKSI) shelf registration statement, which registers an indeterminate
amount of debt or equity securities for future issuance and sale. This replaced 3M’s previous shelf registration dated May 16, 2014. In May 2016, in
connection with the WKSI shelf, 3M entered into an amended and restated distribution agreement relating to the future issuance and sale (from time to time)
of the Company’s medium-term notes program (Series F), up to the aggregate principal amount of $18 billion, which was an increase from the previous
aggregate principal amount up to $9 billion of the same Series. 
 
As of December 31, 2018, the total amount of debt issued as part of the medium-term notes program (Series F), inclusive of debt issued in 2011, 2012,

CONTEXT 7 (3M_2018_10K.pdf):
debt—net” in the preceding table. Foreign exchange rate changes also impacted debt balances.
 
Proceeds from debt for 2016 primarily related to the May 2016 issuance of 500 million Euro aggregate principal amount of 5.75-year fixed rate medium-
2031 with a coupon rate of 1.50%. In September 2016, 3M issued $600 million aggregate principal amount of five-year fixed rate medium-term notes due
2021 with a coupon rate of 1.625%, $650 million aggregate principal amount of 10-year fixed rate medium-term notes due 2026 with a coupon rate of
2.250%, and $500 million aggregate principal amount of 30-year fixed rate medium-term notes due 2046 with a coupon rate of 3.125%. All of these 2016
issuances were under the medium-term notes program (Series F). 
 
Repurchases of Common Stock:
 
Repurchases of common stock are made to support the Company’s stock-based employee compensation plans and for other corporate purposes. In
November 2018, 3M’s Board of Directors authorized the repurchase of up to $10 billion of 3M’s outstanding common stock, which replaced the
Company’s February 2016 repurchase program. This program has no pre-established end date. In 2018, the Company purchased $4.9 billion of its own
stock, compared to purchases of $2.1 billion and $3.8 billion in 2017 and 2016, respectively. The Company expects full-year 2019 gross share repurchases
to be between $2.0 billion to $4.0 billion. For more information, refer to the table titled “Issuer Purchases of Equity Securities” in Part II, Item 5. The
Company does not utilize derivative instruments linked to the Company’s stock.
 
Dividends Paid to Shareholders:
 
Cash dividends paid to shareholders totaled $3.193 billion ($5.44 per share) in 2018, $2.803 billion ($4.70 per share) in 2017, and $2.678 billion ($4.44 per
share) in 2016. 3M has paid dividends since 1916. In February 2019, 3M’s Board of Directors declared a first-quarter 2019 dividend of $1.44 per share, an
increase of 6 percent. This is equivalent to an annual dividend of $5.76 per share and marked the 61st consecutive year of dividend increases.
 
48
[Page 49]
Table of Contents 
Other cash flows from financing activities may include various other items, such as changes in cash overdraft balances, and principal payments for capital
leases. In addition, in 2017, this included a payment related to the $96 million in interest expense associated with premiums and fees for the early retirement
of debt. See Note 12 for additional details.
 
Free Cash Flow (non-GAAP measure):
 
Free cash flow and free cash flow conversion are not defined under U.S. generally accepted accounting principles (GAAP). Therefore, they should not be
considered a substitute for income or cash flow data prepared in accordance with U.S. GAAP and may not be comparable to similarly titled measures used
by other companies. The Company defines free cash flow as net cash provided by operating activities less purchases of property, plant and equipment. It
should not be inferred that the entire free cash flow amount is available for discretionary expenditures. The Company defines free cash flow conversion as
free cash flow divided by net income attributable to 3M. The Company believes free cash flow and free cash flow conversion are meaningful to investors as
they are useful measures of performance and the Company uses these measures as an indication of the strength of the company and its ability to generate
cash. The first quarter of each year is typically 3M’s seasonal low for free cash flow and free cash flow conversion. Below find a recap of free cash flow and
free cash flow conversion for 2018, 2017 and 2016.
 
In 2018, free cash flow conversion was impacted by the $176 million measurement period adjustment to the tax expense recorded in December 2017 from
the enactment of the TCJA, the $897 million pre-tax impact related to the resolution of the Minnesota natural resource damages (NRD), and the $381

CONTEXT 8 (3M_2018_10K.pdf):
Company’s consolidated results of operations and financial condition. Prior periods have not been restated.
 
Cash dividends declared and paid totaled $1.36 and $1.175 per share for each quarter in 2018 and 2017, respectively. 3M typically declares and pays
dividends in the same quarter. In December 2014, 3M declared dividends that were paid in the following first quarter.
14
[Page 15]
Table of Contents 
 
Item 7. Management’s  Discussion and Analysis of Financial Condition and Results of Operations.
 
Management’s Discussion and Analysis of Financial Condition and Results of Operations (MD&A) is designed to provide a reader of 3M’s financial
statements with a narrative from the perspective of management. 3M’s MD&A is presented in eight sections:
 
·
Overview
·
Results of Operations
·
Performance by Business Segment
·
Performance by Geographic Area
·
Critical Accounting Estimates
·
New Accounting Pronouncements
·
Financial Condition and Liquidity
·
Financial Instruments
 
Forward-looking statements in Item 7 may involve risks and uncertainties that could cause results to differ materially from those projected (refer to the
section entitled “Cautionary Note Concerning Factors That May Affect Future Results” in Item 1 and the risk factors provided in Item 1A for discussion of
these risks and uncertainties).
 
OVERVI EW
 
3M is a diversified global manufacturer, technology innovator and marketer of a wide variety of products and services. As described in Note 18,  effective
in the first quarter of 2018, 3M improved the alignment of its businesses around markets and customers. Segment information presented herein reflects the
impact of these changes for all periods presented. 3M manages its operations in five operating business segments: Industrial; Safety and Graphics; Health
Care; Electronics and Energy; and Consumer. From a geographic perspective, any references to EMEA refer to Europe, Middle East and Africa on a
combined basis.
 
Earnings per share (EPS) attributable to 3M common shareholders – diluted:
 
The following table provides the increase (decrease) in diluted earnings per share for the fourth quarter and year 2018 compared to the same period last
year, in addition to 2017 compared to 2016.
 
 
 
Three months ended 
 
Year ended  December 31,
 
(Earnings per diluted share)
    
December 31, 2018
    
2018
 
2017
 
Same period last year
 
$
0.85  
$
7.93  
$
8.16  
2017 Enactment of TCJA Impact
 
 
1.25  
 
1.24  
 
 —  
Same period last year, excluding 2017 Tax Cuts and Jobs Act (TCJA)
 
$
2.10  
$
9.17  
$
8.16  
Increase/(decrease) in earnings per share - diluted, due to:
 
 
 
 
  
 
  
 
2017 divestiture of identity management business
 
 
 —  
 
(0.54) 
 
0.54  
Organic growth/productivity and other
 
 
0.18  
 
0.92  
 
0.47  
Acquisitions/other divestiture gains
 
 
(0.15) 
 
(0.15) 
 
 —  
Foreign exchange impacts
 
 
(0.03) 
 
(0.05) 
 
(0.13) 
Legal-related charges
 
 
 —  
 
(0.04) 
 
 —  
Legal - respirator mask actuarial reserve
 
 
 —  
 
 —  
 
(0.07) 
Other expense
 
 
0.06  
 
(0.14) 
 
(0.22) 
Income tax rate, excluding Tax Cuts and Jobs Act (TCJA) measurement
period adjustment
 
 
0.05  
 
0.61  
 
0.34  
Shares of common stock outstanding
 
 
0.08  
 
0.18  
 
0.08  
2018 divestiture of Communication Markets Division, net of related
restructuring actions
 
 
0.02  
 
0.50  
 
 —  
Current period, excluding MN Natural Resource Damages (NRD)
resolution and TCJA measurement period adjustment
 
$
2.31  
$
10.46  
$
9.17  
TCJA measurement period adjustment
 
 
0.07  
 
(0.29) 
 
(1.24) 
MN NRD resolution
 
 
(0.11) 
 
(1.28) 
 
 —  
Current period
 
$
2.27  
$
8.89
 $
7.93  
15

[Page 16]
Table of Contents 
 
Year 2018 and fourth quarter EPS:
 
For the fourth quarter of 2018, net income attributable to 3M was $1.347 billion, or $2.27 per diluted share, compared to $523 million, or $0.85 per diluted

ANSWER:
Based on the Consolidated Statement of Cash Flows for the year ended December 31, 2018, the capital expenditure amount (listed as "Purchases of property, plant and equipment (PP&E)") is $1,577 million.

GOLD:
$1577.00

JUSTIFICATION:
The metric capital expenditures was directly extracted from the company 10K. The line item name, as seen in the 10K, was: Purchases of property, plant and equipment (PP&E).

================================================================================
[2/10]

QUESTION:
Assume that you are a public equities analyst. Answer the following question by primarily using information that is shown in the balance sheet: what is the year end FY2018 net PPNE for 3M? Answer in USD billions.

CONTEXT 1 (3M_2018_10K.pdf):
$483 million and a benefit of $73 million related to all non-service pension and postretirement net benefit costs (after settlements, curtailments, special
termination benefits and other) for a total  consolidated defined benefit pre-tax pension and postretirement expense of $410 million, up from $334 million in
2017.
 
postretirement net benefit costs (before settlements, curtailments, special termination benefits and other) is anticipated to be a benefit of approximately $140
million, for a total consolidated defined benefit pre-tax pension and postretirement expense of $280 million, a decrease of approximately $130 million
compared to 2018.
 
The table below summarizes the impact on 2019 pension expense for the U.S. and international pension plans of a 0.25 percentage point increase/decrease
in the expected long-term rate of return on plan assets and discount rate assumptions used to measure plan liabilities and 2018 net periodic benefit cost. The
table assumes all other factors are held constant, including the slope of the discount rate yield curves.
 
 
Increase (Decrease) in Net Periodic Benefit Cost
 
 
 
Discount Rate
 
Expected Return on Assets
 
(Millions)
   
-0.25%
   
+0.25%
   
-0.25%
   
+0.25%
 
U.S. pension plans
 $
31  $
(34) $
37  $
(37) 
International pension plans
 
 
21  
 
(17) 
 
15  
 
(15) 
 
40
[Page 41]
Table of Contents 
Asset Impairments:
 
As of December 31, 2018, net property, plant and equipment totaled $8.7 billion and net identifiable intangible assets totaled $2.7 billion. Management
makes estimates and assumptions in preparing the consolidated financial statements for which actual results will emerge over long periods of time. This
includes the recoverability of long-lived assets employed in the business, including assets of acquired businesses. These estimates and assumptions are
closely monitored by management and periodically adjusted as circumstances warrant. For instance, expected asset lives may be shortened or an
impairment recorded based on a change in the expected use of the asset or performance of the related asset group.
 
Of the $2.7 billion in net identifiable intangible assets, $0.6 billion relates to indefinite-lived tradenames, primarily Capital Safety, whose tradenames ($520
million at acquisition date) have been in existence for over 55 years (refer to Note 4 for more detail). The primary valuation technique used in estimating
the fair value of indefinite lived intangible assets (tradenames) is a discounted cash flow approach. Specifically, a relief of royalty rate is applied to
estimated sales, with the resulting amounts then discounted using an appropriate market/technology discount rate. The relief of royalty rate is the estimated
royalty rate a market participant would pay to acquire the right to market/produce the product. If the resulting discounted cash flows are less than the book
value of the indefinite lived intangible asset, impairment exists, and the asset value must be written down. Based on impairment testing in the third quarter
of 2018, no impairment was indicated. The discounted cash flows related to the Capital Safety tradenames exceeded its book value by more than 20 percent
in aggregate.
 
3M goodwill totaled approximately $10.1 billion as of December 31, 2018. 3M’s annual goodwill impairment testing is performed in the fourth quarter of
each year. Impairment testing for goodwill is done at a reporting unit level, with all goodwill assigned to a reporting unit. Reporting units are one level
below the business segment level, but are required to be combined when reporting units within the same segment have similar economic characteristics. At
3M, reporting units correspond to a division. 3M did not combine any of its reporting units for impairment testing.
 
An impairment loss would be recognized when the carrying amount of the reporting unit’s net assets exceeds the estimated fair value of the reporting unit,

CONTEXT 2 (3M_2018_10K.pdf):
(276) 
 
(256) 
Accumulated amortization — other
 
 
(88)  
 
(162) 
Total accumulated amortization
 
$
(2,182)  
$
(2,073)  
 
 
 
  
 
  
Total finite-lived intangible assets — net
 
$
2,016  
$
2,288  
 
 
 
  
 
  
Non-amortizable intangible assets (primarily tradenames)
 
 
641  
 
648  
Total intangible assets — net
 
$
2,657  
$
2,936  
 
77
[Page 78]
Table of Contents 
Certain tradenames acquired by 3M are not amortized because they have been in existence for over 55 years, have a history of leading-market share
positions, have been and are intended to be continuously renewed, and the associated products of which are expected to generate cash flows for 3M for an
indefinite period of time.
 
Amortization expense for the years ended December 31 follows:
 
(Millions)
    
2018
    
2017
    
2016
 
Amortization expense
 
$
249  
$
238  
$
262  
 
Expected amortization expense for acquired amortizable intangible assets recorded as of December 31, 2018 follows:
 
 
  
 
  
 
  
 
  
 
  
 
 
After
 
(Millions)
 
2019
 
2020
 
2021
 
2022
 
2023
 
2023
 
Amortization expense
 $
240  $
228  $
219  $
205  $
174  $
950  
 
The preceding expected amortization expense is an estimate. Actual amounts of amortization expense may differ from estimated amounts due to additional
intangible asset acquisitions, changes in foreign currency exchange rates, impairment of intangible assets, accelerated amortization of intangible assets and
other events. 3M expenses the costs incurred to renew or extend the term of intangible assets.
 
NOTE 5.  Restructuring Actions and Exit Activities 
 
2018 Restructuring Actions:
During the second quarter and fourth quarter of 2018, management approved and committed to undertake certain restructuring actions related to addressing
corporate functional costs following the Communication Markets Division divestiture. These actions affected approximately 1,200 positions worldwide and
resulted in a second quarter 2018 pre-tax charge of $105 million and a fourth quarter pre-tax charge of $22 million, net of adjustments for reductions in cost
estimates of $10 million, essentially all within Corporate and Unallocated. The restructuring charges were recorded in the income statement as follows:
 
(Millions)
    
Second Quarter 2018
 
Fourth Quarter 2018
 
Cost of sales
 
$
12  $
15  
Selling, general and administrative expenses
 
 
89
  
16  
Research, development and related expenses
 
 
 4
  
 1  
Total
 
$
105  $
32  
 
Restructuring actions, including cash and non-cash impacts, follow:
 
(Millions)
    
Employee-Related
    
Asset-Related
    
Total
 
Expense incurred in the second quarter and fourth quarter of 2018
 
$
125  
$
12  
$
137  
Non-cash changes
 
 
 —  
 
(12) 
 
(12) 
Cash payments
 
 
(24) 
 
 —  
 
(24) 
Adjustments
 
 
(17) 
 
 —  
 
(17) 
Accrued restructuring action balances as of December 31, 2018
 
$
84  
$
 —  
$
84  
 
Remaining activities related to this restructuring are expected to be largely completed through 2019.
78

CONTEXT 3 (3M_2018_10K.pdf):
below the business segment level, but are required to be combined when reporting units within the same segment have similar economic characteristics. At
3M, reporting units correspond to a division. 3M did not combine any of its reporting units for impairment testing.
 
and the loss would equal that difference. The estimated fair value of a reporting unit is determined using earnings for the reporting unit multiplied by a
price/earnings ratio for comparable industry groups, or by using a discounted cash flow analysis. 3M typically uses the price/earnings ratio approach for
stable and growing businesses that have a long history and track record of generating positive operating income and cash flows. 3M uses the discounted
cash flow approach for start-up, loss position and declining businesses, in addition to using for businesses where the price/earnings ratio valuation method
indicates additional review is warranted. 3M also uses discounted cash flow as an additional tool for businesses that may be growing at a slower rate than
planned due to economic or other conditions.
 
As described in Note 18, effective in the first quarter of 2018, 3M made business segment reporting changes. For any product moves that resulted in
reporting unit changes, the Company applied the relative fair value method to determine the impact on goodwill of the associated reporting units. During the
first quarter of 2018, the Company completed its assessment of any potential goodwill impairment for reporting units impacted by this new structure and
determined that no impairment existed. The discussion that follows relates to the separate fourth quarter 2018 annual impairment test and is in the context of
the reporting unit structure that existed at that time.
 
As of October 1, 2018, 3M had 24 primary reporting units, with ten reporting units accounting for approximately 89 percent of the goodwill. These ten
reporting units were comprised of the following divisions: Advanced Materials, Display Materials and Systems, Electronics Materials Solutions, Health
Information Systems, Industrial Adhesives and Tapes, Infection Prevention, Oral Care Solutions, Personal Safety, Separation and Purification, and
Transportation Safety. The estimated fair value for all reporting units was in excess of carrying value by approximately 79 percent or more. 3M’s market
value at both December 31, 2018, and September 30, 2018, was significantly in excess of its shareholders’ equity of approximately $10 billion.
 
As discussed in Note 3, 3M sold its Communication Markets division in 2018, which comprised substantially all of the $272 million reduction in goodwill
associated with divestitures during 2018.
 
In 2018, 3M determined fair values using either an industry price-earnings ratio approach or a discounted cash flows analysis. Where applicable, 3M used a
weighted-average discounted cash flow analysis for certain divisions, using projected cash flows that were
41

CONTEXT 4 (3M_2018_10K.pdf):
[Page 127]
 NOTE 19.  Geographic Areas
 
Geographic area information is used by the Company as a secondary performance measure to manage its businesses. Export sales and certain income and
expense items are generally reported within the geographic area where the final sales to 3M customers are made.
 
 
  
 
  
 
  
 
 
Property, Plant and
 
 
 
Net Sales
 
Equipment - net
 
(Millions)
    
2018
    
2017
    
2016
    
2018
    
2017
 
United States
 $
12,840  $
12,372  $
12,188  $
4,915  $
4,891  
Asia Pacific
 
 
10,254  
 
9,809   
8,847   
1,624   
1,672  
Europe, Middle East and Africa
 
 
6,654  
 
6,456   
6,163   
1,751   
1,798  
Latin America and Canada
 
 
3,024  
 
3,033   
2,901   
448   
505  
Other Unallocated
 
 
(7) 
 
(13)  
10   
 —   
 —  
Total Company
 $
32,765  $
31,657  $
30,109  $
8,738  $
8,866  
 
Asia Pacific included China/Hong Kong net sales to customers of $3.574 billion, $3.255 billion and $2.799 billion in 2018, 2017, and 2016, respectively.
China/Hong Kong net property, plant and equipment (PP&E) was $542 million and $541 million at December 31, 2018 and 2017, respectively.
 
NOTE 20.  Quarterly Data (Unaudited) 
 
(Millions, except per-share amounts)
    
First
    
Second
    
Third
    
Fourth
    
Year
 
2018
 
Quarter
 
Quarter
 
Quarter
 
Quarter
 
2018
 
Net sales
 
$
8,278  
$
8,390  
$
8,152  
$
7,945  
$
32,765  
Cost of sales
 
 
4,236  
 
4,227  
 
4,159  
 
4,060  
 
16,682  
Net income including noncontrolling interest
 
 
606  
 
1,862  
 
1,546  
 
1,349  
 
5,363  
Net income attributable to 3M
 
 
602  
 
1,857  
 
1,543  
 
1,347  
 
5,349  
Earnings per share attributable to 3M common shareholders - basic
 
 
1.01  
 
3.14  
 
2.64  
 
2.32  
 
9.09  
Earnings per share attributable to 3M common shareholders - diluted
 
 
0.98  
 
3.07  
 
2.58  
 
2.27  
 
8.89  
 
(Millions, except per-share amounts)
    
First
    
Second
    
Third
    
Fourth
    
Year
 
2017
 
Quarter
 
Quarter
 
Quarter
 
Quarter
 
2017
 
Net sales
 
$
7,685  
$
7,810  
$
8,172  
$
7,990  
$
31,657  
Cost of sales
 
 
3,882  
 
4,020  
 
4,059  
 
4,094  
 
16,055  
Net income including noncontrolling interest
 
 
1,326  
 
1,585  
 
1,433  
 
525  
 
4,869  
Net income attributable to 3M
 
 
1,323  
 
1,583  
 
1,429  
 
523  
 
4,858  
Earnings per share attributable to 3M common shareholders - basic
 
 
2.21  
 
2.65  
 
2.39  
 
0.88  
 
8.13  
Earnings per share attributable to 3M common shareholders - diluted
 
 
2.16  
 
2.58  
 
2.33  
 
0.85  
 
7.93  
 
Gross profit is calculated as net sales minus cost of sales.
 
In the first quarter of 2018, the resolution of the State of Minnesota Natural Resource Damages (NRD) lawsuit reduced net income by $710 million, or
$1.16 per diluted share. Refer to Note 16 for additional details. Additionally, the first quarter of 2018 was impacted by a measurement period adjustment
related to the enactment of the Tax Cuts and Jobs Act (TCJA), which reduced net income by $217 million, or $0.36 per diluted share. Refer to Note 10 for
additional details.
 
In the fourth quarter of 2018, the Company’s ongoing IRS examination under the Compliance Assurance Process (CAP) and new guidance released under
the Tax Cuts and Jobs Act resulted in a charge that reduced net income by $60 million, or $0.11 per diluted share. Additionally, in the fourth quarter of
2018, the Company finalized the tax impact related to TCJA with a reversal of previously recorded tax expense that increased net income by $41 million, or
$0.07 per diluted share. On a combined basis, these items, including the impacts detailed above for the first quarter of 2018, reduced net income by $946
million, or $1.57 per diluted share in 2018.
 
Fourth quarter and year 2017 were impacted by the enactment of the Tax Cuts and Jobs Act in December 2017, which reduced net income by $762 million

CONTEXT 5 (3M_2018_10K.pdf):
$
9.09  $
8.13  $
8.35  
 
 
 
  
 
  
 
  
Weighted average 3M common shares outstanding — diluted
 
 
602.0  
 
612.7  
 
618.7  
Earnings per share attributable to 3M common shareholders — diluted
 $
8.89  $
7.93  $
8.16  
 
The accompanying Notes to Consolidated Financial Statements are an integral part of this statement.
 
56
[Page 57]
Table of Contents 
3M Company and Subsidiaries
Consolidated Statement of Comprehensive Incom e
Years ended December 31
 
(Millions)
    
2018
    
2017
    
2016
 
Net income including noncontrolling interest
 
$
5,363  
$
4,869  
$
5,058  
Other comprehensive income (loss), net of tax:
 
 
  
 
  
 
  
Cumulative translation adjustment
 
 
(467) 
 
373  
 
(331) 
Defined benefit pension and postretirement plans adjustment
 
 
444  
 
52  
 
(524) 
Cash flow hedging instruments, unrealized gain (loss)
 
 
176  
 
(203) 
 
(33) 
Total other comprehensive income (loss), net of tax
 
 
153  
 
222  
 
(888) 
Comprehensive income (loss) including noncontrolling interest
 
 
5,516  
 
5,091  
 
4,170  
Comprehensive (income) loss attributable to noncontrolling interest
 
 
(8) 
 
(14) 
 
(6) 
Comprehensive income (loss) attributable to 3M
 
$
5,508  
$
5,077  
$
4,164  
 
The accompanying Notes to Consolidated Financial Statements are an integral part of this statement.
57

[Page 58]
Table of Contents 
3M Company and Subsidiaries
Consolidated Balance Shee t
At December 31
 
 
    
December 31,
    
December 31,
 
(Dollars in millions, except per share amount)
    
2018
    
2017
 
Assets
 
 
  
 
  
Current assets
 
 
  
 
  
Cash and cash equivalents
 
$
2,853  
$
3,053  
Marketable securities — current
 
 
380  
 
1,076  
Accounts receivable — net of allowances of $95 and $103
 
 
5,020  
 
4,911  
Inventories
 
 
  
 
  
Finished goods
 
 
2,120  
 
1,915  
Work in process
 
 
1,292  
 
1,218  
Raw materials and supplies
 
 
954  
 
901  
Total inventories
 
 
4,366  
 
4,034  
Prepaids
 
 
741  
 
937  
Other current assets
 
 
349  
 
266  
Total current assets
 
 
13,709  
 
14,277  
Property, plant and equipment
 
 
24,873  
 
24,914  
Less: Accumulated depreciation
 
 
(16,135)  
 
(16,048)  
Property, plant and equipment — net
 
 
8,738  
 
8,866  
Goodwill
 
 
10,051  
 
10,513  
Intangible assets — net
 
 
2,657  
 
2,936  
Other assets
 
 
1,345  
 
1,395  
Total assets
 
$
36,500  
$
37,987  
Liabilities
 
 
  
 
  
Current liabilities
 
 
  
 
  
Short-term borrowings and current portion of long-term debt
 
$
1,211  
$
1,853  
Accounts payable
 
 
2,266  
 
1,945  
Accrued payroll
 
 
749  
 
870  
Accrued income taxes
 
 
243  
 
310  
Other current liabilities
 
 
2,775  
 
2,709  
Total current liabilities
 
 
7,244  
 
7,687  
 
 
 
  
 
  
Long-term debt
 
 
13,411  
 
12,096  
Pension and postretirement benefits
 
 
2,987  
 
3,620  
Other liabilities
 
 
3,010  
 
2,962  
Total liabilities
 
$
26,652  
$
26,365  
Commitments and contingencies (Note 16)
 
 
  
 
  
Equity
 
 
  
 
  
3M Company shareholders’ equity:
 
 
  
 
  
Common stock par value, $.01 par value
 
$
 9  
$
 9  
Shares outstanding - 2018: 576,575,168
 
 
  
 
  
Shares outstanding - 2017: 594,884,237
 
 
  
 
  
Additional paid-in capital
 
 
5,643  
 
5,352  
Retained earnings
 
 
40,636  
 
39,115  
Treasury stock
 
 
(29,626)  
 
(25,887)  
Accumulated other comprehensive income (loss)
 
 
(6,866)  
 
(7,026)  
Total 3M Company shareholders’ equity
 
 
9,796  
 
11,563  
Noncontrolling interest
 
 
52  
 
59  
Total equity
 
$
9,848  
$
11,622  
Total liabilities and equity
 
$
36,500  
$
37,987  
 
The accompanying Notes to Consolidated Financial Statements are an integral part of this statement.
58

CONTEXT 6 (3M_2018_10K.pdf):
approximately $115.3 billion as of January 31, 2019 (approximately $115.4 billion as of June 30, 2018, the last business day of the Registrant’s most recently
completed second quarter).
 
Shares of common stock outstanding at January 31, 2019: 575.8 million
 
DOCUMENTS INCORPORATED BY REFERENCE
 
December 31, 2018) for its annual meeting to be held on May 14, 2019, are incorporated by reference in this Form 10-K in response to Part III, Items
10, 11, 12, 13 and 14.
[Page 2]
Table of Contents 
3M COMPANY 
FORM 10-K
For the Year Ended December 31, 2018
 
Pursuant to Part IV, Item 16, a summary of Form 10-K content follows, including hyperlinked cross-references (in the EDGAR filing). This allows users to
easily locate the corresponding items in Form 10-K, where the disclosure is fully presented. The summary does not include certain Part III information that
will be incorporated by reference from the proxy statement, which will be filed after this Form 10-K filing.
 
 
 
 
 
Beginning
Page
PART I 
 
 
 
 
ITEM 1 
 
Business
 
4
 
 
 
 
 
ITEM 1A 
 
Risk Factors
 
10
 
 
 
 
 
ITEM 1B 
 
Unresolved Staff Comments
 
12
 
 
 
 
 
ITEM 2 
 
Properties
 
12
 
 
 
 
 
ITEM 3 
 
Legal Proceedings
 
12
 
 
 
 
 
ITEM 4 
 
Mine Safety Disclosures
 
12
 
 
 
 
 
PART II 
 
 
 
 
ITEM 5 
 
Market for Registrant’s Common Equity, Related Stockholder Matters and Issuer Purchases of Equity Securities
 
13
 
 
 
 
 
ITEM 6 
 
Selected Financial Data
 
14
 
 
 
 
 
ITEM 7 
 
Management’s Discussion and Analysis of Financial Condition and Results of Operations
 
15
 
 
 
 
 
 
 
MD&A is designed to provide a reader of 3M’s financial statements with a narrative from the perspective of
management. 3M’s MD&A is presented in eight sections:
 
 
 
 
 
 
 
 
 
Overview
 
15
 
 
Results of Operations
 
27
 
 
Performance by Business Segment
 
32
 
 
Performance by Geographic Area
 
38
 
 
Critical Accounting Estimates
 
39
 
 
New Accounting Pronouncements
 
42
 
 
Financial Condition and Liquidity
 
43
 
 
Financial Instruments
 
50
 
 
 
 
 
ITEM 7A 
 
Quantitative and Qualitative Disclosures About Market Risk
 
51
 
 
 
 
 
ITEM 8 
 
Financial Statements and Supplementary Data
 
52
 
 
 
 
 
 
 
Index to Financial Statements
 
52
 
 
 
 
 
 
 
Management’s Responsibility for Financial Reporting
 
52
 
 
Management’s Report on Internal Control Over Financial Reporting
 
53
 
 
Report of Independent Registered Public Accounting Firm
 
54
 
 
Consolidated Statement of Income for the years ended December 31, 2018, 2017 and 2016
 
56
 
 
Consolidated Statement of Comprehensive Income for the years ended December 31, 2018, 2017 and 2016
 
57
 
 
Consolidated Balance Sheet at December 31, 2018 and 2017
 
58
 
 
 
 
 
2

CONTEXT 7 (3M_2018_10K.pdf):
Beginning balance
 
349,148,819  
347,306,778  
334,702,932  
Reacquired stock
 
23,526,293  
10,209,963  
22,602,748  
Issuances pursuant to stock options and benefit plans
 
(5,217,224) 
(8,367,922) 
(9,998,902) 
Ending balance
 
367,457,888  
349,148,819  
347,306,778  
 
The accompanying Notes to Consolidated Financial Statements are an integral part of this statement.
59
[Page 60]
Table of Contents 
3M Company and Subsidiaries
Consolidated Statement of Cash Flow s
Years ended December 31
 
(Millions)
    
2018
    
2017
    
2016
 
Cash Flows from Operating Activities
 
 
  
 
  
 
  
Net income including noncontrolling interest
 
$
5,363  
$
4,869  
$
5,058  
Adjustments to reconcile net income including noncontrolling interest to net cash
provided by operating activities
 
 
  
 
  
 
  
Depreciation and amortization
 
 
1,488  
 
1,544  
 
1,474  
Company pension and postretirement contributions
 
 
(370) 
 
(967) 
 
(383) 
Company pension and postretirement expense
 
 
410  
 
334  
 
250  
Stock-based compensation expense
 
 
302  
 
324  
 
298  
Gain on sale of businesses
 
 
(545) 
 
(586) 
 
(111) 
Deferred income taxes
 
 
(57) 
 
107  
 
 7  
Changes in assets and liabilities
 
 
  
 
  
 
  
Accounts receivable
 
 
(305) 
 
(245) 
 
(313) 
Inventories
 
 
(509) 
 
(387) 
 
57  
Accounts payable
 
 
408  
 
24  
 
148  
Accrued income taxes (current and long-term)
 
 
134  
 
967  
 
101  
Other — net
 
 
120  
 
256  
 
76  
Net cash provided by (used in) operating activities
 
 
6,439  
 
6,240  
 
6,662  
 
 
 
  
 
  
 
  
Cash Flows from Investing Activities
 
 
  
 
  
 
  
Purchases of property, plant and equipment (PP&E)
 
 
(1,577) 
 
(1,373) 
 
(1,420) 
Proceeds from sale of PP&E and other assets
 
 
262  
 
49  
 
58  
Acquisitions, net of cash acquired
 
 
13  
 
(2,023) 
 
(16) 
Purchases of marketable securities and investments
 
 
(1,828) 
 
(2,152) 
 
(1,410) 
Proceeds from maturities and sale of marketable securities and investments
 
 
2,497  
 
1,354  
 
1,247  
Proceeds from sale of businesses, net of cash sold
 
 
846  
 
1,065  
 
142  
Other — net
 
 
 9  
 
(6) 
 
(4) 
Net cash provided by (used in) investing activities
 
 
222  
 
(3,086) 
 
(1,403) 
 
 
 
  
 
  
 
  
Cash Flows from Financing Activities
 
 
  
 
  
 
  
Change in short-term debt — net
 
 
(284) 
 
578  
 
(797) 
Repayment of debt (maturities greater than 90 days)
 
 
(1,034) 
 
(962) 
 
(992) 
Proceeds from debt (maturities greater than 90 days)
 
 
2,251  
 
1,987  
 
2,832  
Purchases of treasury stock
 
 
(4,870) 
 
(2,068) 
 
(3,753) 
Proceeds from issuance of treasury stock pursuant to stock option and benefit plans
 
 
485  
 
734  
 
804  
Dividends paid to shareholders
 
 
(3,193) 
 
(2,803) 
 
(2,678) 
Other — net
 
 
(56) 
 
(121) 
 
(42) 
Net cash provided by (used in) financing activities
 
 
(6,701) 
 
(2,655) 
 
(4,626) 
 
 
 
  
 
  
 
  
Effect of exchange rate changes on cash and cash equivalents
 
 
(160) 
 
156  
 
(33) 
 
 
 
  
 
  
 
  
Net increase (decrease) in cash and cash equivalents
 
 
(200) 
 
655  
 
600  
Cash and cash equivalents at beginning of year
 
 
3,053  
 
2,398  
 
1,798  
Cash and cash equivalents at end of period
 
$
2,853  
$
3,053  
$
2,398  
 
The accompanying Notes to Consolidated Financial Statements are an integral part of this statement.
 
60

[Page 61]
Table of Contents 
Notes to Consolidated Financial Statements 
 
NOTE 1.  Significant Accounting Policies 
 
Consolidation: 3M is a diversified global manufacturer, technology innovator and marketer of a wide variety of products. All subsidiaries are consolidated.
All intercompany transactions are eliminated. As used herein, the term “3M” or “Company” refers to 3M Company and subsidiaries unless the context
indicates otherwise.
 
Foreign currency translation: Local currencies generally are considered the functional currencies outside the United States. Assets and liabilities for

CONTEXT 8 (3M_2018_10K.pdf):
the one year measurement-period following prior acquisitions, which increased goodwill by $7 million during 2018. The amounts in the “Translation and
other” column in the following table primarily relate to changes in foreign currency exchange rates. The goodwill balance by business segment follows:
 
[Page 77]
Table of Contents 
Goodwill
 
(Millions)
 
Industrial
 
Safety and
Graphics
 
Health Care  
Electronics
and Energy  
Consumer
 
Total
Company
 
Balance as of December 31, 2016
 $
2,536  $
3,324  $
1,609  $
1,489  $
208  $
9,166  
Acquisition activity
  
 —   
1,296   
 6   
 —   
 —   
1,302  
Divestiture activity
  
 —   
(323)  
 —   
 —   
 —   
(323) 
Translation and other
  
142   
122   
67   
35   
 2   
368  
Balance as of December 31, 2017
  
2,678   
4,419   
1,682   
1,524   
210   
10,513  
Acquisition activity
  
 —   
 7   
 —   
 —   
 —   
 7  
Divestiture activity
  
(4)  
(8)  
 —   
(260)  
 —   
(272) 
Translation and other
  
(60)  
(93)  
(28)  
(14)  
(2)  
(197) 
Balance as of December 31, 2018
 $
2,614  $
4,325  $
1,654  $
1,250  $
208  $
10,051  
 
Accounting standards require that goodwill be tested for impairment annually and between annual tests in certain circumstances such as a change in
reporting units or the testing of recoverability of a significant asset group within a reporting unit. At 3M, reporting units correspond to a division.
 
As described in Note 18, effective in the first quarter of 2018, the Company changed its business segment reporting in its continuing effort to improve the
alignment of its businesses around markets and customers. For any product changes that resulted in reporting unit changes, the Company applied the
relative fair value method to determine the impact on goodwill of the associated reporting units. During the first quarter of 2018, the Company completed
its assessment of any potential goodwill impairment for reporting units impacted by this new structure and determined that no impairment existed. The
Company also completed its annual goodwill impairment test in the fourth quarter of 2018 for all reporting units and determined that no impairment existed.
In addition, the Company had no impairments of goodwill in 2016 or 2017.
 
Acquired Intangible Assets
 
The carrying amount and accumulated amortization of acquired finite-lived intangible assets, in addition to the balance of non-amortizable intangible assets,
as of December 31, follow:
 
 
    
December 31,
    
December 31,
 
(Millions)
    
2018
    
2017
 
Customer related intangible assets
 
$
2,291  
$
2,332  
Patents
 
 
542  
 
561  
Other technology-based intangible assets
 
 
576  
 
583  
Definite-lived tradenames
 
 
664  
 
678  
Other amortizable intangible assets
 
 
125  
 
207  
Total gross carrying amount
 
$
4,198  
$
4,361  
 
 
 
  
 
  
Accumulated amortization — customer related
 
 
(998) 
 
(874) 
Accumulated amortization — patents
 
 
(487) 
 
(489) 
Accumulated amortization — other technology based
 
 
(333) 
 
(292) 
Accumulated amortization — definite-lived tradenames
 
 
(276) 
 
(256) 
Accumulated amortization — other
 
 
(88)  
 
(162) 
Total accumulated amortization
 
$
(2,182)  
$
(2,073)  
 
 
 
  
 
  
Total finite-lived intangible assets — net
 
$
2,016  
$
2,288  
 
 
 
  
 
  
Non-amortizable intangible assets (primarily tradenames)
 
 
641  
 
648  
Total intangible assets — net
 
$
2,657  
$
2,936  
 
77

ANSWER:
Based on the Consolidated Balance Sheet as of December 31, 2018, the net property, plant and equipment (PP&E) is $8,738 million.

To convert this to USD billions:
$8,738 million / 1,000 = $8.738 billion

The year-end FY2018 net PP&E for 3M is $8.738 billion.

GOLD:
$8.70

JUSTIFICATION:
The metric ppne, net was directly extracted from the company 10K. The line item name, as seen in the 10K, was: Property, plant and equipment â net.

================================================================================
[3/10]

QUESTION:
Is 3M a capital-intensive business based on FY2022 data?

CONTEXT 1 (3M_2022_10K.pdf):
[Table — page 50]
Assets |  |  |  |  |  | 
Current assets |  |  |  |  |  | 
Cash and cash equivalents |  | $ | 3,655 |  | $ | 4,564
Marketable securities — current |  | 238 |  |  | 201 | 
Accounts receivable — net of allowances of $174 and $189 |  | 4,532 |  |  | 4,660 | 
Inventories |  |  |  |  |  | 
Finished goods |  | 2,497 |  |  | 2,196 | 
Work in process |  | 1,606 |  |  | 1,577 | 
Raw materials and supplies |  | 1,269 |  |  | 1,212 | 
Total inventories |  | 5,372 |  |  | 4,985 | 
Prepaids |  | 435 |  |  | 654 | 
Other current assets |  | 456 |  |  | 339 | 
Total current assets |  | 14,688 |  |  | 15,403 | 
Property, plant and equipment |  | 25,998 |  |  | 27,213 | 
Less: Accumulated depreciation |  | (16,820) |  |  | (17,784) | 
Property, plant and equipment — net |  | 9,178 |  |  | 9,429 | 
Operating lease right of use assets |  | 829 |  |  | 858 | 
Goodwill |  | 12,790 |  |  | 13,486 | 
Intangible assets — net |  | 4,699 |  |  | 5,288 | 
Other assets |  | 4,271 |  |  | 2,608 | 
Total assets |  | $ | 46,455 |  | $ | 47,072
Liabilities |  |  |  |  |  | 
Current liabilities |  |  |  |  |  | 
Short-term borrowings and current portion of long-term debt |  | $ | 1,938 |  | $ | 1,307
Accounts payable |  | 3,183 |  |  | 2,994 | 
Accrued payroll |  | 692 |  |  | 1,020 | 
Accrued income taxes |  | 259 |  |  | 260 | 
Operating lease liabilities — current |  | 261 |  |  | 263 | 
Other current liabilities |  | 3,190 |  |  | 3,191 | 
Total current liabilities |  | 9,523 |  |  | 9,035 | 
Long-term debt |  | 14,001 |  |  | 16,056 | 
Pension and postretirement benefits |  | 1,966 |  |  | 2,870 | 
Operating lease liabilities |  | 580 |  |  | 591 | 
Other liabilities |  | 5,615 |  |  | 3,403 | 
Total liabilities |  | 31,685 |  |  | 31,955 | 
Commitments and contingencies (Note 16) |  |  |  |  |  | 
Equity |  |  |  |  |  | 
3M Company shareholders’ equity: |  |  |  |  |  | 
Common stock par value, $.01 par value; 944,033,056 shares issued |  | 9 |  |  | 9 | 
Shares outstanding - December 31, 2022: 549,245,105 |  |  |  |  |  | 
Shares outstanding - December 31, 2021: 571,845,478 |  |  |  |  |  | 
Additional paid-in capital |  | 6,691 |  |  | 6,429 | 
Retained earnings |  | 47,950 |  |  | 45,821 | 
Treasury stock, at cost: |  | (33,255) |  |  | (30,463) | 
Accumulated other comprehensive income (loss) |  | (6,673) |  |  | (6,750) | 
Total 3M Company shareholders’ equity |  | 14,722 |  |  | 15,046 | 
Noncontrolling interest |  | 48 |  |  | 71 | 
Total equity |  | 14,770 |  |  | 15,117 | 
Total liabilities and equity |  | $ | 46,455 |  | $ | 47,072

CONTEXT 2 (3M_2022_10K.pdf):
[Page 40]
3M invests in renewal and maintenance programs, which pertain to cost reduction, cycle time, maintaining and renewing current capacity, eliminating pollution, and
compliance. Costs related to maintenance, ordinary repairs, and certain other items are expensed. 3M also invests in growth, which adds to capacity, driven by new products,
both through expansion of current facilities and new facilities. Finally, 3M also invests in other initiatives, such as information technology (IT), laboratory facilities, and a
continued focus on investments in sustainability.
Refer to Note 3 for information on acquisitions and divestitures (including the cash payment from the Food Safety business split-off). The Company is actively considering
additional acquisitions, investments and strategic alliances, and from time to time may also divest certain businesses.
Purchases of marketable securities and investments and proceeds from maturities and sale of marketable securities and investments are primarily attributable to certificates of
deposit/time deposits, commercial paper, and other securities, which are classified as available-for-sale. Refer to Note 11 for more details about 3M’s diversified marketable
securities portfolio. Purchases of investments include additional survivor benefit insurance, plus investments in equity securities.
Cash Flows from Financing Activities:
Year ended December 31, (Millions)
2022
2021
Change in short-term debt — net
$
340 $
(2)
Repayment of debt (maturities greater than 90 days)
(1,179)
(1,144)
Proceeds from debt (maturities greater than 90 days)
1 
1 
Total cash change in debt
(838)
(1,145)
Purchases of treasury stock
(1,464)
(2,199)
Proceeds from issuances of treasury stock pursuant to stock option and benefit plans
381 
639 
Dividends paid to shareholders
(3,369)
(3,420)
Other — net
(60)
(20)
Net cash provided by (used in) financing activities
$
(5,350) $
(6,145)
2022 Debt Activity:
Total debt was approximately $15.9 billion at December 31, 2022 and $17.4 billion at December 31, 2021. Decreases in debt were largely due to the repayments of 500 million
euros and $600 million aggregate principal amounts of fixed-rate medium-term notes in February 2022 and June 2022, respectively. The Company had no commercial paper
outstanding at December 31, 2022 and 2021. In conjunction with the Food Safety Division split-off transaction and combination with Neogen (discussed in Note 3), the
associated non-cash debt-for-debt exchange in the third quarter of 2022 reduced then-outstanding 3M commercial paper indebtedness of $350 million (borrowed earlier in the
year) which became new term-debt obligations of Neogen. Net commercial paper issuances in addition to repayments and borrowings by international subsidiaries are largely
reflected in “Change in short-term debt – net” in the preceding table. 3M’s primary short-term liquidity needs are met through cash on hand and U.S. commercial paper
issuances. Refer to Note 12 for more detail regarding debt.
2021 Debt Activity:
Decreases in debt were largely due to the March 2021 early redemption of $450 million in debt maturing in 2022 via make-whole call offers and the November 2021 repayment
of 600 million euros aggregate principal amount of Eurobonds that matured. The Company had no commercial paper outstanding at December 31, 2021 and December 31,
2020. Net commercial paper issuances in addition to repayments and borrowings by international subsidiaries are largely reflected in “Change in short-term debt – net” in the
preceding table.
Repurchases of Common Stock:
Repurchases of common stock are made to support the Company’s stock-based employee compensation plans and for other corporate purposes. In 2022, the Company
purchased $1,464 million of its own stock. For more information, refer to the table titled “Issuer Purchases of Equity Securities” in Part II, Item 5. The Company does not

CONTEXT 3 (3M_2022_10K.pdf):
[Page 1]
Table of Contents
UNITED STATES
SECURITIES AND EXCHANGE COMMISSION
Washington, D.C. 20549
FORM 10-K
 ANNUAL REPORT PURSUANT TO SECTION 13 OR 15(d) OF THE SECURITIES EXCHANGE ACT OF 1934
For the fiscal year ended December 31, 2022
or
o TRANSITION REPORT PURSUANT TO SECTION 13 OR 15(d) OF THE SECURITIES EXCHANGE ACT OF 1934
For the transition period from __________ to __________
Commission file number 1-3285
3M COMPANY
State of Incorporation: Delaware
I.R.S. Employer Identification No. 41-0417775
Principal executive offices: 3M Center, St. Paul, Minnesota 55144
Telephone number: (651) 733-1110
Securities registered pursuant to Section 12(b) of the Act:
Title of each class
Trading Symbol(s)
Name of each exchange on which registered
Common Stock, Par Value $.01 Per Share
MMM
New York Stock Exchange
MMM
Chicago Stock Exchange, Inc.
0.950% Notes due 2023
MMM23
New York Stock Exchange
1.500% Notes due 2026
MMM26
New York Stock Exchange
1.750% Notes due 2030
MMM30
New York Stock Exchange
1.500% Notes due 2031
MMM31
New York Stock Exchange
Note: The common stock of the registrant is also traded on the SIX Swiss Exchange.
Securities registered pursuant to section 12(g) of the Act: None
Indicate by check mark if the registrant is a well-known seasoned issuer, as defined in Rule 405 of the Securities Act. Yes  x    No  o
Indicate by check mark if the registrant is not required to file reports pursuant to Section 13 or Section 15(d) of the Act. Yes  o    No  x
Indicate by check mark whether the registrant (1) has filed all reports required to be filed by Section 13 or 15(d) of the Securities Exchange Act of 1934 during the preceding 12 months (or for such shorter
period that the registrant was required to file such reports), and (2) has been subject to such filing requirements for the past 90 days. Yes  x    No  o
Indicate by check mark whether the registrant has submitted electronically every Interactive Data File required to be submitted pursuant to Rule 405 of Regulation S-T (§ 232.405 of this chapter) during the
preceding 12 months (or for such shorter period that the registrant was required to submit such files). Yes  x    No  o
Indicate by check mark whether the registrant is a large accelerated filer, an accelerated filer, a non-accelerated filer, a smaller reporting company, or an emerging growth company. See the definitions of
“large accelerated filer,” “accelerated filer,” “smaller reporting company,” and “emerging growth company” in Rule 12b-2 of the Exchange Act.
Large accelerated filer
x
Accelerated filer
o
Non-accelerated filer
o
Smaller reporting company
Emerging growth company
If an emerging growth company, indicate by check mark if the registrant has elected not to use the extended transition period for complying with any new or revised financial accounting standards provided
pursuant to Section 13(a) of the Exchange Act. o
Indicate by check mark whether the registrant has filed a report on and attestation to its management’s assessment of the effectiveness of its internal control over financial reporting under Section 404(b) of the
Sarbanes Oxley Act (15 U.S.C. 7262(b)) by the registered public accounting firm that prepared or issued its audit report. Yes     No  o  
If securities are registered pursuant to Section 12(b) of the Act, indicate by check mark whether the financial statements of the registrant included in the filing reflect the correction of an error to previously
issued financial statements. o    
Indicate by check mark whether any of those error corrections are restatements that required a recovery analysis of incentive-based compensation received by any of the registrant's executive officers during the
relevant recovery period pursuant to §240.10D-1(b) o  
Indicate by check mark whether the registrant is a shell company (as defined in Rule 12b-2 of the Act). Yes       No  x

CONTEXT 4 (3M_2022_10K.pdf):
and the net amount, less proceeds from disposal, is charged or credited to operations. Property, plant and equipment amounts are reviewed for impairment whenever events or
changes in circumstances indicate that the carrying amount of an asset (asset group) may not be recoverable. An impairment loss is recognized when the carrying amount of an
is calculated by the excess of the asset’s carrying value over its fair value. Fair value is generally determined using a discounted cash flow analysis. 3M records capital-related
government grants earned as reductions to the cost of property, plant and equipment; and associated unpaid liabilities and grant proceeds receivable are considered non-cash
changes in such balances for purposes of preparation of statement of cash flows.
Conditional asset retirement obligations: A liability is initially recorded at fair value for an asset retirement obligation associated with the retirement of tangible long-lived
assets in the period in which it is incurred if a reasonable estimate of fair value can be made. Conditional asset retirement obligations exist for certain long-term assets of the
Company. The obligation is initially measured at fair value using expected present value techniques. Over time the liabilities are accreted for the change in their present value
and the initial capitalized costs are depreciated over the remaining useful lives of the related assets. The asset retirement obligation liability was $177 million and $176 millions
at December 31, 2022 and 2021, respectively.
Goodwill: Goodwill is the excess of cost of an acquired entity over the amounts assigned to assets acquired and liabilities assumed in a business combination. Goodwill is not
amortized. Goodwill is tested for impairment annually in the fourth quarter of each year, and is tested for impairment between annual tests if an event occurs or circumstances
change that would indicate the carrying amount may be impaired. Impairment testing for goodwill is done at a reporting unit level, with all goodwill assigned to a reporting
unit. Reporting units are one level below the business segment level, but are required to be combined when reporting units within the same segment have similar economic
characteristics. 3M did not combine any of its reporting units for impairment testing. The impairment loss is measured as the amount by which the carrying value of the
reporting unit’s net assets exceeds its estimated fair value, not to exceed the carrying value of the reporting unit’s goodwill. The estimated fair value of a reporting unit is
determined based on a market approach using comparable company information such as EBITDA (earnings before interest, taxes, depreciation and amortization) multiples or, in
some cases, based on a discounted cash flow analysis. Companies have the option to first assess qualitative factors to determine whether the fair value of a reporting unit is not
“more likely than not” less than its carrying amount, which is commonly referred to as “Step 0”. 3M has chosen not to apply Step 0 for its annual goodwill assessments.
Intangible assets: Intangible asset types include customer related, patents, other technology-based, tradenames and other intangible assets acquired from an independent party.
Intangible assets with a definite life are amortized over a period ranging from six to twenty years on a systematic and rational basis (generally straight line) that is representative
of the asset’s use. The estimated useful lives vary by category, with customer-related largely between twelve to nineteen years, patents largely between eight to thirteen years,
other technology-based largely between six to ten years, definite lived tradenames largely between eleven and twenty years, and other intangibles largely ten years. Intangible

CONTEXT 5 (3M_2022_10K.pdf):
funded due to tax considerations and other factors. Asset returns in 2022 for the primary U.S. qualified pension plan were -17.4 percent, as 3M strategically invests in both
growth assets and fixed income matching assets to manage its funded status. For the primary U.S. qualified pension plan, the expected long-term rate of return on an annualized
of 2.89%. The increase in U.S. discount rates resulted in a decreased valuation of the projected benefit obligation (PBO). The primary U.S. qualified pension plan’s funded status
remained at 97% as of December 31, 2022 due to the lower PBO resulting from the discount rate increase, offset by the negative returns of the plan's assets. Additional detail
and discussion of international plan asset returns and discount rates is provided in Note 13 (Pension and Postretirement Benefit Plans).
3M expects to contribute approximately $100 million to $200 million of cash to its global defined benefit pension and postretirement plans in 2023. The Company does not have
a required minimum cash pension contribution obligation for its U.S. plans in 2023. 3M expects global defined benefit pension and postretirement expense in 2023 to decrease
by approximately $30 million pre-tax when compared to 2022. Refer to “Critical Accounting Estimates” within MD&A and Note 13 (Pension and Postretirement Benefit Plans)
for additional information concerning 3M’s pension and post-retirement plans.
26

CONTEXT 6 (3M_2022_10K.pdf):
payable also increased as a result of increased sequential operating activity partially offset by foreign currency translation impacts.
38
[Page 39]
Table of Contents
Cash Flows:
Cash flows from operating, investing and financing activities are provided in the tables that follow. Individual amounts in the Consolidated Statement of Cash Flows exclude the
effects of acquisitions, divestitures and exchange rate impacts on cash and cash equivalents, which are presented separately in the cash flows. Thus, the amounts presented in the
following operating, investing and financing activities tables reflect changes in balances from period to period adjusted for these effects.
Cash Flows from Operating Activities:
Year ended December 31, (Millions)
2022
2021
Net income including noncontrolling interest
$
5,791 $
5,929 
Depreciation and amortization
1,831 
1,915 
Long-lived and indefinite-lived asset impairment expense
618 
— 
Goodwill impairment expense
271 
— 
Company pension and postretirement contributions
(158)
(180)
Company pension and postretirement expense
178 
206 
Stock-based compensation expense
263 
274 
Gain on business divestitures
(2,724)
— 
Income taxes (deferred and accrued income taxes)
(710)
(410)
Accounts receivable
(105)
(122)
Inventories
(629)
(903)
Accounts payable
111 
518 
Other — net
854 
227 
Net cash provided by (used in) operating activities
$
5,591 $
7,454 
Cash flows from operating activities can fluctuate significantly from period to period, as working capital movements, tax timing differences and other items can significantly
impact cash flows.
In 2022, cash flows provided by operating activities decreased $1,863 million compared to the same period last year, with this decrease primarily due to lower net income and
the cash impact from capitalization of R&D for U.S. tax purposes. The combination of accounts receivable, inventories and accounts payable decreased operating cash flow by
$623 million in 2022, compared to an operating cash flow decrease of $507 million in 2021. Additional discussion on working capital changes is provided earlier in the
“Financial Condition and Liquidity” section. The 2022 second quarter pre-tax charge of approximately $1.2 billion related to steps toward resolving Combat Arms Earplugs
litigation (discussed in Note 16) largely impacted the 2022 net income component above, with offsets in the other-net and deferred tax elements. The 2022 non-cash impairment
expenses added back to net income in arriving at net cash provided by operating activities above primarily relate to 3M's commitment to a plan to exit per- and polyfluoroalkyl
substance (PFAS) manufacturing as described in Note 15.
Cash Flows from Investing Activities:
Year ended December 31, (Millions)
2022
2021
Purchases of property, plant and equipment (PP&E)
$
(1,749) $
(1,603)
Proceeds from sale of PP&E and other assets
200 
51 
Purchases and proceeds from maturities and sale of marketable securities and investments, net
11 
204 
Proceeds from sale of businesses, net of cash sold
13 
— 
Cash payment from Food Safety business split-off, net of divested cash
478 
— 
Other — net
1 
31 
Net cash provided by (used in) investing activities
$
(1,046) $
(1,317)
Investments in property, plant and equipment enable growth across many diverse markets, helping to meet product demand and increasing manufacturing efficiency. The
Company expects 2023 capital spending to be approximately $1.5 billion to $1.8 billion as 3M continues to invest in growth, productivity and sustainability.
3M records capital-related government grants earned as reductions to the cost of property, plant and equipment; and associated unpaid liabilities and grant proceeds receivable
are considered non-cash changes in such balances for purposes of preparation of statement of cash flows.
39

[Page 40]
Table of Contents

CONTEXT 7 (3M_2022_10K.pdf):
opportunities
• Personal safety
• Connected bodyshop
• Grid modernization
• Robotics and automation
• Automotive/mobility
• Electronic materials
• Semiconductor
• Graphic and architectural films
• Wound care
• Healthcare IT
• Biopharma filtration
• Home improvement
• Consumer safety & well-being
• Package protection & shipping
• Appearance auto care
Distribution
distributors and dealers in a wide variety of trades in many countries around the world. Management believes the confidence of wholesalers, retailers, jobbers, distributors and
dealers in 3M and its products — a confidence developed through long association with skilled marketing and sales representatives — has contributed significantly to 3M’s
position in the marketplace and to its growth.
5
[Page 6]
Table of Contents
Resources
Human Capital
On December 31, 2022, the Company employed approximately 92,000 people (full-time equivalents), with approximately 37,000 employed in the United States and 55,000
employed internationally. The ability to recruit, retain, develop, protect, and fairly compensate its global workforce are enablers of 3M’s success. This includes four general
categories of focus: Health and Safety; Development; Diversity, Equity and Inclusion; and Compensation and Benefits.
Health and Safety
3M is committed to the safety, health, and well-being of its employees. The Company continuously evaluates opportunities to raise safety and health standards, visiting sites to
identify and manage environmental health and safety risks; evaluating compliance with regulatory requirements and 3M policy; and maintaining a global security operation for
the protection of facilities and people on 3M sites. 3M also promotes a culture of health and well-being through disease prevention programs, on-site clinical services, employee
assistance programs, and comprehensive health care benefits.
Development
Developing employees contributes to growing 3M’s business. 3M maintains talent and succession planning processes, including regular review by the Company’s chief
executive officer (CEO) and reporting up through the Board of Directors. The Company has a suite of high-potential leadership development programs which brings a
consistent approach to leadership development. 3M also has development programs for managers and supervisors and provides learning opportunities for all employees, in
addition to regular coaching and support from their supervisor. With the Company’s global online employee learning platform, employees are able to access unique, just-in-time
development resources in over 15 languages to support their career aspirations and advance their skills.
Diversity, Equity and Inclusion
A diverse, global workforce and inclusive culture that provides fair and equitable opportunities helps 3M remain competitive, advance its innovation culture, and serve
customers. 3M focuses on attracting and advancing top talent and has publicly committed to advance global diversity in management across all dimensions, with additional
specific goals to continue advancing pay equity and to increase the Company’s diversity with underrepresented groups. 3M supports these values with an internal CEO
Inclusion Council, a forum led by senior management to advance diversity, equity, and inclusion initiatives. The Company also plans to invest $50 million over 2020 to 2025 to
address racial opportunity gaps through workforce development initiatives in the communities in which its employees live and 3M business operates.
Compensation and Benefits
3M has a trust-based approach to work that empowers employees to work where and when they can best achieve their goals, which supports attraction and retention of talent
around the globe. In addition to a professional and flexible work environment that promotes innovation, well-being, and rewards performance, 3M’s total compensation for

CONTEXT 8 (3M_2022_10K.pdf):
issued financial statements. o    
Indicate by check mark whether any of those error corrections are restatements that required a recovery analysis of incentive-based compensation received by any of the registrant's executive officers during the
relevant recovery period pursuant to §240.10D-1(b) o  
The aggregate market value of voting stock held by nonaffiliates of the registrant, computed by reference to the closing price and shares outstanding, was approximately $63.3 billion as of January 31, 2023
(approximately $73.7 billion as of June 30, 2022, the last business day of the registrant’s most recently completed second quarter).
Shares of common stock outstanding at January 31, 2023: 550.5 million
DOCUMENTS INCORPORATED BY REFERENCE
Parts of the Company’s definitive proxy statement (to be filed pursuant to Regulation 14A within 120 days after Registrant’s fiscal year-end of December 31, 2022) for its annual meeting to be held on May 9,
2023, are incorporated by reference in this Form 10-K in response to Part III, Items 10, 11, 12, 13 and 14.
1
[Page 2]
Table of Contents
3M COMPANY
FORM 10-K
For the Year Ended December 31, 2022
Pursuant to Part IV, Item 16, a summary of Form 10-K content follows, including hyperlinked cross-references (in the EDGAR filing). This allows users to easily locate the
corresponding items in Form 10-K, where the disclosure is fully presented. The summary does not include certain Part III information that will be incorporated by reference
from the proxy statement, which will be filed after this Form 10-K filing.
Beginning
Page
PART I
ITEM 1
Business
4
ITEM 1A
Risk Factors
10
ITEM 1B
Unresolved Staff Comments
16
ITEM 2
Properties
16
ITEM 3
Legal Proceedings
17
ITEM 4
Mine Safety Disclosures
17
PART II
ITEM 5
Market for Registrant’s Common Equity, Related Stockholder Matters and Issuer Purchases of Equity Securities
18
ITEM 7
Management’s Discussion and Analysis of Financial Condition and Results of Operations
19
MD&A is designed to provide a reader of 3M’s financial statements with a narrative from the perspective of management. 3M’s
MD&A is presented in eight sections:
Overview
19
Results of Operations
27
Performance by Business Segment
28
Performance by Geographic Area
33
Critical Accounting Estimates
34
New Accounting Pronouncements
36
Financial Condition and Liquidity
37
Financial Instruments
42
ITEM 7A
Quantitative and Qualitative Disclosures About Market Risk
42
ITEM 8
Financial Statements and Supplementary Data
43
Index to Financial Statements
43
Management’s Responsibility for Financial Reporting
44
Management’s Report on Internal Control Over Financial Reporting
44
Report of Independent Registered Public Accounting Firm
45
Consolidated Statement of Income for years ended December 31, 2022, 2021 and 2020
48
Consolidated Statement of Comprehensive Income for the years ended December 31, 2022, 2021 and 2020
49
Consolidated Balance Sheet at December 31, 2022 and 2021
50
Consolidated Statement of Changes in Equity for the years ended December 31, 2022, 2021 and 2020
51
Consolidated Statement of Cash Flows for the years ended December 31, 2022, 2021 and 2020
52
Notes to Consolidated Financial Statements
53
Note 1. Significant Accounting Policies
53
Note 2. Revenue
59
Note 3. Acquisitions and Divestitures
61
Note 4. Goodwill and Intangible Assets
63

ANSWER:
Not found in context.

GOLD:
No, the company is managing its CAPEX and Fixed Assets pretty efficiently, which is evident from below key metrics:
CAPEX/Revenue Ratio: 5.1%
Fixed assets/Total Assets: 20%
Return on Assets= 12.4%

JUSTIFICATION:
CAPEX/Revenue
Fixed Assets/Total Assets
ROA=Net Income/Total Assets

================================================================================
[4/10]

QUESTION:
What drove operating margin change as of FY2022 for 3M? If operating margin is not a useful metric for a company like this, then please state that and explain why.

CONTEXT 1 (3M_2022_10K.pdf):
[Page 21]
Organic growth/productivity and other:
•
In 2022, the following components impacted operating margins and earnings per diluted share year-on-year:
•
Declines in disposable respirator demand year-on-year negatively impacted operating margins by 0.3 percent and earnings per share by $0.29.
•
Remaining organic growth/productivity and other impacts resulted in a net year-on-year benefit $0.85 to earnings per share and 1.3 percent to operating margins
which was impacted by the following:
◦
Benefits from strong pricing, spending discipline and 2021 restructuring actions
◦
Manufacturing headwinds from global supply chain challenges; geopolitical impacts due to the Russia/Ukraine conflict as well as ongoing COVID-
related challenges in China
◦
Second quarter of 2021 benefit of $91 million pre-tax ($0.12 per share after tax) from the impact of the favorable decision of the Brazilian Supreme
Court regarding the calculation of past social taxes
◦
Increased investments in growth, productivity and sustainability
•
In 2021, organic volume growth and ongoing cost management increased operating income margins and earnings per diluted share year-on-year offset by manufacturing
headwinds from global supply chain challenges and increased compensation/benefit costs. The following also impacted results or provide additional information:
•
2021 benefit of $91 million pre-tax ($0.12 per share after tax) from a favorable Brazilian Supreme Court decision that concluded on the impact of state value-
added tax when determining Brazil’s federal sales-based social tax—essentially lowering the social tax that 3M should have paid in prior periods.
•
3M continued prioritization of investments in growth and sustainability.
•
2021 benefit from higher selling prices, restructuring actions taken in 2020 and positive/negative impact of year-over-year change in non-divestiture-related
restructuring charges, net of adjustments, for respective periods. Note 5 provides additional information relative to restructuring actions.
•
Lower year-on-year net gains related to certain property sales.
•
COVID-impacts recognized on certain assets in 2020.
•
In 2021, higher defined benefit pension and postretirement service cost increased expense year-on-year.
Raw material impact:
•
In 2022, 3M continued to experience inflationary pressures with year-on-year increases in raw material and logistics costs driven by many geopolitical, logistics, and
disruptive events that caused imbalance in the global supply chain.
•
In 2021, 3M experienced higher raw material, logistics, and outsourced manufacturing costs from strong end-market demand, ongoing COVID-19 and related global
supply chain challenges that were further magnified by extreme weather events, such as February 2021 winter storm Uri in the U.S.
Acquisitions/divestitures:
•
Divestiture impacts in 2022 include lost income from divested businesses and remaining stranded costs (net of transition arrangement income). 3M completed the split-
off of the Food Safety business in September 2022 (discussed in Note 3). The impact also includes lost income from deconsolidation of the Aearo Entities in July 2022
(discussed in Note 16).
•
Divestiture impacts in 2021 are primarily comprised of the lost income from the divestiture of the Company’s drug delivery business (sale completed in May 2020).
Foreign exchange impacts:
•
Foreign currency impacts (net of hedging) decreased operating income by approximately $271 million and $103 million (or a decrease in pre-tax earnings of
approximately $280 million and $119 million) year-on-year for 2022 and 2021, respectively. These estimates include: (a) the effects of year-on-year changes in exchange
rates on translating current period functional currency profits into U.S. dollars and on current period non-functional currency denominated purchases or transfers of

CONTEXT 2 (3M_2022_10K.pdf):
[Page 20]
Table of Contents
3M Belgium has experienced interruptions to portions of the manufacturing at its site in Zwijndrecht, Belgium, as more fully discussed in Note 16. As discussed in Note 16, 3M
Belgium received agreement with authorities in June 2022 to begin the process toward restarting operations at the Zwijndrecht facility. 3M Belgium has provided information
required by the Flemish environmental authorities to receive agreement from the authorities to restart operations, and has done so for production or sampling purposes. Belgian
government authorities continue to maintain oversight of these operations and compliance with applicable requirements. In December 2022, 3M Belgium received an official
infraction report from the Flemish Environmental Inspectorate and continues to work with the government authorities to comply with applicable legal requirements. See further
discussion in Note 16.
3M is also impacted by the Russia-Ukraine conflict. In light of a number of factors, 3M suspended operations of its subsidiaries in Russia in March 2022, the net sales of which
were less than one percent of 3M’s consolidated net sales for 2021. Further, in September 2022, management committed to a plan to exit and dispose of the related net assets
through an intended sale of the subsidiaries. The associated charge in 2022 related to this action is further discussed in Note 15. 3M also has other operations that source certain
raw materials from suppliers in Russia and have experienced related supply disruption due to the conflict. Further supply disruption could lead to downstream customer
impacts.
Though 3M monitors relevant factors as well as options to mitigate potential impacts, it is not able to predict the extent to which these circumstances may have a material effect
on 3M’s consolidated results of operations or financial condition. Relevant risk factors can be found in Item 1A “Risk Factors” in this Annual Report on Form 10-K.
Operating income margin and earnings per share attributable to 3M common shareholders – diluted:
The following table provides the increases (decreases) in operating income margins and diluted earnings per share.
Year ended December 31,
2022
2021
Percent of net sales
Earnings per
diluted share
Percent of net sales
Earnings per
diluted share
Same period last year
20.8 % $
10.12 
22.3 % $
9.36 
Net costs for significant litigation
1.4 
0.61 
1.0 
0.37 
Gain on business divestitures
— 
— 
(1.2)
(0.52)
Divestiture-related restructuring actions
— 
— 
0.2 
0.08 
Total special items
1.4 
0.61 
— 
(0.07)
Same period last year, excluding special items
22.2 
10.73 
22.3 
9.29 
Increase/(decrease) due to:
Total organic growth/productivity and other
1.0 
0.56 
0.7 
1.07 
Raw material impact
(2.4)
(1.13)
(0.8)
(0.27)
Divestitures
— 
(0.05)
— 
(0.05)
Foreign exchange impacts
— 
(0.39)
— 
0.16 
Other expense (income), net
N/A
0.02 
N/A
0.27 
Income tax rate
N/A
0.06 
N/A
0.32 
Shares of common stock outstanding
N/A
0.30 
N/A
(0.06)
Current period, excluding special items
20.8 
10.10 
22.2 
10.73 
Net costs for significant litigation
(6.7)
(3.20)
(1.4)
(0.61)
Divestiture costs
(0.2)
(0.08)
— 
— 
Gain on business divestitures
8.0 
4.73 
— 
— 
Divestiture-related restructuring actions
(0.1)
(0.05)
— 
— 
Russia exit charges
(0.3)
(0.20)
— 
— 
PFAS manufacturing exit costs
(2.4)
(1.12)
— 
— 
Total special items
(1.7)
0.08 
(1.4)
(0.61)
Current period
19.1 % $
10.18 
20.8 % $
10.12 
The Company refers to various "adjusted" amounts or measures on an “adjusted basis”. These exclude special items. These non-GAAP measures are further described and
reconciled to the most directly comparable GAAP financial measures in the Certain amounts adjusted for special items - (non-GAAP measures) section below.
A discussion related to the components of year-on-year changes in operating income margin and earnings per diluted share follows:
20

[Page 21]
Table of Contents

CONTEXT 3 (3M_2022_10K.pdf):
Foreign exchange impacts:
•
Foreign currency impacts (net of hedging) decreased operating income by approximately $271 million and $103 million (or a decrease in pre-tax earnings of
approximately $280 million and $119 million) year-on-year for 2022 and 2021, respectively. These estimates include: (a) the effects of year-on-year changes in exchange
goods between 3M operations, and (b) year-on-year changes in transaction gains and losses, including derivative instruments designed to reduce foreign currency
exchange rate risks.
Other expense (income), net:
•
Lower income related to higher non-service cost components of pension and postretirement expense increased expense year-on-year for 2022. Higher income related to
non-service cost components of pension and postretirement expense decreased expense year-on-year for 2021.
•
Interest expense (net of interest income) decreased in 2022 compared to the same period year-on-year driven by debt maturities in the ordinary course and interest income
on invested cash.
•
Interest expense (net of interest income) decreased in 2021 compared to the same period year-on-year due in part to interest expense savings from early debt
extinguishment actions in 2020.
21
[Page 22]
Table of Contents
Income tax rate:
•
Certain items above reflect specific income tax rates associated therewith. Overall, the effective tax rates for 2022, 2021, and 2020 were 9.6 percent, 17.8 percent, and
19.7 percent, respectively. These reflect a decrease of 8.2 percentage points from 2021 to 2022 and a decrease of 1.9 percentage points from 2020 to 2021. The primary
factors that decreased the Company's effective tax rate for 2022 were the tax efficient structure associated with the gain on split-off of the Food Safety business (see Note
3). The primary factors that decreased the Company's effective tax rate in 2021 were geographical income mix and favorable adjustments in 2021 related to impacts of
U.S. international tax provisions.
•
On an adjusted basis (as discussed below), the effective tax rates for 2022, 2021, and 2020 were 17.7 percent, 18.1 percent, and 20.5 percent, respectively. These reflect
a decrease of 0.4 percent percentage points from 2021 to 2022 and a decrease of 2.4 percentage points from 2020 to 2021.
Shares of common stock outstanding:
•
Lower shares outstanding increased earnings per share per diluted share for 2022, while higher shares outstanding decreased earnings per share diluted share for 2021.
Certain amounts adjusted for special items - (non-GAAP measures):
In addition to reporting financial results in accordance with U.S. GAAP, 3M also provides non-GAAP measures that adjust for the impacts of special items. For the periods
presented, special items include the items described below. Operating income, segment operating income (loss), income before taxes, net income, earnings per share, and the
effective tax rate are all measures for which 3M provides the reported GAAP measure and a measure adjusted for special items. The adjusted measures are not in accordance
with, nor are they a substitute for, GAAP measures. While the Company includes certain items in its measure of segment operating performance, it also considers these non-
GAAP measures in evaluating and managing its operations. The Company believes that discussion of results adjusted for special items is useful to investors in understanding
underlying business performance, while also providing additional transparency to the special items. Special items impacting operating income are reflected in Corporate and
Unallocated, except as described below with respect to net costs for significant litigation and PFAS manufacturing exit costs. The determination of these items may not be
comparable to similarly titled measures used by other companies.
In the first quarter of 2022, the Company changed the extent of matters and charges/benefits it includes within special items with respect to net costs for significant litigation.

CONTEXT 4 (3M_2022_10K.pdf):
chain constraints.
Business segment operating income margins increased year-on-year due to sales growth leverage, benefits from restructuring actions and lower related charges, and COVID
impacts recognized on certain assets in 2020 that were partially offset by increases in raw materials and logistic costs, manufacturing productivity impacts, and increased
compensation and benefit costs.
31
[Page 32]
Table of Contents
Health Care Business (24.6% of consolidated sales):
2022
2021
Sales (millions)
$
8,421
$
8,597
Sales change analysis:
Organic sales
3.2 
%
10.2 
%
Divestitures
(1.4)
(2.0)
Translation
(3.8)
1.6 
Total sales change
(2.0)
%
9.8 
%
Business segment operating income (millions)
$
1,815
$
2,037
Percent change
(10.9)
%
22.5 
%
Percent of sales
21.6 
 %
23.7 
 %
Year 2022 results:
Sales in Health Care were down 2.0 percent in U.S. dollars.
On an organic sales basis:
•
Sales increased in separation and purification, health information systems, food safety and medical solutions, and was flat in oral care.
•
Growth continues to be impacted by COVID-related trends on elective procedure volumes and ongoing inflationary pressures.
Divestitures:
•
Divestiture impact relates to the lost sales year-on-year from the divestiture from the Food Safety Division split-off transaction and combination with Neogen completed
in the third quarter of 2022.
Business segment operating income margins decreased year-on-year due to increased raw materials and logistics costs along with manufacturing productivity headwinds,
investments in the business and transaction-related costs associated with the announced divestiture of the food safety business (see Note 3), partially offset by sales growth
(including selling price actions), strong spending discipline and restructuring actions.
As discussed in Note 3, in July 2022, 3M announced its intention to spin off the Health Care business as a separate public company. 3M expects to initially retain a 19.9%
ownership position in the Health Care business.
Year 2021 results:
Sales in Health Care were up 9.8 percent in U.S. dollars.
On an organic sales basis:
•
Sales increased in oral care, separation and purification, food safety, health information systems and medical solutions.
•
Growth benefited from higher year-on-year dental procedures, continued high demand for biopharma filtration solutions for COVID-related vaccine and therapeutic
development and manufacturing, rising elective procedure volumes in the first six months of 2021 and due to improving hospital information technology investments.
Divestitures:
•
In May 2020, 3M completed the sale of substantially all of its drug delivery business.
Business segment operating income margins increased year-on-year due to sales growth leverage and benefits from restructuring actions and lower related charges that were
partially offset by supply chain disruptions, increases in raw materials and logistics costs, deal-related costs associated with the announced divestiture of the food safety business
(see Note 3), manufacturing productivity impacts, increased compensation and benefit costs, and increased investments in growth.
32

CONTEXT 5 (3M_2022_10K.pdf):
3M deconsolidated the Aearo Entities in the third quarter of 2022. See additional information in Note 16.
Basis of presentation: Certain amounts in the prior years’ consolidated financial statements have been reclassified to conform to the current year presentation.
disclosed measure of segment profit/loss (business segment operating income). See additional information in Note 19. 3M's disclosed disaggregated revenue was also updated
as a result of the changes in segment reporting. See additional information in Note 2. Information provided herein reflects the impact of these changes for all periods presented.
Foreign currency translation: Local currencies generally are considered the functional currencies outside the United States. Exceptions include 3M’s subsidiaries in Argentina
and, beginning in the second quarter of 2022, in Turkey, the economy of which also became highly inflationary. The operating income and balances of underlying net monetary
assets denominated in Turkish lira are not material to 3M. The financial statements of these subsidiaries are remeasured as if their functional currency is that of their parent.
Assets and liabilities for operations in local-currency environments are translated at month-end exchange rates of the period reported. Income and expense items are translated at
average monthly currency exchange rates in effect during the period. Cumulative translation adjustments are recorded as a component of accumulated other comprehensive
income (loss) in shareholders’ equity.
Use of estimates: The preparation of financial statements in conformity with U.S. generally accepted accounting principles requires management to make estimates and
assumptions that affect the reported amounts of assets and liabilities and the disclosure of contingent assets and liabilities at the date of the financial statements, and the
reported amounts of revenues and expenses during the reporting period. The Company considered the coronavirus (COVID-19) related impacts on its estimates, as appropriate,
within its consolidated financial statements and there may be changes to those estimates in future periods. 3M believes that the accounting estimates are appropriate after giving
consideration to the increased uncertainties surrounding the severity and duration of the COVID-19 pandemic. Such estimates and assumptions are subject to inherent
uncertainties which may result in actual amounts differing from these estimates.
Cash and cash equivalents: Cash and cash equivalents consist of cash and temporary investments with maturities of three months or less when acquired.
Marketable securities: Marketable securities include available-for-sale debt securities and are recorded at fair value. Cost of securities sold use the first in, first out (FIFO)
method. The classification of marketable securities as current or non-current is based on the availability for use in current operations. 3M reviews impairments associated with
its marketable securities in accordance with the measurement guidance provided by ASC 320, Investments-Debt Securities and ASC 326-30, Available-for-Sale Debt Securities,
when determining whether a decline in fair value below the amortized cost basis has resulted from a credit loss or other factors. An impairment relating to credit losses is
recorded through an allowance for credit losses. The allowance is limited by the amount that the fair value is less than the amortized cost basis. A change in the allowance for
credit losses is recorded into earnings in the period of the change. Any impairment that has not been recorded through an allowance for credit losses is recorded through
accumulated other comprehensive income as a component of shareholders’ equity. The factors considered in determining whether a credit loss exists can include the extent to

CONTEXT 6 (3M_2022_10K.pdf):
from the perspective of management. 3M’s MD&A is presented in eight sections:
•
Overview
•
Results of Operations
•
Performance by Business Segment
•
Performance by Geographic Area
•
Critical Accounting Estimates
•
New Accounting Pronouncements
•
Financial Condition and Liquidity
•
Forward-looking statements in Item 7 may involve risks and uncertainties that could cause results to differ materially from those projected (refer to the section entitled
“Cautionary Note Concerning Factors That May Affect Future Results” in Item 1 and the risk factors provided in Item 1A for discussion of these risks and uncertainties).
Additional information about results of operations and financial condition for 2021 and 2020 can be found in “Management’s Discussion and Analysis of Financial Condition
and Results of Operations” sections in 3M's Current Report on Form 8-K dated April 26, 2022 (which updated 3M's 2021 Annual Report on Form 10-K).
OVERVIEW
3M is a diversified global manufacturer, technology innovator and marketer of a wide variety of products and services. Effective in the first quarter of 2022, 3M made the
following changes:
•
Changes in measure of segment operating performance used by 3M’s chief operating decision maker—impacting 3M’s disclosed measure of segment profit/loss
(business segment operating income). See additional information in Note 19. 3M's disclosed disaggregated revenue was also updated as a result of the changes in
segment reporting. See additional information in Note 2.
•
Changes to non-GAAP measures - certain amounts adjusted for special items. Refer to the Certain amounts adjusted for special items - (non-GAAP measures) section
below for additional information.
Information provided herein reflects the impact of these changes for all periods presented.
3M manages its operations in four operating business segments: Safety and Industrial; Transportation and Electronics; Health Care; and Consumer. From a geographic
perspective, any references to EMEA refer to Europe, Middle East and Africa on a combined basis. References are made to organic sales change (which include both organic
volume impacts and selling price impacts), which is defined as the change in net sales, absent the separate impacts on sales from foreign currency translation and acquisitions,
net of divestitures. Acquisition and divestiture sales change impacts, if any, are measured separately for the first twelve months post-transaction. 3M believes this information is
useful to investors and management in understanding ongoing operations and in analysis of ongoing operating trends.
3M is impacted by the global pandemic and related effects associated with the coronavirus (COVID-19). Risk factors with respect to COVID-19 can be found in Item 1A “Risk
Factors” in this document. Given the diversity of 3M’s businesses, some of the factors relative to COVID-19 increase the demand for 3M products, while others decrease
demand or make it more difficult for 3M to serve customers. Certain resulting impacts are referenced in various discussions within this Item 7. Overall, the impact of the
COVID-19 pandemic on 3M’s consolidated results of operations was primarily driven by factors related to changes in demand for products and disruption in global supply
chains. 3M is not able to predict the extent to which the COVID-19 pandemic may have a material effect on its consolidated results of operations or financial condition.
In 2022, 3M's costs for significant litigation (see Certain amounts adjusted for special items - (non-GAAP measures section below) totaled approximately $2.3 billion pre-tax
and included, among things, pre-tax charges associated with steps toward resolving Combat Arms Earplugs litigation and associated with additional commitments to address

CONTEXT 7 (3M_2022_10K.pdf):
partially offset by supply chain disruptions, increases in raw materials and logistics costs, deal-related costs associated with the announced divestiture of the food safety business
(see Note 3), manufacturing productivity impacts, increased compensation and benefit costs, and increased investments in growth.
32
[Page 33]
Table of Contents
Consumer Business (15.5% of consolidated sales):
2022
2021
Sales (millions)
$
5,298
$
5,513
Sales change analysis:
Organic sales
(0.9)
%
9.8 
%
Divestitures
(0.4)
— 
Translation
(2.6)
1.0 
Total sales change
(3.9)
%
10.8 
%
Business segment operating income (millions)
$
994
$
1,162
Percent change
(14.4)
%
3.8 
%
Percent of sales
18.8 
 %
21.1 
 %
Year 2022 results:
Sales in Consumer were down 3.9 percent in U.S. dollars.
On an organic sales basis:
•
Sales increased in stationery and office and home care, was flat in consumer health and safety, and decreased in home improvement.
•
Growth was impacted by softening trends in the Consumer retail business as consumers pulled back on discretionary spending and retailers took actions to reduce their
inventories. These impacts were partially offset by demand for Scotch Blue
 painter’s tape, Scotch-Brite
, and Post-it®-solutions.
Business segment operating income margins decreased year-on-year as a result of increased raw materials, logistics and outsourced hardgoods manufacturing costs along with
manufacturing productivity headwinds and investments in the business, partially offset by sales growth (including selling price actions), strong spending discipline and
restructuring actions.
Year 2021 results:
Sales in Consumer were up 10.8 percent in U.S. dollars.
On an organic sales basis:
•
Sales increased in stationery and office, home improvement, consumer health and safety and home care.
•
Growth driven by continued strength in the market with strong demand for Command  adhesives, Filtrete
 air quality solutions, Meguiars
auto care and Scotch
Blue
 painter’s tape and from ongoing strength in demand for packaging and shipping products, Post-it -solutions and Scotch  brand office tapes as the business laps
last year’s COVID-related comparisons.
Business segment operating income margins decreased year-on-year as a result of increases in raw materials, logistics, and outsourced hardgoods manufacturing costs,
manufacturing productivity impacts, and increased compensation and benefit costs that more than offset leverage from sales growth and benefits from restructuring actions and
lower related charges.
PERFORMANCE BY GEOGRAPHIC AREA
While 3M manages its businesses globally and believes its business segment results are the most relevant measure of performance, the Company also utilizes geographic area
data as a secondary performance measure. Export sales are generally reported within the geographic area where the final sales to 3M customers are made. A portion of the
products or components sold by 3M’s operations to its customers are exported by these customers to different geographic areas. As customers move their operations from one
geographic area to another, 3M’s results will follow. Thus, net sales in a particular geographic area are not indicative of end-user consumption in that geographic area. Financial
information related to 3M operations in various geographic areas is provided in Note 2 and Note 19.
Refer to the “Overview” section for a summary of net sales by geographic area and business segment.
TM
TM
TM
TM
TM 
TM
®
®
33

CONTEXT 8 (3M_2022_10K.pdf):
how the CODM assesses performance and allocates resources for the Company’s business segments. The changes included the items described below. The financial information
presented herein reflects the impact of these business segment reporting changes for all periods presented.
Effective in the first quarter of 2022:
3M business segment operating performance measures were updated to no longer include dual credit to business segments for certain sales and related operating income.
Management previously evaluated its business segments based on net sales and operating income performance, including dual credit reporting. 3M reflected additional
(“dual”) credit to another business segment when the customer account activity (“sales district”) with respect to the particular product sold to the external customer was
provided by a different business segment. For example, privacy screen protection products are primarily sold by the Display Materials and Systems Division within the
Transportation and Electronics business segment; however, certain sales districts within the Consumer business segment provide the customer account activity for sales of the
product to particular customers. In this example, the non-primary selling segment (Consumer) previously would also have received credit for the associated net sales initiated
through its sales district and the related approximate operating income. The offset to the dual credit business segment reporting was reflected as a reconciling item entitled
“Elimination of Dual Credit,” such that sales and operating income in total were unchanged.
121

ANSWER:
Based on the provided document, the operating income margin for 3M changed from 20.8% in 2021 to 19.1% in 2022.

**Arithmetic for Total Change:**
19.1% (2022) - 20.8% (2021) = -1.7%

The drivers for the year-on-year change in operating margin include:

**Operational Drivers:**
*   **Total organic growth/productivity and other: 1.0%**
    *   **Declines in disposable respirator demand:** negatively impacted operating margins by 0.3 percent.
    *   **Remaining organic growth/productivity and other impacts:** resulted in a net year-on-year benefit of 1.3 percent to operating margins. This was impacted by:
        *   Benefits from strong pricing, spending discipline, and 2021 restructuring actions.
        *   Manufacturing headwinds from global supply chain challenges, geopolitical impacts (Russia/Ukraine conflict), and COVID-related challenges in China.
        *   Increased investments in growth, productivity, and sustainability.
*   **Raw material impact: (2.4)%**
    *   Driven by inflationary pressures and year-on-year increases in raw material and logistics costs.

**Special Items (2022 Impacts):**
*   **Net costs for significant litigation:** (6.7)%
*   **PFAS manufacturing exit costs:** (2.4)%
*   **Gain on business divestitures:** 8.0%
*   **Russia exit charges:** (0.3)%
*   **Divestiture costs:** (0.2)%
*   **Divestiture-related restructuring actions:** (0.1)%

**Usefulness of the Metric:**
The document does not state that operating margin is not a useful metric. Instead, it explains that 3M provides "adjusted" non-GAAP measures because the Company "believes that discussion of results adjusted for special items is useful to investors in understanding underlying business performance, while also providing additional transparency to the special items."

GOLD:
Operating Margin for 3M in FY2022 has decreased by 1.7% primarily due to: 
-Decrease in gross Margin
-mostly one-off charges including Combat Arms Earplugs litigation, impairment related to exiting PFAS manufacturing, costs related to exiting Russia and divestiture-related restructuring
charges

================================================================================
[5/10]

QUESTION:
If we exclude the impact of M&A, which segment has dragged down 3M's overall growth in 2022?

CONTEXT 1 (3M_2022_10K.pdf):
chain constraints.
Business segment operating income margins increased year-on-year due to sales growth leverage, benefits from restructuring actions and lower related charges, and COVID
impacts recognized on certain assets in 2020 that were partially offset by increases in raw materials and logistic costs, manufacturing productivity impacts, and increased
compensation and benefit costs.
31
[Page 32]
Table of Contents
Health Care Business (24.6% of consolidated sales):
2022
2021
Sales (millions)
$
8,421
$
8,597
Sales change analysis:
Organic sales
3.2 
%
10.2 
%
Divestitures
(1.4)
(2.0)
Translation
(3.8)
1.6 
Total sales change
(2.0)
%
9.8 
%
Business segment operating income (millions)
$
1,815
$
2,037
Percent change
(10.9)
%
22.5 
%
Percent of sales
21.6 
 %
23.7 
 %
Year 2022 results:
Sales in Health Care were down 2.0 percent in U.S. dollars.
On an organic sales basis:
•
Sales increased in separation and purification, health information systems, food safety and medical solutions, and was flat in oral care.
•
Growth continues to be impacted by COVID-related trends on elective procedure volumes and ongoing inflationary pressures.
Divestitures:
•
Divestiture impact relates to the lost sales year-on-year from the divestiture from the Food Safety Division split-off transaction and combination with Neogen completed
in the third quarter of 2022.
Business segment operating income margins decreased year-on-year due to increased raw materials and logistics costs along with manufacturing productivity headwinds,
investments in the business and transaction-related costs associated with the announced divestiture of the food safety business (see Note 3), partially offset by sales growth
(including selling price actions), strong spending discipline and restructuring actions.
As discussed in Note 3, in July 2022, 3M announced its intention to spin off the Health Care business as a separate public company. 3M expects to initially retain a 19.9%
ownership position in the Health Care business.
Year 2021 results:
Sales in Health Care were up 9.8 percent in U.S. dollars.
On an organic sales basis:
•
Sales increased in oral care, separation and purification, food safety, health information systems and medical solutions.
•
Growth benefited from higher year-on-year dental procedures, continued high demand for biopharma filtration solutions for COVID-related vaccine and therapeutic
development and manufacturing, rising elective procedure volumes in the first six months of 2021 and due to improving hospital information technology investments.
Divestitures:
•
In May 2020, 3M completed the sale of substantially all of its drug delivery business.
Business segment operating income margins increased year-on-year due to sales growth leverage and benefits from restructuring actions and lower related charges that were
partially offset by supply chain disruptions, increases in raw materials and logistics costs, deal-related costs associated with the announced divestiture of the food safety business
(see Note 3), manufacturing productivity impacts, increased compensation and benefit costs, and increased investments in growth.
32

CONTEXT 2 (3M_2022_10K.pdf):
total sales increased 15 percent which included increased organic sales of 12 percent. In the Asia Pacific geographic area, China total sales decreased 6 percent which
included decreased organic sales of 3 percent. In Japan, total sales decreased 12 percent which included increased organic sales of 2 percent.
•
increased 18 percent which included increased organic sales of 16 percent. In Canada, total sales increased 18 percent which included increased organic sales of 11
percent. In Brazil, total sales increased 18 percent which included increased organic sales of 22 percent. In the Asia Pacific geographic area, China total sales increased 17
percent which included increased organic sales of 11 percent. In Japan, total sales were flat which included increased organic sales of 2 percent.
Managing currency risks:
The stronger U.S. dollar had a negative impact on sales in full year 2022 compared to the same periods last year. Net of the Company’s hedging strategy, foreign currency
negatively impacted earnings in full year 2022 compared to the same period last year. 3M utilizes a number of tools to manage currency risk related to earnings including natural
hedges such as pricing, productivity, hard currency, hard currency-indexed billings, and localizing source of supply. 3M also uses financial hedges to mitigate currency risk. In
the case of more liquid currencies, 3M hedges a portion of its aggregate exposure, using a 12, 24 or 36 month horizon, depending on the currency in question. For less liquid
currencies, financial hedging is frequently more expensive with more limitations on tenor. Thus, this risk is largely managed via local operational actions using natural hedging
tools as discussed above. In either case, 3M’s hedging approach is designed to mitigate a portion of foreign currency risk and reduce volatility, ultimately allowing time for
3M’s businesses to respond to changes in the marketplace.
Financial condition:
Refer to the section entitled “Financial Condition and Liquidity” later in MD&A for a discussion of items impacting cash flows.
In November 2018, 3M’s Board of Directors replaced the Company’s February 2016 repurchase program with a new repurchase program. This new program authorizes the
repurchase of up to $10 billion of 3M’s outstanding common stock, with no pre-established end date. In 2022, the Company purchased $1.5 billion of its own stock, compared
to $2.2 billion of stock purchases in 2021. As of December 31, 2022, approximately $4.2 billion remained available under the authorization. In February 2023, 3M’s Board of
Directors declared a first-quarter 2023 dividend of $1.50 per share, an increase of 1 percent. This marked the 65th consecutive year of dividend increases for 3M.
Raw materials:
Refer to the section entitled “Raw materials” in Item 1 for discussion of 3M's sources and availability of raw materials in 2022.
Pension and postretirement defined benefit/contribution plans:
On a worldwide basis, 3M’s pension and postretirement plans were 96 percent funded at year-end 2022. The primary U.S. qualified pension plan, which is approximately 70
percent of the worldwide pension obligation, was 97 percent funded and the international pension plans were 116 percent funded. The U.S. non-qualified pension plan is not
funded due to tax considerations and other factors. Asset returns in 2022 for the primary U.S. qualified pension plan were -17.4 percent, as 3M strategically invests in both
growth assets and fixed income matching assets to manage its funded status. For the primary U.S. qualified pension plan, the expected long-term rate of return on an annualized
basis for 2023 is 7.5 percent. The primary U.S. qualified pension plan year-end 2022 discount rate was 5.18%, up 2.29 percentage points from the year-end 2021 discount rate

CONTEXT 3 (3M_2022_10K.pdf):
[Table — page 25]
Business Segments |  |  |  |  |  |  |  |  |  |  |  |  |  |  |  |  |  |  |  |  |  | 
Safety and Industrial |  | $ | 11,604 |  | 33.9 | % |  | $ | 1,199 |  | $ | 11,981 | 33.9 | % | $ | 2,466 |  | (3.2) | % |  | (51.4) | %
Transportation and Electronics |  | 8,902 |  |  | 26.0 |  |  | 1,012 |  |  | 9,262 |  | 26.2 |  | 1,880 |  |  | (3.9) |  |  | (46.2) | 
Health Care |  | 8,421 |  |  | 24.6 |  |  | 1,815 |  |  | 8,597 |  | 24.3 |  | 2,037 |  |  | (2.0) |  |  | (10.9) | 
Consumer |  | 5,298 |  |  | 15.5 |  |  | 994 |  |  | 5,513 |  | 15.6 |  | 1,162 |  |  | (3.9) |  |  | (14.4) | 
Corporate and Unallocated |  | 4 |  |  | — |  |  | 1,519 |  |  | 2 |  | — |  | (176) |  |  |  |  |  |  | 
Total Company |  | $ | 34,229 |  | 100.0 | % |  | $ | 6,539 |  | $ | 35,355 | 100.0 | % | $ | 7,369 |  | (3.2) | % |  | (11.3) | %

CONTEXT 4 (3M_2022_10K.pdf):
from the perspective of management. 3M’s MD&A is presented in eight sections:
•
Overview
•
Results of Operations
•
Performance by Business Segment
•
Performance by Geographic Area
•
Critical Accounting Estimates
•
New Accounting Pronouncements
•
Financial Condition and Liquidity
•
Forward-looking statements in Item 7 may involve risks and uncertainties that could cause results to differ materially from those projected (refer to the section entitled
“Cautionary Note Concerning Factors That May Affect Future Results” in Item 1 and the risk factors provided in Item 1A for discussion of these risks and uncertainties).
Additional information about results of operations and financial condition for 2021 and 2020 can be found in “Management’s Discussion and Analysis of Financial Condition
and Results of Operations” sections in 3M's Current Report on Form 8-K dated April 26, 2022 (which updated 3M's 2021 Annual Report on Form 10-K).
OVERVIEW
3M is a diversified global manufacturer, technology innovator and marketer of a wide variety of products and services. Effective in the first quarter of 2022, 3M made the
following changes:
•
Changes in measure of segment operating performance used by 3M’s chief operating decision maker—impacting 3M’s disclosed measure of segment profit/loss
(business segment operating income). See additional information in Note 19. 3M's disclosed disaggregated revenue was also updated as a result of the changes in
segment reporting. See additional information in Note 2.
•
Changes to non-GAAP measures - certain amounts adjusted for special items. Refer to the Certain amounts adjusted for special items - (non-GAAP measures) section
below for additional information.
Information provided herein reflects the impact of these changes for all periods presented.
3M manages its operations in four operating business segments: Safety and Industrial; Transportation and Electronics; Health Care; and Consumer. From a geographic
perspective, any references to EMEA refer to Europe, Middle East and Africa on a combined basis. References are made to organic sales change (which include both organic
volume impacts and selling price impacts), which is defined as the change in net sales, absent the separate impacts on sales from foreign currency translation and acquisitions,
net of divestitures. Acquisition and divestiture sales change impacts, if any, are measured separately for the first twelve months post-transaction. 3M believes this information is
useful to investors and management in understanding ongoing operations and in analysis of ongoing operating trends.
3M is impacted by the global pandemic and related effects associated with the coronavirus (COVID-19). Risk factors with respect to COVID-19 can be found in Item 1A “Risk
Factors” in this document. Given the diversity of 3M’s businesses, some of the factors relative to COVID-19 increase the demand for 3M products, while others decrease
demand or make it more difficult for 3M to serve customers. Certain resulting impacts are referenced in various discussions within this Item 7. Overall, the impact of the
COVID-19 pandemic on 3M’s consolidated results of operations was primarily driven by factors related to changes in demand for products and disruption in global supply
chains. 3M is not able to predict the extent to which the COVID-19 pandemic may have a material effect on its consolidated results of operations or financial condition.
In 2022, 3M's costs for significant litigation (see Certain amounts adjusted for special items - (non-GAAP measures section below) totaled approximately $2.3 billion pre-tax
and included, among things, pre-tax charges associated with steps toward resolving Combat Arms Earplugs litigation and associated with additional commitments to address

CONTEXT 5 (3M_2022_10K.pdf):
partially offset by supply chain disruptions, increases in raw materials and logistics costs, deal-related costs associated with the announced divestiture of the food safety business
(see Note 3), manufacturing productivity impacts, increased compensation and benefit costs, and increased investments in growth.
32
[Page 33]
Table of Contents
Consumer Business (15.5% of consolidated sales):
2022
2021
Sales (millions)
$
5,298
$
5,513
Sales change analysis:
Organic sales
(0.9)
%
9.8 
%
Divestitures
(0.4)
— 
Translation
(2.6)
1.0 
Total sales change
(3.9)
%
10.8 
%
Business segment operating income (millions)
$
994
$
1,162
Percent change
(14.4)
%
3.8 
%
Percent of sales
18.8 
 %
21.1 
 %
Year 2022 results:
Sales in Consumer were down 3.9 percent in U.S. dollars.
On an organic sales basis:
•
Sales increased in stationery and office and home care, was flat in consumer health and safety, and decreased in home improvement.
•
Growth was impacted by softening trends in the Consumer retail business as consumers pulled back on discretionary spending and retailers took actions to reduce their
inventories. These impacts were partially offset by demand for Scotch Blue
 painter’s tape, Scotch-Brite
, and Post-it®-solutions.
Business segment operating income margins decreased year-on-year as a result of increased raw materials, logistics and outsourced hardgoods manufacturing costs along with
manufacturing productivity headwinds and investments in the business, partially offset by sales growth (including selling price actions), strong spending discipline and
restructuring actions.
Year 2021 results:
Sales in Consumer were up 10.8 percent in U.S. dollars.
On an organic sales basis:
•
Sales increased in stationery and office, home improvement, consumer health and safety and home care.
•
Growth driven by continued strength in the market with strong demand for Command  adhesives, Filtrete
 air quality solutions, Meguiars
auto care and Scotch
Blue
 painter’s tape and from ongoing strength in demand for packaging and shipping products, Post-it -solutions and Scotch  brand office tapes as the business laps
last year’s COVID-related comparisons.
Business segment operating income margins decreased year-on-year as a result of increases in raw materials, logistics, and outsourced hardgoods manufacturing costs,
manufacturing productivity impacts, and increased compensation and benefit costs that more than offset leverage from sales growth and benefits from restructuring actions and
lower related charges.
PERFORMANCE BY GEOGRAPHIC AREA
While 3M manages its businesses globally and believes its business segment results are the most relevant measure of performance, the Company also utilizes geographic area
data as a secondary performance measure. Export sales are generally reported within the geographic area where the final sales to 3M customers are made. A portion of the
products or components sold by 3M’s operations to its customers are exported by these customers to different geographic areas. As customers move their operations from one
geographic area to another, 3M’s results will follow. Thus, net sales in a particular geographic area are not indicative of end-user consumption in that geographic area. Financial
information related to 3M operations in various geographic areas is provided in Note 2 and Note 19.
Refer to the “Overview” section for a summary of net sales by geographic area and business segment.
TM
TM
TM
TM
TM 
TM
®
®
33

CONTEXT 6 (3M_2022_10K.pdf):
[Table — page 5]
Underlying divisions/businesses Refer to Note 2 for disaggregated revenue information |  | • Abrasives • Automotive aftermarket • Closure and masking systems • Electrical markets • Industrial adhesives and tapes • Personal safety • Roofing granules |  | • Advanced materials • Automotive and aerospace • Commercial solutions • Display materials and systems • Electronics materials solutions • Transportation safety |  | • Health information systems • Medical solutions • Oral care • Separation and purification sciences • Food safety (divested in 2022) |  | • Consumer health and safety • Home care • Home improvement • Stationery and office
Representative revenue- generating activities, products or services |  | • Industrial abrasives and finishing for metalworking applications • Autobody repair solutions • Closure systems for personal hygiene products, masking, and packaging materials • Electrical products and materials for construction and maintenance, power distribution and electrical original equipment manufacturers (OEMs) • Structural adhesives and tapes • Respiratory, hearing, eye and fall protection solutions • Natural and color-coated mineral granules for shingles |  | • Advanced ceramic solutions • Attachment tapes, films, sound and temperature management for transportation vehicles • Premium large format graphic films for advertising and fleet signage • Light management films and electronics assembly solutions • Packaging and interconnection solutions • Reflective signage for highway, and vehicle safety |  | • Health care procedure coding and reimbursement software • Skin, wound care, and infection prevention products and solutions • Dentistry and orthodontia solutions • Filtration and purification systems |  | • Consumer bandages, braces, supports and consumer respirators • Cleaning products for the home • Retail abrasives, paint accessories, car care DIY products, picture hanging and consumer air quality solutions • Stationery products Some seasonality impacts this business segment related to back- to-school, generally in the third quarter of each year
Example brands/offerings |  | • 3M™ Cubitron™ II abrasives • Scotch-Brite™ Abrasives • Scotch & Temflex Vinyl Tapes, Scotchkote Coatings, Dynatel locators, Scotchcast resins • Collision repair and paint spray products • Reclosable fasteners; tapes and label materials for durable goods • Electrical infrastructure products; medium voltage cable accessories and insulation tapes • 3M ™ VHB™ Bonding tapes; Scotch® masking, packaging and filament tapes • Disposable respirators and fall protection products • Scotchgard™ Protector for shingles |  | • 3M™ Nextel™ Ceramic fibers and textiles • Thinsulate™ Acoustic Insulation products and automotive components • 3M™ Novec™ Engineered Fluids • 3M™ Scotchlite™ graphic films, 3M™ Scotchcal™ and 3M™ Controltac™ Commercial graphics • Electronic display enhancement films and optically clear adhesives • Electronic interconnect products • 3M™ Diamond Grade™ DG3 reflective sheeting for transportation safety |  | • 3M™ 360 Encompass™ medical coding systems • 3M ™ Tegaderm™ wound dressings, V.A.C.® Therapy Systems and disposable respirators in the health care channel • 3M™ Filtek™ and 3M™ RelyX™ dental filing materials and cements; 3M™ Clarity™ aligners • Biopharma and other filtration systems, bags, capsules and components |  | • ACE™ , FUTURO™ and Nexcare™ personal health care products • Scotch-Brite™ cleaning supplies, sponges, brushes, and scouring pads; Scotchgard™ products • Scotch® tapes and other products, Filtrete™ filters and Command™ adhesive products • Post-it® products
Representative market trends or opportunities |  | • Personal safety • Connected bodyshop • Grid modernization • Robotics and automation |  | • Automotive/mobility • Electronic materials • Semiconductor • Graphic and architectural films |  | • Wound care • Healthcare IT • Biopharma filtration |  | • Home improvement • Consumer safety & well-being • Package protection & shipping • Appearance auto care

CONTEXT 7 (3M_2022_10K.pdf):
[Page 21]
Organic growth/productivity and other:
•
In 2022, the following components impacted operating margins and earnings per diluted share year-on-year:
•
Declines in disposable respirator demand year-on-year negatively impacted operating margins by 0.3 percent and earnings per share by $0.29.
•
Remaining organic growth/productivity and other impacts resulted in a net year-on-year benefit $0.85 to earnings per share and 1.3 percent to operating margins
which was impacted by the following:
◦
Benefits from strong pricing, spending discipline and 2021 restructuring actions
◦
Manufacturing headwinds from global supply chain challenges; geopolitical impacts due to the Russia/Ukraine conflict as well as ongoing COVID-
related challenges in China
◦
Second quarter of 2021 benefit of $91 million pre-tax ($0.12 per share after tax) from the impact of the favorable decision of the Brazilian Supreme
Court regarding the calculation of past social taxes
◦
Increased investments in growth, productivity and sustainability
•
In 2021, organic volume growth and ongoing cost management increased operating income margins and earnings per diluted share year-on-year offset by manufacturing
headwinds from global supply chain challenges and increased compensation/benefit costs. The following also impacted results or provide additional information:
•
2021 benefit of $91 million pre-tax ($0.12 per share after tax) from a favorable Brazilian Supreme Court decision that concluded on the impact of state value-
added tax when determining Brazil’s federal sales-based social tax—essentially lowering the social tax that 3M should have paid in prior periods.
•
3M continued prioritization of investments in growth and sustainability.
•
2021 benefit from higher selling prices, restructuring actions taken in 2020 and positive/negative impact of year-over-year change in non-divestiture-related
restructuring charges, net of adjustments, for respective periods. Note 5 provides additional information relative to restructuring actions.
•
Lower year-on-year net gains related to certain property sales.
•
COVID-impacts recognized on certain assets in 2020.
•
In 2021, higher defined benefit pension and postretirement service cost increased expense year-on-year.
Raw material impact:
•
In 2022, 3M continued to experience inflationary pressures with year-on-year increases in raw material and logistics costs driven by many geopolitical, logistics, and
disruptive events that caused imbalance in the global supply chain.
•
In 2021, 3M experienced higher raw material, logistics, and outsourced manufacturing costs from strong end-market demand, ongoing COVID-19 and related global
supply chain challenges that were further magnified by extreme weather events, such as February 2021 winter storm Uri in the U.S.
Acquisitions/divestitures:
•
Divestiture impacts in 2022 include lost income from divested businesses and remaining stranded costs (net of transition arrangement income). 3M completed the split-
off of the Food Safety business in September 2022 (discussed in Note 3). The impact also includes lost income from deconsolidation of the Aearo Entities in July 2022
(discussed in Note 16).
•
Divestiture impacts in 2021 are primarily comprised of the lost income from the divestiture of the Company’s drug delivery business (sale completed in May 2020).
Foreign exchange impacts:
•
Foreign currency impacts (net of hedging) decreased operating income by approximately $271 million and $103 million (or a decrease in pre-tax earnings of
approximately $280 million and $119 million) year-on-year for 2022 and 2021, respectively. These estimates include: (a) the effects of year-on-year changes in exchange
rates on translating current period functional currency profits into U.S. dollars and on current period non-functional currency denominated purchases or transfers of

CONTEXT 8 (3M_2022_10K.pdf):
[Table — page 60]
Abrasives |  | $ | 1,343 |  | $ | 1,296 |  | $ | 1,077
Automotive Aftermarket |  | 1,209 |  |  | 1,164 |  |  | 1,028 | 
Closure and Masking Systems |  | 1,046 |  |  | 1,033 |  |  | 993 | 
Electrical Markets |  | 1,304 |  |  | 1,229 |  |  | 1,093 | 
Industrial Adhesives and Tapes |  | 2,331 |  |  | 2,353 |  |  | 2,000 | 
Personal Safety |  | 3,916 |  |  | 4,470 |  |  | 4,408 | 
Roofing Granules |  | 455 |  |  | 428 |  |  | 389 | 
Other Safety and Industrial |  | — |  |  | 8 |  |  | (16) | 
Total Safety and Industrial Business Segment |  | 11,604 |  |  | 11,981 |  |  | 10,972 | 
 |  |  |  |  |  |  |  |  | 
Advanced Materials |  | 1,205 |  |  | 1,200 |  |  | 1,029 | 
Automotive and Aerospace |  | 1,754 |  |  | 1,756 |  |  | 1,522 | 
Commercial Solutions |  | 1,751 |  |  | 1,717 |  |  | 1,486 | 
Electronics |  | 3,359 |  |  | 3,673 |  |  | 3,497 | 
Transportation Safety |  | 833 |  |  | 907 |  |  | 880 | 
Other Transportation and Electronics |  | — |  |  | 9 |  |  | (8) | 
Total Transportation and Electronics Business Segment |  | 8,902 |  |  | 9,262 |  |  | 8,406 | 
 |  |  |  |  |  |  |  |  | 
Drug Delivery |  | — |  |  | — |  |  | 146 | 
Food Safety |  | 244 |  |  | 368 |  |  | 337 | 
Health Information Systems |  | 1,259 |  |  | 1,220 |  |  | 1,140 | 
Medical Solutions |  | 4,581 |  |  | 4,632 |  |  | 4,288 | 
Oral Care |  | 1,353 |  |  | 1,420 |  |  | 1,071 | 
Separation and Purification Sciences |  | 960 |  |  | 956 |  |  | 848 | 
Other Health Care |  | 24 |  |  | 1 |  |  | 2 | 
Total Health Care Business Group |  | 8,421 |  |  | 8,597 |  |  | 7,832 | 
 |  |  |  |  |  |  |  |  | 
Consumer Health and Safety |  | 569 |  |  | 588 |  |  | 540 | 
Home Care |  | 1,046 |  |  | 1,074 |  |  | 1,043 | 
Home Improvement |  | 2,392 |  |  | 2,548 |  |  | 2,260 | 
Stationery and Office |  | 1,291 |  |  | 1,306 |  |  | 1,132 | 
Other Consumer |  | — |  |  | (3) |  |  | 1 | 
Total Consumer Business Group |  | 5,298 |  |  | 5,513 |  |  | 4,976 | 
 |  |  |  |  |  |  |  |  | 
Corporate and Unallocated |  | 4 |  |  | 2 |  |  | (2) | 
Total Company |  | $ | 34,229 |  | $ | 35,355 |  | $ | 32,184

ANSWER:
Based on the provided documents, the segment that dragged down 3M's overall growth in 2022 when excluding the impact of M&A (organic sales growth) is the **Consumer Business**.

According to the "Sales change analysis" tables:
*   **Consumer Business:** Organic sales declined by **(0.9)%**.
*   **Health Care Business:** Organic sales increased by **3.2%**.

The organic sales figures for the Safety and Industrial and Transportation and Electronics segments were not provided in the context chunks, but the Consumer Business is the only segment explicitly shown with a negative organic sales change.

The total sales change for the Consumer Business is calculated as:
Organic sales **(0.9)%** + Divestitures **(0.4)%** + Translation **(2.6)%** = Total sales change of **(3.9)%**.

GOLD:
The consumer segment shrunk by 0.9% organically.

================================================================================
[6/10]

QUESTION:
Does 3M have a reasonably healthy liquidity profile based on its quick ratio for Q2 of FY2023? If the quick ratio is not relevant to measure liquidity, please state that and explain why.

CONTEXT 1 (3M_2023Q2_10Q.pdf):
will have continuous access to the commercial paper market. 3M’s commercial paper program permits the Company to have a maximum of $5 billion outstanding with a
maximum maturity of 397 days from date of issuance. The Company had $1.8 billion in commercial paper outstanding at June 30, 2023, compared to no commercial paper
outstanding as of December 31, 2022.
The strength of 3M’s credit profile and significant ongoing cash flows provide 3M proven access to capital markets. Additionally, the Company’s debt maturity profile is
staggered to help ensure refinancing needs in any given year are reasonable in proportion to the total portfolio. As of June 2023, 3M has a credit rating of A2, negative outlook
from Moody's Investors Service, and a credit rating of A-, CreditWatch negative from S&P Global Ratings.
The Company’s total debt at June 30, 2023 was consistent when compared to December 31, 2022 as maturities of $1.8 billion of fixed-rate notes were offset by issuances of
commercial paper of $1.8 billion. For discussion of repayments of and proceeds from debt refer to the following Cash Flows from Financing Activities section.
In July 2017, the United Kingdom’s Financial Conduct Authority announced that it would no longer require banks to submit rates for the London InterBank Offered Rate
(“LIBOR”) after 2021. In November 2020, the ICE Benchmark Administration (IBA), LIBOR’s administrator, proposed extending the publication of USD LIBOR through June
2023. Subsequently, in March of 2021, IBA ceased publication of certain LIBOR rates after December 31, 2021. USD LIBOR rates that did not cease on December 31, 2021
will continue to be published through June 30, 2023, and certain USD LIBOR rates subject to a synthetic methodology will continue to be published until September 2024. The
Company anticipates its debt securities, bank facilities, and derivative instruments that previously utilized LIBOR as the reference rate will transition to the Secured Overnight
Financing Rate, or SOFR, as a reference rate as necessary.
Effective February 8, 2023, the Company updated its “well-known seasoned issuer” (WKSI) shelf registration statement, which registers an indeterminate amount of debt or
equity securities for future issuance and sale. This replaced 3M’s previous shelf registration dated February 10, 2020. In May 2016, 3M entered into an amended and restated
distribution agreement relating to the future issuance and sale (from time to time) of the Company’s medium-term notes program (Series F), up to the aggregate principal
amount of $18 billion, which was an increase from the previous aggregate principal amount up to $9 billion of the same Series. As of June 30, 2023, the total amount of debt
issued as part of the medium-term notes program (Series F), inclusive of debt issued in February 2019 and prior years is approximately $17.6 billion (utilizing the foreign
exchange rates applicable at the time of issuance for the euro denominated debt). Information with respect to long-term debt issuances and maturities for the periods presented
is included in Note 10 of this Form 10-Q and Note 12 in 3M's 2022 Annual Report on Form 10-K.
In May 2023, 3M entered into a $4.25 billion five-year revolving credit facility expiring in 2028; the facility was amended in July 2023. The revolving credit agreement
includes a provision under which 3M may request an increase of up to $1.0 billion (at lender’s discretion), bringing the total facility up to $5.25 billion. The agreement replaced
the amended and restated $3.0 billion, five-year revolving credit agreement and the $1.25 billion 364-day credit facility that would have expired in November 2024 and
November 2023, respectively. The credit facility was undrawn at June 30, 2023. Under the $4.25 billion credit facility, the Company is required to maintain its EBITDA to

CONTEXT 2 (3M_2023Q2_10Q.pdf):
Indicate by check mark whether the registrant is a shell company (as defined in Rule 12b-2 of the Exchange Act). Yes ☐ No ☒
Indicate the number of shares outstanding of each of the issuer’s classes of common stock, as of the latest practicable date.
Class
Outstanding at June 30, 2023
Common Stock, $0.01 par value per share
551,992,430 shares
1
[Page 2]
Table of Contents
3M COMPANY
Form 10-Q for the Quarterly Period Ended June 30, 2023
TABLE OF CONTENTS
BEGINNING
PAGE
PART I
FINANCIAL INFORMATION
ITEM 1.
Financial Statements
3
Index to Financial Statements:
Consolidated Statement of Income (Loss)
3
Consolidated Statement of Comprehensive Income (Loss)
4
Consolidated Balance Sheet
5
Consolidated Statement of Cash Flows
6
Notes to Consolidated Financial Statements
7
Note 1. Significant Accounting Policies
7
Note 2. Revenue
8
Note 3. Acquisitions and Divestitures
10
Note 4. Goodwill and Intangible Assets
11
Note 5. Restructuring Actions
12
Note 6. Supplemental Income (Loss) Statement Information
13
Note 7. Supplemental Equity and Comprehensive Income (Loss) Information
14
Note 8. Income Taxes
18
Note 9. Marketable Securities
18
Note 10. Long-Term Debt and Short-Term Borrowings
19
Note 11. Pension and Postretirement Benefit Plans
20
Note 12. Derivatives
21
Note 13. Fair Value Measurements
26
Note 14. Commitments and Contingencies
27
Note 15. Business Segments
52
ITEM 2.
Management’s Discussion and Analysis of Financial Condition and Results of Operations
54
Index to Management’s Discussion and Analysis:
Overview
54
Results of Operations
62
Performance by Business Segment
64
Financial Condition and Liquidity
70
Cautionary Note Concerning Factors That May Affect Future Results
75
ITEM 3.
Quantitative and Qualitative Disclosures About Market Risk
76
ITEM 4.
Controls and Procedures
76
PART II
OTHER INFORMATION
ITEM 1.
Legal Proceedings
77
ITEM 1A.
Risk Factors
77
ITEM 2.
Unregistered Sales of Equity Securities and Use of Proceeds
85
ITEM 3.
Defaults Upon Senior Securities
85
ITEM 4.
Mine Safety Disclosures
85
ITEM 5.
Other Information
85
ITEM 6.
Exhibits
86
2

[Page 3]
Table of Contents
3M COMPANY
FORM 10-Q
For the Quarterly Period Ended June 30, 2023
PART I. Financial Information
Item 1. Financial Statements.
3M Company and Subsidiaries
Consolidated Statement of Income (Loss)
(Unaudited)
Three months ended
June 30,
Six months ended
June 30,
(Millions, except per share amounts)
2023
2022
2023
2022
Net sales
$
8,325 
$
8,702 
$
16,356 
$
17,531 
Operating expenses
Cost of sales
4,606 
5,093 
9,219 
9,919 
Selling, general and administrative expenses
12,204 
3,023 
13,909 
4,905 
Research, development and related expenses
473 
476 
945 
956 
Total operating expenses
17,283 
8,592 
24,073 
15,780 
Operating income (loss)
(8,958)
110 
(7,717)
1,751 
Other expense (income), net
65 
50 
117 
88 
Income (loss) before income taxes
(9,023)
60 
(7,834)
1,663 
Provision (benefit) for income taxes
(2,184)
(23)
(1,974)
279 
Income (loss) of consolidated group
(6,839)
83 
(5,860)
1,384 
Income (loss) from unconsolidated subsidiaries, net of taxes
3 
(1)
5 
1 
Net income (loss) including noncontrolling interest
(6,836)
82 
(5,855)
1,385 
Less: Net income (loss) attributable to noncontrolling interest
5 
4 
10 
8 
Net income (loss) attributable to 3M
$
(6,841)
$
78 
$
(5,865)
$
1,377 
Weighted average 3M common shares outstanding — basic
553.9 
571.0 
553.3 
571.6 
Earnings (loss) per share attributable to 3M common shareholders — basic
$
(12.35)
$
0.14 
$
(10.60)
$
2.41 
Weighted average 3M common shares outstanding — diluted
553.9 
572.7 
553.3 
573.8 
Earnings (loss) per share attributable to 3M common shareholders — diluted
$
(12.35)
$
0.14 
$
(10.60)
$
2.40 
The accompanying Notes to Consolidated Financial Statements are an integral part of this statement.
3

CONTEXT 3 (3M_2023Q2_10Q.pdf):
[Page 1]
Table of Contents
UNITED STATES
SECURITIES AND EXCHANGE COMMISSION
WASHINGTON, D.C. 20549
FORM 10-Q
☒ QUARTERLY REPORT PURSUANT TO SECTION 13 OR 15(d) OF THE SECURITIES EXCHANGE ACT OF 1934
For the quarterly period ended June 30, 2023
or
o TRANSITION REPORT PURSUANT TO SECTION 13 OR 15(d) OF THE SECURITIES EXCHANGE ACT OF 1934
For the transition period from __________ to __________
Commission file number: 1-3285
3M COMPANY
(Exact name of registrant as specified in its charter)
Delaware
41-0417775
(State or other jurisdiction of incorporation)
(IRS Employer Identification No.)
3M Center, St. Paul, Minnesota
55144-1000
(Address of Principal Executive Offices)
(Zip Code)
(Registrant’s Telephone Number, Including Area Code) (651) 733-1110
Not Applicable
(Former Name or Former Address, if Changed Since Last Report)
Securities registered pursuant to Section 12(b) of the Act:
Title of each class
Trading Symbol(s)
Name of each exchange on which registered
Common Stock, Par Value $.01 Per Share
MMM
New York Stock Exchange
MMM
Chicago Stock Exchange, Inc.
1.500% Notes due 2026
MMM26
New York Stock Exchange
1.750% Notes due 2030
MMM30
New York Stock Exchange
1.500% Notes due 2031
MMM31
New York Stock Exchange
Note: The common stock of the Registrant is also traded on the SIX Swiss Exchange.
Indicate by check mark whether the registrant (1) has filed all reports required to be filed by Section 13 or 15(d) of the Securities Exchange Act of 1934 during the preceding 12 months (or
for such shorter period that the registrant was required to file such reports), and (2) has been subject to such filing requirements for the past 90 days. Yes ☒ No ☐
Indicate by check mark whether the registrant has submitted electronically every Interactive Data File required to be submitted pursuant to Rule 405 of Regulation S-T (§232.405 of this
chapter) during the preceding 12 months (or for such shorter period that the registrant was required to submit such files). Yes ☒ No ☐
Indicate by check mark whether the registrant is a large accelerated filer, an accelerated filer, a non-accelerated filer, a smaller reporting company, or an emerging growth company. See the
definitions of “large accelerated filer,” “accelerated filer,” “smaller reporting company,” and “emerging growth company” in Rule 12b-2 of the Exchange Act.:
Large accelerated filer
☒
Accelerated filer
☐
Non-accelerated filer
☐
Smaller reporting company
☐
Emerging growth company
☐
If an emerging growth company, indicate by check mark if the registrant has elected not to use the extended transition period for complying with any new or revised financial accounting
standards provided pursuant to Section 13(a) of the Exchange Act. ☐
Indicate by check mark whether the registrant is a shell company (as defined in Rule 12b-2 of the Exchange Act). Yes ☐ No ☒
Indicate the number of shares outstanding of each of the issuer’s classes of common stock, as of the latest practicable date.
Class
Outstanding at June 30, 2023
Common Stock, $0.01 par value per share
551,992,430 shares
1

CONTEXT 4 (3M_2023Q2_10Q.pdf):
includes a provision under which 3M may request an increase of up to $1.0 billion (at lender’s discretion), bringing the total facility up to $5.25 billion. The agreement replaced
the amended and restated $3.0 billion, five-year revolving credit agreement and the $1.25 billion 364-day credit facility that would have expired in November 2024 and
Interest Ratio as of the end of each fiscal quarter at not less than 3.0 to 1. This is calculated (based on amounts defined in the amended agreement) as the ratio of consolidated
total EBITDA for the four consecutive quarters then ended to total interest expense on all funded debt for the same period. At June 30, 2023, this ratio, reflecting the July 2023
amendment, was approximately 17 to 1. Debt covenants do not restrict the payment of dividends.
70

CONTEXT 5 (3M_2023Q2_10Q.pdf):
($0.9 billion) and other assets ($0.3 billion).
As of June 30, 2023, the Company was a named defendant in approximately 5,493 lawsuits in the United States and one Canadian putative class action with a single named
plaintiff, alleging that the Bair Hugger™ patient warming system caused a surgical site infections in various joint arthroplasty, cardiovascular, and other surgeries.
defect, fraudulent and/or negligent misrepresentation/concealment, unjust enrichment, and violations of various state consumer fraud, deceptive or unlawful trade practices
and/or false advertising acts.
The JPML consolidated all cases pending in federal courts to the U.S. District Court for the District of Minnesota to be managed in an MDL proceeding. In July 2019, the court
excluded several of the plaintiffs’ causation experts, and granted summary judgment for 3M in all cases pending at that time in the MDL. Plaintiffs appealed that decision to the
U.S. Court of Appeals for the Eighth Circuit. Plaintiffs also appealed a 2018 jury verdict in favor of 3M in the first bellwether trial in the MDL and appealed the dismissal of
another bellwether case. A panel of the appellate court in August 2021 reversed the district court’s exclusion of the plaintiffs’ causation experts and the grant of summary
judgment for 3M. The Company sought further appellate en banc review by the full Eighth Circuit court. In November 2021, the Eighth Circuit court denied 3M’s petition for
rehearing en banc. In February 2022, the Company filed a petition for a writ of certiorari in the U.S. Supreme Court. In May 2022, the U.S. Supreme Court declined 3M’s
request to review the Eighth Circuit court’s decision. The MDL court has not yet issued a new case management order. Separately, in August 2021, the Eighth Circuit court
affirmed the 2018 jury verdict in 3M’s favor in the only bellwether trial in the MDL.
In February 2022, the MDL court ordered the parties to engage in any mediation sessions that a court-appointed mediator deems appropriate. Mediation sessions took place in
May and August 2022 without success in resolving the litigation. The MDL court has assigned a new mediator to facilitate discussions of the litigation and possible resolution.
In April 2023, plaintiffs filed a motion to disqualify the judge and magistrate judge overseeing the MDL. The motion was denied by both the district court judge and magistrate
judge. The plaintiffs appealed the denial of the motion to dismiss the magistrate judge to the district court and the parties are awaiting a ruling on the appeal.
In addition to the federal cases, there are eight state court cases relating to the Bair Hugger™ patient warming system. Three are pending in Missouri state court and combine
Bair Hugger™ product liability claims with medical malpractice claims. One of the Missouri cases was tried in September and October of 2022; the jury returned a verdict in
3M’s favor on all the claims. The trial court denied plaintiff’s motion for a new trial, and plaintiffs have filed a notice of appeal. Another Missouri case is scheduled for trial in
September 2024. There is also one case in Etowah County, Alabama that combines Bair Hugger™ product liability claims with medical malpractice claims. There have been
state court cases filed in Pennsylvania and Montana that 3M has removed or will seek to remove to federal court and seek to have transferred to the MDL. 3M resolved for an
immaterial amount the final state court case, which was filed in Hidalgo County, Texas.
As previously disclosed, 3M had been named a defendant in 61 cases in Minnesota state court. In January 2018, the Minnesota state court excluded plaintiffs’ experts and
granted 3M’s motion for summary judgment on general causation. The Minnesota Court of Appeals affirmed the state court orders in their entirety and the Minnesota Supreme

CONTEXT 6 (3M_2023Q2_10Q.pdf):
subsequent to initial recognition. For 3M, such measurements of fair value relate primarily to indefinite-lived and long-lived asset impairments, goodwill impairments, and
adjustment in carrying value of equity securities for which the measurement alternative of cost less impairment plus or minus observable price changes is used. There were no
Consolidated Financial Statements in 3M's 2022 Annual Report on Form 10-K, in the third quarter of 2022, management committed to a plan to exit and dispose of net assets in
Russia through an intended sale of related subsidiaries and, as a result, recorded this held-for-sale disposal group at the lower of its fair value less cost to sell or carrying
amount. In determining the carrying amount, the balance of cumulative translation adjustment within accumulated other comprehensive loss that would be eliminated upon sale
was included and a current liability of approximately $50 million was recorded largely representing a reserve against the balance of cumulative translation adjustment. In the
second quarter of 2023, 3M closed on the sale of these subsidiaries, resulting in an immaterial gain after reversing this reserve while reclassifying the balance of cumulative
translation adjustment into earnings.
Fair Value of Financial Instruments:
The Company’s financial instruments include cash and cash equivalents, marketable securities, accounts receivable, certain investments, accounts payable, borrowings, and
derivative contracts. The fair values of cash equivalents, accounts receivable, accounts payable, and short-term borrowings and current portion of long-term debt approximated
carrying values because of the short-term nature of these instruments. Available-for-sale marketable securities, in addition to certain derivative instruments, are recorded at fair
values as indicated in the preceding disclosures. To estimate fair values (classified as level 2) for its long-term debt, the Company utilized third-party quotes, which are derived
all or in part from model prices, external sources, market prices, or the third-party’s internal records. Information with respect to the carrying amounts and estimated fair values
of these financial instruments follow:
June 30, 2023
December 31, 2022
(Millions)
Carrying Value
Fair Value
Carrying Value
Fair Value
Long-term debt, excluding current portion
$
12,954 
$
11,471 
$
14,001 
$
12,484 
The fair values reflected in the sections above consider the terms of the related debt absent the impacts of derivative/hedging activity. The carrying amount of long-term debt
referenced above is impacted by certain fixed-to-floating interest rate swaps that are designated as fair value hedges and by the designation of certain fixed rate Eurobond
securities issued by the Company as hedging instruments of the Company’s net investment in its European subsidiaries.
NOTE 14. Commitments and Contingencies
Legal Proceedings:
The Company and some of its subsidiaries are involved in numerous claims and lawsuits, principally in the United States, and regulatory proceedings worldwide. These claims,
lawsuits and proceedings relate to matters including, but not limited to, products liability (involving products that the Company now or formerly manufactured and sold),
intellectual property, commercial, antitrust, federal healthcare program related laws and regulations, such as the False Claims Act and anti-kickback laws, securities, and
environmental laws in the United States and other jurisdictions. Unless otherwise stated, the Company is vigorously defending all such litigation and proceedings. From time to
time, the Company also receives subpoenas, investigative demands or requests for information from various government agencies in the United States and foreign countries.
The Company generally responds in a cooperative, thorough and timely manner. These responses sometimes require time and effort and can result in considerable costs being

CONTEXT 7 (3M_2023Q2_10Q.pdf):
total EBITDA for the four consecutive quarters then ended to total interest expense on all funded debt for the same period. At June 30, 2023, this ratio, reflecting the July 2023
amendment, was approximately 17 to 1. Debt covenants do not restrict the payment of dividends.
[Page 71]
Table of Contents
The Company also had $315 million in stand-alone letters of credit and bank guarantees issued and outstanding at June 30, 2023. These instruments are utilized in connection
with normal business activities.
Cash, cash equivalents and marketable securities:
At June 30, 2023, 3M had $4.3 billion of cash, cash equivalents and marketable securities, of which approximately $3.2 billion was held by the Company’s foreign subsidiaries
and approximately $1.1 billion was held in the United States. These balances are invested in bank instruments and other high-quality fixed income securities. At December 31,
2022, 3M had $3.9 billion of cash, cash equivalents and marketable securities, of which approximately $2.7 billion was held by the Company’s foreign subsidiaries and $1.2
billion was held by the United States. The increase from December 31, 2022 primarily resulted from cash flow from operations.
Net Debt (non-GAAP measure):
Net debt is not defined under U.S. GAAP and may not be computed the same as similarly titled measures used by other companies. The Company defines net debt as total debt
less the total of cash, cash equivalents and current and long-term marketable securities. 3M believes net debt is meaningful to investors as 3M considers net debt and its
components to be important indicators of liquidity and financial position. The following table provides net debt as of June 30, 2023 and December 31, 2022.
(Millions)
June 30, 2023
December 31, 2022
Change
Total debt
$
15,987
$
15,939
$
48 
Less: Cash, cash equivalents and marketable securities
4,337
3,916
421 
Net debt (non-GAAP measure)
$
11,650
$
12,023
$
(373)
Refer to the preceding Total Debt and Cash, Cash Equivalents and Marketable Securities sections for additional details.
Balance Sheet:
3M’s strong balance sheet and liquidity provide the Company with significant flexibility to fund its numerous opportunities going forward. The Company will continue to
invest in its operations to drive growth, including continual review of acquisition opportunities.
The Company uses working capital measures that place emphasis and focus on certain working capital assets, such as accounts receivable and inventory activity.
Working capital (non-GAAP measure):
(Millions)
June 30, 2023
December 31, 2022
Change
Current assets
$
15,754
$
14,688
$
1,066 
Less: Current liabilities
10,936
9,523
1,413 
Working capital (non-GAAP measure)
$
4,818
$
5,165
$
(347)
Various assets and liabilities, including cash and short-term debt, can fluctuate significantly from month to month depending on short-term liquidity needs. Working capital is
not defined under U.S. generally accepted accounting principles and may not be computed the same as similarly titled measures used by other companies. The Company
defines working capital as current assets minus current liabilities. 3M believes working capital is meaningful to investors as a measure of operational efficiency and short-term
financial health.
Working capital decreased $0.3 billion compared with December 31, 2022. Balance changes in current assets increased working capital by $1.1 billion, driven largely by
increases in cash and cash equivalents and accounts receivable. Balance changes in current liabilities decreased working capital by $1.4 billion, primarily due to increases in
short-term borrowings driven by issuances of commercial paper and increases in other current liabilities.
71

CONTEXT 8 (3M_2023Q2_10Q.pdf):
3,655 
4,564 
Cash and cash equivalents at end of period
$
4,258 
$
2,722 
The accompanying Notes to Consolidated Financial Statements are an integral part of this statement.
6
[Page 7]
Table of Contents
3M Company and Subsidiaries
Notes to Consolidated Financial Statements
(Unaudited)
NOTE 1. Significant Accounting Policies
Basis of Presentation
The interim consolidated financial statements are unaudited but, in the opinion of management, reflect all adjustments necessary for a fair statement of the Company’s
consolidated financial position, results of operations and cash flows for the periods presented. These adjustments consist of normal, recurring items. The results of operations
for any interim period are not necessarily indicative of results for the full year. The interim consolidated financial statements and notes are presented as permitted by the
requirements for Quarterly Reports on Form 10-Q. This Quarterly Report on Form 10-Q should be read in conjunction with the Company’s consolidated financial statements
and notes included in its Annual Report on Form 10-K.
In the second quarter of 2023, 3M re-consolidated the Aearo Technology and certain of its related entities (collectively, the "Aearo Entities") as a result of the court dismissal of
their voluntary bankruptcy proceedings. 3M had previously deconsolidated these entities in the third quarter of 2022. The Aearo Entities have appealed the court’s dismissal
decision. See additional information in Note 14.
Effective in the first quarter of 2023, 3M made changes in the measure of segment operating performance and segment composition used by 3M’s chief operating decision
maker—impacting 3M’s disclosed measure of segment profit/loss (business segment operating income (loss)). Also effective in the first quarter of 2023, 3M's Consumer
business segment re-aligned from four divisions to three divisions, see additional information in Note 15. 3M's disclosed disaggregated revenue was also updated as a result of
these changes, see additional information in Note 2. Information provided herein reflects the impact of these changes for all periods presented.
Earnings (Loss) Per Share
The difference in the weighted average 3M shares outstanding for calculating basic and diluted earnings per share attributable to 3M common shareholders is a result of the
dilution associated with the Company’s stock-based compensation plans. Certain options outstanding under these stock-based compensation plans were not included in the
computation of diluted earnings (loss) per share attributable to 3M common shareholders because they would have had an anti-dilutive effect of 36.9 million and 36.5 million
average options for the three and six months ended June 30, 2023, respectively, and 31.9 million and 27.5 million average options for the three and six months ended June 30,
2022, respectively. In periods of net losses, these antidilutive effects include all weighted option shares outstanding and weighted average shares is the same for the calculations
of both basic and diluted loss per share. The computations for basic and diluted earnings (loss) per share follow:
Earnings (Loss) Per Share Computations
Three months ended
June 30,
Six months ended
June 30,
(Amounts in millions, except per share amounts)
2023
2022
2023
2022
Numerator:
Net income (loss) attributable to 3M
$
(6,841)
$
78 
$
(5,865)
$
1,377 
Denominator:
Denominator for weighted average 3M common shares outstanding – basic
553.9 
571.0 
553.3 
571.6 
Dilution associated with the Company’s stock-based compensation plans
— 
1.7 
— 
2.2 
Denominator for weighted average 3M common shares outstanding – diluted
553.9 
572.7 
553.3 
573.8 
Earnings (loss) per share attributable to 3M common shareholders — basic
$
(12.35)
$
0.14 
$
(10.60)
$
2.41 
Earnings (loss) per share attributable to 3M common shareholders — diluted
$
(12.35)
$
0.14 
$
(10.60)
$
2.40 
7

ANSWER:
Not found in context.

GOLD:
No. The quick ratio for 3M was 0.96 by Jun'23 close, which needs a bit of an improvement to touch the 1x mark

JUSTIFICATION:
Quick Ratio= (Total current assets-Total inventories)/Total current liabilities
(15,754-5,280)/10,936

================================================================================
[7/10]

QUESTION:
Which debt securities are registered to trade on a national securities exchange under 3M's name as of Q2 of 2023?

CONTEXT 1 (3M_2023Q2_10Q.pdf):
[Page 1]
Table of Contents
UNITED STATES
SECURITIES AND EXCHANGE COMMISSION
WASHINGTON, D.C. 20549
FORM 10-Q
☒ QUARTERLY REPORT PURSUANT TO SECTION 13 OR 15(d) OF THE SECURITIES EXCHANGE ACT OF 1934
For the quarterly period ended June 30, 2023
or
o TRANSITION REPORT PURSUANT TO SECTION 13 OR 15(d) OF THE SECURITIES EXCHANGE ACT OF 1934
For the transition period from __________ to __________
Commission file number: 1-3285
3M COMPANY
(Exact name of registrant as specified in its charter)
Delaware
41-0417775
(State or other jurisdiction of incorporation)
(IRS Employer Identification No.)
3M Center, St. Paul, Minnesota
55144-1000
(Address of Principal Executive Offices)
(Zip Code)
(Registrant’s Telephone Number, Including Area Code) (651) 733-1110
Not Applicable
(Former Name or Former Address, if Changed Since Last Report)
Securities registered pursuant to Section 12(b) of the Act:
Title of each class
Trading Symbol(s)
Name of each exchange on which registered
Common Stock, Par Value $.01 Per Share
MMM
New York Stock Exchange
MMM
Chicago Stock Exchange, Inc.
1.500% Notes due 2026
MMM26
New York Stock Exchange
1.750% Notes due 2030
MMM30
New York Stock Exchange
1.500% Notes due 2031
MMM31
New York Stock Exchange
Note: The common stock of the Registrant is also traded on the SIX Swiss Exchange.
Indicate by check mark whether the registrant (1) has filed all reports required to be filed by Section 13 or 15(d) of the Securities Exchange Act of 1934 during the preceding 12 months (or
for such shorter period that the registrant was required to file such reports), and (2) has been subject to such filing requirements for the past 90 days. Yes ☒ No ☐
Indicate by check mark whether the registrant has submitted electronically every Interactive Data File required to be submitted pursuant to Rule 405 of Regulation S-T (§232.405 of this
chapter) during the preceding 12 months (or for such shorter period that the registrant was required to submit such files). Yes ☒ No ☐
Indicate by check mark whether the registrant is a large accelerated filer, an accelerated filer, a non-accelerated filer, a smaller reporting company, or an emerging growth company. See the
definitions of “large accelerated filer,” “accelerated filer,” “smaller reporting company,” and “emerging growth company” in Rule 12b-2 of the Exchange Act.:
Large accelerated filer
☒
Accelerated filer
☐
Non-accelerated filer
☐
Smaller reporting company
☐
Emerging growth company
☐
If an emerging growth company, indicate by check mark if the registrant has elected not to use the extended transition period for complying with any new or revised financial accounting
standards provided pursuant to Section 13(a) of the Exchange Act. ☐
Indicate by check mark whether the registrant is a shell company (as defined in Rule 12b-2 of the Exchange Act). Yes ☐ No ☒
Indicate the number of shares outstanding of each of the issuer’s classes of common stock, as of the latest practicable date.
Class
Outstanding at June 30, 2023
Common Stock, $0.01 par value per share
551,992,430 shares
1

CONTEXT 2 (3M_2023Q2_10Q.pdf):
Indicate by check mark whether the registrant is a shell company (as defined in Rule 12b-2 of the Exchange Act). Yes ☐ No ☒
Indicate the number of shares outstanding of each of the issuer’s classes of common stock, as of the latest practicable date.
Class
Outstanding at June 30, 2023
Common Stock, $0.01 par value per share
551,992,430 shares
1
[Page 2]
Table of Contents
3M COMPANY
Form 10-Q for the Quarterly Period Ended June 30, 2023
TABLE OF CONTENTS
BEGINNING
PAGE
PART I
FINANCIAL INFORMATION
ITEM 1.
Financial Statements
3
Index to Financial Statements:
Consolidated Statement of Income (Loss)
3
Consolidated Statement of Comprehensive Income (Loss)
4
Consolidated Balance Sheet
5
Consolidated Statement of Cash Flows
6
Notes to Consolidated Financial Statements
7
Note 1. Significant Accounting Policies
7
Note 2. Revenue
8
Note 3. Acquisitions and Divestitures
10
Note 4. Goodwill and Intangible Assets
11
Note 5. Restructuring Actions
12
Note 6. Supplemental Income (Loss) Statement Information
13
Note 7. Supplemental Equity and Comprehensive Income (Loss) Information
14
Note 8. Income Taxes
18
Note 9. Marketable Securities
18
Note 10. Long-Term Debt and Short-Term Borrowings
19
Note 11. Pension and Postretirement Benefit Plans
20
Note 12. Derivatives
21
Note 13. Fair Value Measurements
26
Note 14. Commitments and Contingencies
27
Note 15. Business Segments
52
ITEM 2.
Management’s Discussion and Analysis of Financial Condition and Results of Operations
54
Index to Management’s Discussion and Analysis:
Overview
54
Results of Operations
62
Performance by Business Segment
64
Financial Condition and Liquidity
70
Cautionary Note Concerning Factors That May Affect Future Results
75
ITEM 3.
Quantitative and Qualitative Disclosures About Market Risk
76
ITEM 4.
Controls and Procedures
76
PART II
OTHER INFORMATION
ITEM 1.
Legal Proceedings
77
ITEM 1A.
Risk Factors
77
ITEM 2.
Unregistered Sales of Equity Securities and Use of Proceeds
85
ITEM 3.
Defaults Upon Senior Securities
85
ITEM 4.
Mine Safety Disclosures
85
ITEM 5.
Other Information
85
ITEM 6.
Exhibits
86
2

[Page 3]
Table of Contents
3M COMPANY
FORM 10-Q
For the Quarterly Period Ended June 30, 2023
PART I. Financial Information
Item 1. Financial Statements.
3M Company and Subsidiaries
Consolidated Statement of Income (Loss)
(Unaudited)
Three months ended
June 30,
Six months ended
June 30,
(Millions, except per share amounts)
2023
2022
2023
2022
Net sales
$
8,325 
$
8,702 
$
16,356 
$
17,531 
Operating expenses
Cost of sales
4,606 
5,093 
9,219 
9,919 
Selling, general and administrative expenses
12,204 
3,023 
13,909 
4,905 
Research, development and related expenses
473 
476 
945 
956 
Total operating expenses
17,283 
8,592 
24,073 
15,780 
Operating income (loss)
(8,958)
110 
(7,717)
1,751 
Other expense (income), net
65 
50 
117 
88 
Income (loss) before income taxes
(9,023)
60 
(7,834)
1,663 
Provision (benefit) for income taxes
(2,184)
(23)
(1,974)
279 
Income (loss) of consolidated group
(6,839)
83 
(5,860)
1,384 
Income (loss) from unconsolidated subsidiaries, net of taxes
3 
(1)
5 
1 
Net income (loss) including noncontrolling interest
(6,836)
82 
(5,855)
1,385 
Less: Net income (loss) attributable to noncontrolling interest
5 
4 
10 
8 
Net income (loss) attributable to 3M
$
(6,841)
$
78 
$
(5,865)
$
1,377 
Weighted average 3M common shares outstanding — basic
553.9 
571.0 
553.3 
571.6 
Earnings (loss) per share attributable to 3M common shareholders — basic
$
(12.35)
$
0.14 
$
(10.60)
$
2.41 
Weighted average 3M common shares outstanding — diluted
553.9 
572.7 
553.3 
573.8 
Earnings (loss) per share attributable to 3M common shareholders — diluted
$
(12.35)
$
0.14 
$
(10.60)
$
2.40 
The accompanying Notes to Consolidated Financial Statements are an integral part of this statement.
3

CONTEXT 3 (3M_2023Q2_10Q.pdf):
will have continuous access to the commercial paper market. 3M’s commercial paper program permits the Company to have a maximum of $5 billion outstanding with a
maximum maturity of 397 days from date of issuance. The Company had $1.8 billion in commercial paper outstanding at June 30, 2023, compared to no commercial paper
outstanding as of December 31, 2022.
The strength of 3M’s credit profile and significant ongoing cash flows provide 3M proven access to capital markets. Additionally, the Company’s debt maturity profile is
staggered to help ensure refinancing needs in any given year are reasonable in proportion to the total portfolio. As of June 2023, 3M has a credit rating of A2, negative outlook
from Moody's Investors Service, and a credit rating of A-, CreditWatch negative from S&P Global Ratings.
The Company’s total debt at June 30, 2023 was consistent when compared to December 31, 2022 as maturities of $1.8 billion of fixed-rate notes were offset by issuances of
commercial paper of $1.8 billion. For discussion of repayments of and proceeds from debt refer to the following Cash Flows from Financing Activities section.
In July 2017, the United Kingdom’s Financial Conduct Authority announced that it would no longer require banks to submit rates for the London InterBank Offered Rate
(“LIBOR”) after 2021. In November 2020, the ICE Benchmark Administration (IBA), LIBOR’s administrator, proposed extending the publication of USD LIBOR through June
2023. Subsequently, in March of 2021, IBA ceased publication of certain LIBOR rates after December 31, 2021. USD LIBOR rates that did not cease on December 31, 2021
will continue to be published through June 30, 2023, and certain USD LIBOR rates subject to a synthetic methodology will continue to be published until September 2024. The
Company anticipates its debt securities, bank facilities, and derivative instruments that previously utilized LIBOR as the reference rate will transition to the Secured Overnight
Financing Rate, or SOFR, as a reference rate as necessary.
Effective February 8, 2023, the Company updated its “well-known seasoned issuer” (WKSI) shelf registration statement, which registers an indeterminate amount of debt or
equity securities for future issuance and sale. This replaced 3M’s previous shelf registration dated February 10, 2020. In May 2016, 3M entered into an amended and restated
distribution agreement relating to the future issuance and sale (from time to time) of the Company’s medium-term notes program (Series F), up to the aggregate principal
amount of $18 billion, which was an increase from the previous aggregate principal amount up to $9 billion of the same Series. As of June 30, 2023, the total amount of debt
issued as part of the medium-term notes program (Series F), inclusive of debt issued in February 2019 and prior years is approximately $17.6 billion (utilizing the foreign
exchange rates applicable at the time of issuance for the euro denominated debt). Information with respect to long-term debt issuances and maturities for the periods presented
is included in Note 10 of this Form 10-Q and Note 12 in 3M's 2022 Annual Report on Form 10-K.
In May 2023, 3M entered into a $4.25 billion five-year revolving credit facility expiring in 2028; the facility was amended in July 2023. The revolving credit agreement
includes a provision under which 3M may request an increase of up to $1.0 billion (at lender’s discretion), bringing the total facility up to $5.25 billion. The agreement replaced
the amended and restated $3.0 billion, five-year revolving credit agreement and the $1.25 billion 364-day credit facility that would have expired in November 2024 and
November 2023, respectively. The credit facility was undrawn at June 30, 2023. Under the $4.25 billion credit facility, the Company is required to maintain its EBITDA to

CONTEXT 4 (3M_2023Q2_10Q.pdf):
the securities may have the right to prepay obligations without prepayment penalties.
(Millions)
 
June 30, 2023
Due in one year or less
$
56 
Due after one year through five years
15 
Due after five years through ten years
8 
Total marketable securities
$
79 
18
[Page 19]
Table of Contents
NOTE 10. Long-Term Debt and Short-Term Borrowings
In February 2023, 3M repaid $500 million aggregate principal amount of fixed-rate registered notes that matured. In March 2023, 3M repaid $650 million aggregate principal
amount of fixed-rate medium-term notes that matured. In May 2023, 3M repaid 600 million euros aggregate principal amount of fixed-rate medium-term notes that matured.
2022 issuances, maturities, and extinguishments of short- and long-term debt are described in Note 12 to the Consolidated Financial Statements in 3M's 2022 Annual Report on
Form 10-K.
The Company had $1.8 billion in commercial paper outstanding at June 30, 2023, compared to no commercial paper outstanding as of December 31, 2022.
In May 2023, 3M entered into a $4.25 billion five-year revolving credit facility expiring in 2028; the facility was amended in July 2023. The revolving credit agreement
includes a provision under which 3M may request an increase of up to $1.0 billion (at lender’s discretion), bringing the total facility up to $5.25 billion. The agreement replaced
the amended and restated $3.0 billion, five-year revolving credit agreement and the $1.25 billion 364-day credit facility that would have expired in November 2024 and
November 2023, respectively. The credit facility was undrawn at June 30, 2023. Under the $4.25 billion credit facility, the Company is required to maintain its EBITDA to
Interest Ratio as of the end of each fiscal quarter at not less than 3.0 to 1. This is calculated (based on amounts defined in the amended agreement) as the ratio of consolidated
total EBITDA for the four consecutive quarters then ended to total interest expense on all funded debt for the same period. At June 30, 2023, this ratio, reflecting the July 2023
amendment, was approximately 17 to 1. Debt covenants do not restrict the payment of dividends.
Future Maturities of Long-term Debt
Maturities of long-term debt in the table below reflect the impact of put provisions associated with certain debt instruments and are net of the unamortized debt issue costs such
that total maturities equal the carrying value of long-term debt as of June 30, 2023. The maturities of long-term debt for the periods subsequent to June 30, 2023 are as follows
(in millions):
Remainder of
2023
2024
2025
2026
2027
2028
After 2028
Total
$
149
$
1,100
$
1,866
$
1,458
$
846
$
722
$
8,062
$
14,203
19

CONTEXT 5 (3M_2023Q2_10Q.pdf):
$
(12.35)
$
0.14 
$
(10.60)
$
2.41 
Weighted average 3M common shares outstanding — diluted
553.9 
572.7 
553.3 
573.8 
Earnings (loss) per share attributable to 3M common shareholders — diluted
$
(12.35)
$
0.14 
$
(10.60)
$
2.40 
The accompanying Notes to Consolidated Financial Statements are an integral part of this statement.
3
[Page 4]
Table of Contents
3M Company and Subsidiaries
Consolidated Statement of Comprehensive Income (Loss)
(Unaudited)
Three months ended
June 30,
Six months ended
June 30,
(Millions)
2023
2022
2023
2022
Net income (loss) including noncontrolling interest
$
(6,836)
$
82 
$
(5,855)
$
1,385 
Other comprehensive income (loss), net of tax:
Cumulative translation adjustment
25 
(705)
141 
(876)
Defined benefit pension and postretirement plans adjustment
50 
85 
101 
172 
Cash flow hedging instruments
23 
88 
(1)
87 
Total other comprehensive income (loss), net of tax
98 
(532)
241 
(617)
Comprehensive income (loss) including noncontrolling interest
(6,738)
(450)
(5,614)
768 
Comprehensive (income) loss attributable to noncontrolling interest
(6)
— 
(11)
(3)
Comprehensive income (loss) attributable to 3M
$
(6,744)
$
(450)
$
(5,625)
$
765 
The accompanying Notes to Consolidated Financial Statements are an integral part of this statement.
4

[Page 5]
Table of Contents
3M Company and Subsidiaries
Consolidated Balance Sheet
(Unaudited)
(Dollars in millions, except per share amount)
June 30, 2023
December 31, 2022
Assets
Current assets
Cash and cash equivalents
$
4,258 
$
3,655 
Marketable securities — current
56 
238 
Accounts receivable — net of allowances of $160 and $174
4,947 
4,532 
Inventories
Finished goods
2,526 
2,497 
Work in process
1,527 
1,606 
Raw materials and supplies
1,227 
1,269 
Total inventories
5,280 
5,372 
Prepaids
674 
435 
Other current assets
539 
456 
Total current assets
15,754 
14,688 
Property, plant and equipment
26,459 
25,998 
Less: Accumulated depreciation
(17,248)
(16,820)
Property, plant and equipment — net
9,211 
9,178 
Operating lease right of use assets
812 
829 
Goodwill
12,869 
12,790 
Intangible assets — net
4,470 
4,699 
Other assets
5,764 
4,271 
Total assets
$
48,880 
$
46,455 
Liabilities
Current liabilities
Short-term borrowings and current portion of long-term debt
$
3,033 
$
1,938 
Accounts payable
3,231 
3,183 
Accrued payroll
785 
692 
Accrued income taxes
172 
259 
Operating lease liabilities — current
244 
261 
Other current liabilities
3,471 
3,190 
Total current liabilities
10,936 
9,523 
Long-term debt
12,954 
14,001 
Pension and postretirement benefits
1,912 
1,966 
Operating lease liabilities
570 
580 
Other liabilities
14,651 
5,615 
Total liabilities
41,023 
31,685 
Commitments and contingencies (Note 14)
Equity
3M Company shareholders’ equity:
Common stock par value, $.01 par value; 944,033,056 shares issued
9 
9 
Shares outstanding - June 30, 2023: 551,992,430
Shares outstanding - December 31, 2022: 549,245,105
Additional paid-in capital
6,858 
6,691 
Retained earnings
40,290 
47,950 
Treasury stock, at cost:
(32,926)
(33,255)
Shares at June 30, 2023: 392,040,626
Shares at December 31, 2022: 394,787,951
Accumulated other comprehensive income (loss)
(6,433)
(6,673)
Total 3M Company shareholders’ equity
7,798 
14,722 
Noncontrolling interest
59 
48 
Total equity
7,857 
14,770 
Total liabilities and equity
$
48,880 
$
46,455 
The accompanying Notes to Consolidated Financial Statements are an integral part of this statement.
5

CONTEXT 6 (3M_2023Q2_10Q.pdf):
— 
1.7 
— 
2.2 
Denominator for weighted average 3M common shares outstanding – diluted
553.9 
572.7 
553.3 
573.8 
Earnings (loss) per share attributable to 3M common shareholders — basic
$
(12.35)
$
0.14 
$
(10.60)
$
2.41 
Earnings (loss) per share attributable to 3M common shareholders — diluted
$
(12.35)
$
0.14 
$
(10.60)
$
2.40 
7
[Page 8]
Table of Contents
Supplier Finance Program Obligations
Under supplier finance programs, 3M agrees to pay participating banks the stated amount of confirmed invoices from its designated suppliers on the original maturity dates of
the invoices, generally within 90 days of the invoice date. 3M or the banks may terminate the agreements with advance notice. Separately, the banks may have arrangements
with the suppliers that provide them the option to request early payment from the banks for invoices confirmed by 3M. 3M's outstanding balances of confirmed invoices in the
programs as of June 30, 2023 and December 31, 2022 were approximately $290 million and $260 million, respectively. These amounts are included within accounts payable on
3M's consolidated balance sheet.
New Accounting Pronouncements
Refer to Note 1 to the Consolidated Financial Statements in 3M’s 2022 Annual Report on Form 10-K for a discussion of applicable standards issued and not yet adopted by 3M.
NOTE 2. Revenue
Contract Balances:
Deferred revenue primarily relates to revenue that is recognized over time for one-year software license contracts. Deferred revenue (current portion) as of June 30, 2023 and
December 31, 2022 was $521 million and $538 million, respectively. Approximately $150 million and $350 million of the December 31, 2022 balance was recognized as
revenue during the three and six months ended June 30, 2023, respectively, while approximately $140 million and $340 million of the December 31, 2021 balance was
recognized as revenue during the three and six months ended June 30, 2022, respectively.
Operating Lease Revenue:
Net sales includes rental revenue from durable medical devices as part of operating lease arrangements (reported within the Medical Solutions Division), which was $146
million and $285 million during the three and six months ended June 30, 2023, respectively, and $148 million and $284 million during the three and six months ended June 30,
2022, respectively.
8

CONTEXT 7 (3M_2023Q2_10Q.pdf):
[Table — page 5]
Assets |  |  |  |  |  | 
Current assets |  |  |  |  |  | 
Cash and cash equivalents |  | $ | 4,258 |  | $ | 3,655
Marketable securities — current |  | 56 |  |  | 238 | 
Accounts receivable — net of allowances of $160 and $174 |  | 4,947 |  |  | 4,532 | 
Inventories |  |  |  |  |  | 
Finished goods |  | 2,526 |  |  | 2,497 | 
Work in process |  | 1,527 |  |  | 1,606 | 
Raw materials and supplies |  | 1,227 |  |  | 1,269 | 
Total inventories |  | 5,280 |  |  | 5,372 | 
Prepaids |  | 674 |  |  | 435 | 
Other current assets |  | 539 |  |  | 456 | 
Total current assets |  | 15,754 |  |  | 14,688 | 
Property, plant and equipment |  | 26,459 |  |  | 25,998 | 
Less: Accumulated depreciation |  | (17,248) |  |  | (16,820) | 
Property, plant and equipment — net |  | 9,211 |  |  | 9,178 | 
Operating lease right of use assets |  | 812 |  |  | 829 | 
Goodwill |  | 12,869 |  |  | 12,790 | 
Intangible assets — net |  | 4,470 |  |  | 4,699 | 
Other assets |  | 5,764 |  |  | 4,271 | 
Total assets |  | $ | 48,880 |  | $ | 46,455
Liabilities |  |  |  |  |  | 
Current liabilities |  |  |  |  |  | 
Short-term borrowings and current portion of long-term debt |  | $ | 3,033 |  | $ | 1,938
Accounts payable |  | 3,231 |  |  | 3,183 | 
Accrued payroll |  | 785 |  |  | 692 | 
Accrued income taxes |  | 172 |  |  | 259 | 
Operating lease liabilities — current |  | 244 |  |  | 261 | 
Other current liabilities |  | 3,471 |  |  | 3,190 | 
Total current liabilities |  | 10,936 |  |  | 9,523 | 
Long-term debt |  | 12,954 |  |  | 14,001 | 
Pension and postretirement benefits |  | 1,912 |  |  | 1,966 | 
Operating lease liabilities |  | 570 |  |  | 580 | 
Other liabilities |  | 14,651 |  |  | 5,615 | 
Total liabilities |  | 41,023 |  |  | 31,685 | 
Commitments and contingencies (Note 14) |  |  |  |  |  | 
Equity |  |  |  |  |  | 
3M Company shareholders’ equity: |  |  |  |  |  | 
Common stock par value, $.01 par value; 944,033,056 shares issued |  | 9 |  |  | 9 | 
Shares outstanding - June 30, 2023: 551,992,430 |  |  |  |  |  | 
Shares outstanding - December 31, 2022: 549,245,105 |  |  |  |  |  | 
Additional paid-in capital |  | 6,858 |  |  | 6,691 | 
Retained earnings |  | 40,290 |  |  | 47,950 | 
Treasury stock, at cost: |  | (32,926) |  |  | (33,255) | 
Shares at June 30, 2023: 392,040,626 |  |  |  |  |  | 
Shares at December 31, 2022: 394,787,951 |  |  |  |  |  | 
Accumulated other comprehensive income (loss) |  | (6,433) |  |  | (6,673) | 
Total 3M Company shareholders’ equity |  | 7,798 |  |  | 14,722 | 
Noncontrolling interest |  | 59 |  |  | 48 | 
Total equity |  | 7,857 |  |  | 14,770 | 
Total liabilities and equity |  | $ | 48,880 |  | $ | 46,455

CONTEXT 8 (3M_2023Q2_10Q.pdf):
subsequent to initial recognition. For 3M, such measurements of fair value relate primarily to indefinite-lived and long-lived asset impairments, goodwill impairments, and
adjustment in carrying value of equity securities for which the measurement alternative of cost less impairment plus or minus observable price changes is used. There were no
Consolidated Financial Statements in 3M's 2022 Annual Report on Form 10-K, in the third quarter of 2022, management committed to a plan to exit and dispose of net assets in
Russia through an intended sale of related subsidiaries and, as a result, recorded this held-for-sale disposal group at the lower of its fair value less cost to sell or carrying
amount. In determining the carrying amount, the balance of cumulative translation adjustment within accumulated other comprehensive loss that would be eliminated upon sale
was included and a current liability of approximately $50 million was recorded largely representing a reserve against the balance of cumulative translation adjustment. In the
second quarter of 2023, 3M closed on the sale of these subsidiaries, resulting in an immaterial gain after reversing this reserve while reclassifying the balance of cumulative
translation adjustment into earnings.
Fair Value of Financial Instruments:
The Company’s financial instruments include cash and cash equivalents, marketable securities, accounts receivable, certain investments, accounts payable, borrowings, and
derivative contracts. The fair values of cash equivalents, accounts receivable, accounts payable, and short-term borrowings and current portion of long-term debt approximated
carrying values because of the short-term nature of these instruments. Available-for-sale marketable securities, in addition to certain derivative instruments, are recorded at fair
values as indicated in the preceding disclosures. To estimate fair values (classified as level 2) for its long-term debt, the Company utilized third-party quotes, which are derived
all or in part from model prices, external sources, market prices, or the third-party’s internal records. Information with respect to the carrying amounts and estimated fair values
of these financial instruments follow:
June 30, 2023
December 31, 2022
(Millions)
Carrying Value
Fair Value
Carrying Value
Fair Value
Long-term debt, excluding current portion
$
12,954 
$
11,471 
$
14,001 
$
12,484 
The fair values reflected in the sections above consider the terms of the related debt absent the impacts of derivative/hedging activity. The carrying amount of long-term debt
referenced above is impacted by certain fixed-to-floating interest rate swaps that are designated as fair value hedges and by the designation of certain fixed rate Eurobond
securities issued by the Company as hedging instruments of the Company’s net investment in its European subsidiaries.
NOTE 14. Commitments and Contingencies
Legal Proceedings:
The Company and some of its subsidiaries are involved in numerous claims and lawsuits, principally in the United States, and regulatory proceedings worldwide. These claims,
lawsuits and proceedings relate to matters including, but not limited to, products liability (involving products that the Company now or formerly manufactured and sold),
intellectual property, commercial, antitrust, federal healthcare program related laws and regulations, such as the False Claims Act and anti-kickback laws, securities, and
environmental laws in the United States and other jurisdictions. Unless otherwise stated, the Company is vigorously defending all such litigation and proceedings. From time to
time, the Company also receives subpoenas, investigative demands or requests for information from various government agencies in the United States and foreign countries.
The Company generally responds in a cooperative, thorough and timely manner. These responses sometimes require time and effort and can result in considerable costs being

ANSWER:
Based on the provided document, the debt securities registered to trade on a national securities exchange (specifically the New York Stock Exchange) as of the quarterly period ended June 30, 2023, are:

*   **1.500% Notes due 2026** (Trading Symbol: MMM26)
*   **1.750% Notes due 2030** (Trading Symbol: MMM30)
*   **1.500% Notes due 2031** (Trading Symbol: MMM31)

GOLD:
Following debt securities registered under 3M's name are listed to trade on the New York Stock Exchange:
-1.500% Notes due 2026 (Trading Symbol: MMM26)
-1.750% Notes due 2030 (Trading Symbol: MMM30)
-1.500% Notes due 2031 (Trading Symbol: MMM31)

================================================================================
[8/10]

QUESTION:
Does 3M maintain a stable trend of dividend distribution?

CONTEXT 1 (3M_2022_10K.pdf):
[Table — page 57]
Numerator: |  |  |  |  |  |  |  |  | 
Net income attributable to 3M |  | $ | 5,777 |  | $ | 5,921 |  | $ | 5,449
 |  |  |  |  |  |  |  |  | 
Denominator: |  |  |  |  |  |  |  |  | 
Denominator for weighted average 3M common shares outstanding – basic |  | 566.0 |  |  | 579.0 |  |  | 577.6 | 
Dilution associated with the Company’s stock-based compensation plans |  | 1.6 |  |  | 6.3 |  |  | 4.6 | 
Denominator for weighted average 3M common shares outstanding – diluted |  | 567.6 |  |  | 585.3 |  |  | 582.2 | 
 |  |  |  |  |  |  |  |  | 
Earnings per share attributable to 3M common shareholders – basic |  | $ | 10.21 |  | $ | 10.23 |  | $ | 9.43
Earnings per share attributable to 3M common shareholders – diluted |  | $ | 10.18 |  | $ | 10.12 |  | $ | 9.36

CONTEXT 2 (3M_2022_10K.pdf):
[Table — page 48]
Net sales |  | $ | 34,229 |  | $ | 35,355 |  | $ | 32,184
 |  |  |  |  |  |  |  |  | 
Operating expenses |  |  |  |  |  |  |  |  | 
Cost of sales |  | 19,232 |  |  | 18,795 |  |  | 16,605 | 
Selling, general and administrative expenses |  | 9,049 |  |  | 7,197 |  |  | 6,929 | 
Research, development and related expenses |  | 1,862 |  |  | 1,994 |  |  | 1,878 | 
Gain on business divestitures |  | (2,724) |  |  | — |  |  | (389) | 
Goodwill impairment expense |  | 271 |  |  | — |  |  | — | 
Total operating expenses |  | 27,690 |  |  | 27,986 |  |  | 25,023 | 
Operating income |  | 6,539 |  |  | 7,369 |  |  | 7,161 | 
 |  |  |  |  |  |  |  |  | 
Other expense (income), net |  | 147 |  |  | 165 |  |  | 366 | 
 |  |  |  |  |  |  |  |  | 
Income before income taxes |  | 6,392 |  |  | 7,204 |  |  | 6,795 | 
Provision for income taxes |  | 612 |  |  | 1,285 |  |  | 1,337 | 
Income of consolidated group |  | 5,780 |  |  | 5,919 |  |  | 5,458 | 
 |  |  |  |  |  |  |  |  | 
Income (loss) from unconsolidated subsidiaries, net of taxes |  | 11 |  |  | 10 |  |  | (5) | 
Net income including noncontrolling interest |  | 5,791 |  |  | 5,929 |  |  | 5,453 | 
 |  |  |  |  |  |  |  |  | 
Less: Net income (loss) attributable to noncontrolling interest |  | 14 |  |  | 8 |  |  | 4 | 
 |  |  |  |  |  |  |  |  | 
Net income attributable to 3M |  | $ | 5,777 |  | $ | 5,921 |  | $ | 5,449
 |  |  |  |  |  |  |  |  | 
Weighted average 3M common shares outstanding — basic |  | 566.0 |  |  | 579.0 |  |  | 577.6 | 
Earnings per share attributable to 3M common shareholders — basic |  | $ | 10.21 |  | $ | 10.23 |  | $ | 9.43
 |  |  |  |  |  |  |  |  | 
Weighted average 3M common shares outstanding — diluted |  | 567.6 |  |  | 585.3 |  |  | 582.2 | 
Earnings per share attributable to 3M common shareholders — diluted |  | $ | 10.18 |  | $ | 10.12 |  | $ | 9.36

CONTEXT 3 (3M_2018_10K.pdf):
Company’s consolidated results of operations and financial condition. Prior periods have not been restated.
 
Cash dividends declared and paid totaled $1.36 and $1.175 per share for each quarter in 2018 and 2017, respectively. 3M typically declares and pays
dividends in the same quarter. In December 2014, 3M declared dividends that were paid in the following first quarter.
14
[Page 15]
Table of Contents 
 
Item 7. Management’s  Discussion and Analysis of Financial Condition and Results of Operations.
 
Management’s Discussion and Analysis of Financial Condition and Results of Operations (MD&A) is designed to provide a reader of 3M’s financial
statements with a narrative from the perspective of management. 3M’s MD&A is presented in eight sections:
 
·
Overview
·
Results of Operations
·
Performance by Business Segment
·
Performance by Geographic Area
·
Critical Accounting Estimates
·
New Accounting Pronouncements
·
Financial Condition and Liquidity
·
Financial Instruments
 
Forward-looking statements in Item 7 may involve risks and uncertainties that could cause results to differ materially from those projected (refer to the
section entitled “Cautionary Note Concerning Factors That May Affect Future Results” in Item 1 and the risk factors provided in Item 1A for discussion of
these risks and uncertainties).
 
OVERVI EW
 
3M is a diversified global manufacturer, technology innovator and marketer of a wide variety of products and services. As described in Note 18,  effective
in the first quarter of 2018, 3M improved the alignment of its businesses around markets and customers. Segment information presented herein reflects the
impact of these changes for all periods presented. 3M manages its operations in five operating business segments: Industrial; Safety and Graphics; Health
Care; Electronics and Energy; and Consumer. From a geographic perspective, any references to EMEA refer to Europe, Middle East and Africa on a
combined basis.
 
Earnings per share (EPS) attributable to 3M common shareholders – diluted:
 
The following table provides the increase (decrease) in diluted earnings per share for the fourth quarter and year 2018 compared to the same period last
year, in addition to 2017 compared to 2016.
 
 
 
Three months ended 
 
Year ended  December 31,
 
(Earnings per diluted share)
    
December 31, 2018
    
2018
 
2017
 
Same period last year
 
$
0.85  
$
7.93  
$
8.16  
2017 Enactment of TCJA Impact
 
 
1.25  
 
1.24  
 
 —  
Same period last year, excluding 2017 Tax Cuts and Jobs Act (TCJA)
 
$
2.10  
$
9.17  
$
8.16  
Increase/(decrease) in earnings per share - diluted, due to:
 
 
 
 
  
 
  
 
2017 divestiture of identity management business
 
 
 —  
 
(0.54) 
 
0.54  
Organic growth/productivity and other
 
 
0.18  
 
0.92  
 
0.47  
Acquisitions/other divestiture gains
 
 
(0.15) 
 
(0.15) 
 
 —  
Foreign exchange impacts
 
 
(0.03) 
 
(0.05) 
 
(0.13) 
Legal-related charges
 
 
 —  
 
(0.04) 
 
 —  
Legal - respirator mask actuarial reserve
 
 
 —  
 
 —  
 
(0.07) 
Other expense
 
 
0.06  
 
(0.14) 
 
(0.22) 
Income tax rate, excluding Tax Cuts and Jobs Act (TCJA) measurement
period adjustment
 
 
0.05  
 
0.61  
 
0.34  
Shares of common stock outstanding
 
 
0.08  
 
0.18  
 
0.08  
2018 divestiture of Communication Markets Division, net of related
restructuring actions
 
 
0.02  
 
0.50  
 
 —  
Current period, excluding MN Natural Resource Damages (NRD)
resolution and TCJA measurement period adjustment
 
$
2.31  
$
10.46  
$
9.17  
TCJA measurement period adjustment
 
 
0.07  
 
(0.29) 
 
(1.24) 
MN NRD resolution
 
 
(0.11) 
 
(1.28) 
 
 —  
Current period
 
$
2.27  
$
8.89
 $
7.93  
15

[Page 16]
Table of Contents 
 
Year 2018 and fourth quarter EPS:
 
For the fourth quarter of 2018, net income attributable to 3M was $1.347 billion, or $2.27 per diluted share, compared to $523 million, or $0.85 per diluted

CONTEXT 4 (3M_2023Q2_10Q.pdf):
[Table — page 7]
Numerator: |  |  |  |  |  |  |  |  |  |  |  | 
Net income (loss) attributable to 3M |  | $ | (6,841) |  | $ | 78 |  | $ | (5,865) |  | $ | 1,377
 |  |  |  |  |  |  |  |  |  |  |  | 
Denominator: |  |  |  |  |  |  |  |  |  |  |  | 
Denominator for weighted average 3M common shares outstanding – basic |  | 553.9 |  |  | 571.0 |  |  | 553.3 |  |  | 571.6 | 
Dilution associated with the Company’s stock-based compensation plans |  | — |  |  | 1.7 |  |  | — |  |  | 2.2 | 
Denominator for weighted average 3M common shares outstanding – diluted |  | 553.9 |  |  | 572.7 |  |  | 553.3 |  |  | 573.8 | 
 |  |  |  |  |  |  |  |  |  |  |  | 
Earnings (loss) per share attributable to 3M common shareholders — basic |  | $ | (12.35) |  | $ | 0.14 |  | $ | (10.60) |  | $ | 2.41
Earnings (loss) per share attributable to 3M common shareholders — diluted |  | $ | (12.35) |  | $ | 0.14 |  | $ | (10.60) |  | $ | 2.40

CONTEXT 5 (3M_2022_10K.pdf):
opportunities
• Personal safety
• Connected bodyshop
• Grid modernization
• Robotics and automation
• Automotive/mobility
• Electronic materials
• Semiconductor
• Graphic and architectural films
• Wound care
• Healthcare IT
• Biopharma filtration
• Home improvement
• Consumer safety & well-being
• Package protection & shipping
• Appearance auto care
Distribution
distributors and dealers in a wide variety of trades in many countries around the world. Management believes the confidence of wholesalers, retailers, jobbers, distributors and
dealers in 3M and its products — a confidence developed through long association with skilled marketing and sales representatives — has contributed significantly to 3M’s
position in the marketplace and to its growth.
5
[Page 6]
Table of Contents
Resources
Human Capital
On December 31, 2022, the Company employed approximately 92,000 people (full-time equivalents), with approximately 37,000 employed in the United States and 55,000
employed internationally. The ability to recruit, retain, develop, protect, and fairly compensate its global workforce are enablers of 3M’s success. This includes four general
categories of focus: Health and Safety; Development; Diversity, Equity and Inclusion; and Compensation and Benefits.
Health and Safety
3M is committed to the safety, health, and well-being of its employees. The Company continuously evaluates opportunities to raise safety and health standards, visiting sites to
identify and manage environmental health and safety risks; evaluating compliance with regulatory requirements and 3M policy; and maintaining a global security operation for
the protection of facilities and people on 3M sites. 3M also promotes a culture of health and well-being through disease prevention programs, on-site clinical services, employee
assistance programs, and comprehensive health care benefits.
Development
Developing employees contributes to growing 3M’s business. 3M maintains talent and succession planning processes, including regular review by the Company’s chief
executive officer (CEO) and reporting up through the Board of Directors. The Company has a suite of high-potential leadership development programs which brings a
consistent approach to leadership development. 3M also has development programs for managers and supervisors and provides learning opportunities for all employees, in
addition to regular coaching and support from their supervisor. With the Company’s global online employee learning platform, employees are able to access unique, just-in-time
development resources in over 15 languages to support their career aspirations and advance their skills.
Diversity, Equity and Inclusion
A diverse, global workforce and inclusive culture that provides fair and equitable opportunities helps 3M remain competitive, advance its innovation culture, and serve
customers. 3M focuses on attracting and advancing top talent and has publicly committed to advance global diversity in management across all dimensions, with additional
specific goals to continue advancing pay equity and to increase the Company’s diversity with underrepresented groups. 3M supports these values with an internal CEO
Inclusion Council, a forum led by senior management to advance diversity, equity, and inclusion initiatives. The Company also plans to invest $50 million over 2020 to 2025 to
address racial opportunity gaps through workforce development initiatives in the communities in which its employees live and 3M business operates.
Compensation and Benefits
3M has a trust-based approach to work that empowers employees to work where and when they can best achieve their goals, which supports attraction and retention of talent
around the globe. In addition to a professional and flexible work environment that promotes innovation, well-being, and rewards performance, 3M’s total compensation for

CONTEXT 6 (3M_2023Q2_10Q.pdf):
includes a provision under which 3M may request an increase of up to $1.0 billion (at lender’s discretion), bringing the total facility up to $5.25 billion. The agreement replaced
the amended and restated $3.0 billion, five-year revolving credit agreement and the $1.25 billion 364-day credit facility that would have expired in November 2024 and
Interest Ratio as of the end of each fiscal quarter at not less than 3.0 to 1. This is calculated (based on amounts defined in the amended agreement) as the ratio of consolidated
total EBITDA for the four consecutive quarters then ended to total interest expense on all funded debt for the same period. At June 30, 2023, this ratio, reflecting the July 2023
amendment, was approximately 17 to 1. Debt covenants do not restrict the payment of dividends.
70

CONTEXT 7 (3M_2022_10K.pdf):
total sales increased 15 percent which included increased organic sales of 12 percent. In the Asia Pacific geographic area, China total sales decreased 6 percent which
included decreased organic sales of 3 percent. In Japan, total sales decreased 12 percent which included increased organic sales of 2 percent.
•
increased 18 percent which included increased organic sales of 16 percent. In Canada, total sales increased 18 percent which included increased organic sales of 11
percent. In Brazil, total sales increased 18 percent which included increased organic sales of 22 percent. In the Asia Pacific geographic area, China total sales increased 17
percent which included increased organic sales of 11 percent. In Japan, total sales were flat which included increased organic sales of 2 percent.
Managing currency risks:
The stronger U.S. dollar had a negative impact on sales in full year 2022 compared to the same periods last year. Net of the Company’s hedging strategy, foreign currency
negatively impacted earnings in full year 2022 compared to the same period last year. 3M utilizes a number of tools to manage currency risk related to earnings including natural
hedges such as pricing, productivity, hard currency, hard currency-indexed billings, and localizing source of supply. 3M also uses financial hedges to mitigate currency risk. In
the case of more liquid currencies, 3M hedges a portion of its aggregate exposure, using a 12, 24 or 36 month horizon, depending on the currency in question. For less liquid
currencies, financial hedging is frequently more expensive with more limitations on tenor. Thus, this risk is largely managed via local operational actions using natural hedging
tools as discussed above. In either case, 3M’s hedging approach is designed to mitigate a portion of foreign currency risk and reduce volatility, ultimately allowing time for
3M’s businesses to respond to changes in the marketplace.
Financial condition:
Refer to the section entitled “Financial Condition and Liquidity” later in MD&A for a discussion of items impacting cash flows.
In November 2018, 3M’s Board of Directors replaced the Company’s February 2016 repurchase program with a new repurchase program. This new program authorizes the
repurchase of up to $10 billion of 3M’s outstanding common stock, with no pre-established end date. In 2022, the Company purchased $1.5 billion of its own stock, compared
to $2.2 billion of stock purchases in 2021. As of December 31, 2022, approximately $4.2 billion remained available under the authorization. In February 2023, 3M’s Board of
Directors declared a first-quarter 2023 dividend of $1.50 per share, an increase of 1 percent. This marked the 65th consecutive year of dividend increases for 3M.
Raw materials:
Refer to the section entitled “Raw materials” in Item 1 for discussion of 3M's sources and availability of raw materials in 2022.
Pension and postretirement defined benefit/contribution plans:
On a worldwide basis, 3M’s pension and postretirement plans were 96 percent funded at year-end 2022. The primary U.S. qualified pension plan, which is approximately 70
percent of the worldwide pension obligation, was 97 percent funded and the international pension plans were 116 percent funded. The U.S. non-qualified pension plan is not
funded due to tax considerations and other factors. Asset returns in 2022 for the primary U.S. qualified pension plan were -17.4 percent, as 3M strategically invests in both
growth assets and fixed income matching assets to manage its funded status. For the primary U.S. qualified pension plan, the expected long-term rate of return on an annualized
basis for 2023 is 7.5 percent. The primary U.S. qualified pension plan year-end 2022 discount rate was 5.18%, up 2.29 percentage points from the year-end 2021 discount rate

CONTEXT 8 (3M_2022_10K.pdf):
[Page 40]
3M invests in renewal and maintenance programs, which pertain to cost reduction, cycle time, maintaining and renewing current capacity, eliminating pollution, and
compliance. Costs related to maintenance, ordinary repairs, and certain other items are expensed. 3M also invests in growth, which adds to capacity, driven by new products,
both through expansion of current facilities and new facilities. Finally, 3M also invests in other initiatives, such as information technology (IT), laboratory facilities, and a
continued focus on investments in sustainability.
Refer to Note 3 for information on acquisitions and divestitures (including the cash payment from the Food Safety business split-off). The Company is actively considering
additional acquisitions, investments and strategic alliances, and from time to time may also divest certain businesses.
Purchases of marketable securities and investments and proceeds from maturities and sale of marketable securities and investments are primarily attributable to certificates of
deposit/time deposits, commercial paper, and other securities, which are classified as available-for-sale. Refer to Note 11 for more details about 3M’s diversified marketable
securities portfolio. Purchases of investments include additional survivor benefit insurance, plus investments in equity securities.
Cash Flows from Financing Activities:
Year ended December 31, (Millions)
2022
2021
Change in short-term debt — net
$
340 $
(2)
Repayment of debt (maturities greater than 90 days)
(1,179)
(1,144)
Proceeds from debt (maturities greater than 90 days)
1 
1 
Total cash change in debt
(838)
(1,145)
Purchases of treasury stock
(1,464)
(2,199)
Proceeds from issuances of treasury stock pursuant to stock option and benefit plans
381 
639 
Dividends paid to shareholders
(3,369)
(3,420)
Other — net
(60)
(20)
Net cash provided by (used in) financing activities
$
(5,350) $
(6,145)
2022 Debt Activity:
Total debt was approximately $15.9 billion at December 31, 2022 and $17.4 billion at December 31, 2021. Decreases in debt were largely due to the repayments of 500 million
euros and $600 million aggregate principal amounts of fixed-rate medium-term notes in February 2022 and June 2022, respectively. The Company had no commercial paper
outstanding at December 31, 2022 and 2021. In conjunction with the Food Safety Division split-off transaction and combination with Neogen (discussed in Note 3), the
associated non-cash debt-for-debt exchange in the third quarter of 2022 reduced then-outstanding 3M commercial paper indebtedness of $350 million (borrowed earlier in the
year) which became new term-debt obligations of Neogen. Net commercial paper issuances in addition to repayments and borrowings by international subsidiaries are largely
reflected in “Change in short-term debt – net” in the preceding table. 3M’s primary short-term liquidity needs are met through cash on hand and U.S. commercial paper
issuances. Refer to Note 12 for more detail regarding debt.
2021 Debt Activity:
Decreases in debt were largely due to the March 2021 early redemption of $450 million in debt maturing in 2022 via make-whole call offers and the November 2021 repayment
of 600 million euros aggregate principal amount of Eurobonds that matured. The Company had no commercial paper outstanding at December 31, 2021 and December 31,
2020. Net commercial paper issuances in addition to repayments and borrowings by international subsidiaries are largely reflected in “Change in short-term debt – net” in the
preceding table.
Repurchases of Common Stock:
Repurchases of common stock are made to support the Company’s stock-based employee compensation plans and for other corporate purposes. In 2022, the Company
purchased $1,464 million of its own stock. For more information, refer to the table titled “Issuer Purchases of Equity Securities” in Part II, Item 5. The Company does not

ANSWER:
Yes, 3M maintains a stable trend of dividend distribution. According to the documents, as of February 2023, 3M marked its "65th consecutive year of dividend increases."

Specific dividend figures and details from the context include:
*   **2017:** Cash dividends declared and paid totaled $1.175 per share for each quarter.
*   **2018:** Cash dividends declared and paid totaled $1.36 per share for each quarter.
*   **2021:** Total dividends paid to shareholders were $3,420 million.
*   **2022:** Total dividends paid to shareholders were $3,369 million.
*   **2023 (First-quarter):** 3M’s Board of Directors declared a dividend of $1.50 per share, which was an "increase of 1 percent."

The company "typically declares and pays dividends in the same quarter" and notes that its "debt covenants do not restrict the payment of dividends."

GOLD:
Yes, not only they distribute the dividends on a routine basis, 3M has also been increasing the per share dividend for consecutive 65 years

================================================================================
[9/10]

QUESTION:
What is the FY2019 fixed asset turnover ratio for Activision Blizzard? Fixed asset turnover ratio is defined as: FY2019 revenue / (average PP&E between FY2018 and FY2019). Round your answer to two decimal places. Base your judgments on the information provided primarily in the statement of income and the statement of financial position.

CONTEXT 1 (ACTIVISIONBLIZZARD_2019_10K.pdf):
[Page 1]
UNITED STATES
SECURITIES AND EXCHANGE COMMISSION
Washington, D.C. 20549
FORM 10-K
☒    ANNUAL REPORT PURSUANT TO SECTION 13 OR 15(d) OF THE SECURITIES EXCHANGE ACT OF 1934
For the Fiscal Year Ended December 31, 2019  
OR
☐TRANSITION REPORT PURSUANT TO SECTION 13 OR 15(d) OF THE SECURITIES EXCHANGE ACT OF 1934
For the transition period from                      to   
Commission File Number 1-15839
ACTIVISION BLIZZARD, INC.
(Exact name of registrant as specified in its charter)
Delaware
 
95-4803544
(State or other jurisdiction of incorporation or organization)
 
(I.R.S. Employer Identification No.)
3100 Ocean Park Boulevard
Santa Monica,
CA  
90405
(Address of principal executive offices)
 
(Zip Code)
(310) 255-2000
(Registrant’s telephone number, including area code)
Securities registered pursuant to Section 12(b) of the Act:
Title of each class
 
Trading Symbol(s)
 
Name of each exchange on which registered
Common Stock, par value $0.000001 per share
 
ATVI
 
The Nasdaq Global Select Market
Securities registered pursuant to Section 12(g) of the Act:
None
Indicate by check mark if the registrant is a well‑known seasoned issuer, as defined in Rule 405 of the Securities Act. Yes ☒  No ☐
Indicate by check mark if the registrant is not required to file reports pursuant to Section 13 or Section 15 (d) of the Act. Yes ☐ No ☒
Indicate by check mark whether the registrant:  (1) has filed all reports required to be filed by Section 13 or 15(d) of the Securities Exchange Act of 1934 during
the preceding 12 months (or for such shorter period that the registrant was required to file such reports), and (2) has been subject to such filing requirements for the past
90 days.  Yes ☒  No ☐
Indicate by check mark whether the registrant has submitted electronically every Interactive Data File required to be submitted pursuant to Rule 405 of Regulation
S-T (§ 232.405 of this chapter) during the preceding 12 months (or for such shorter period that the registrant was required to submit such files).  Yes ☒  No ☐
Indicate by check mark whether the registrant is a large accelerated filer, an accelerated filer, a non-accelerated filer, smaller reporting company, or an emerging
growth company. See the definitions of “large accelerated filer”, “accelerated filer”, “smaller reporting company”, and “emerging growth company” in Rule 12b-2 of
the Exchange Act.
Large Accelerated Filer ☒ 
Non-accelerated Filer
☐ 
Accelerated Filer
☐ 
Smaller reporting company
☐ 
Emerging growth company
☐
If an emerging growth company, indicate by check mark if the registrant has elected not to use the extended transition period for complying with any new or
revised financial accounting standards provided pursuant to Section 13(a) of the Exchange Act. ☐ 
Indicate by check mark whether the registrant is a shell company (as defined in Rule 12b-2 of the Exchange Act).  Yes ☐ No ☒
The aggregate market value of the registrant’s Common Stock held by non-affiliates on June 30, 2019 (based on the closing sale price as reported on the Nasdaq)
was $35,743,039,830.
The number of shares of the registrant’s Common Stock outstanding at February 20, 2020 was 769,221,524.
Documents Incorporated by Reference
Portions of the registrant’s definitive Proxy Statement, to be filed with the Securities and Exchange Commission with respect to the 2020 Annual Meeting of
Shareholders which is expected to be held on June 11, 2020, are incorporated by reference into Part III of this Annual Report.

CONTEXT 2 (ACTIVISIONBLIZZARD_2019_10K.pdf):
1,633
 
1,877  
1,151
Income tax expense
130
 
29  
878
Net income
$
1,503
 $
1,848  $
273
 
 
  
  
Earnings per common share
 
 
  
 
Basic
$
1.96
 $
2.43  $
0.36
Diluted
$
1.95
 $
2.40  $
0.36
 
 
  
  
Weighted-average number of shares outstanding
 
 
  
 
Basic
767
 
762  
754
Diluted
771
 
771  
766
The accompanying notes are an integral part of these Consolidated Financial Statements.
F-5
[Page 71]
Table of Contents
ACTIVISION BLIZZARD, INC. AND SUBSIDIARIES
CONSOLIDATED STATEMENTS OF COMPREHENSIVE INCOME
(Amounts in millions)
 
For the Years Ended December 31,
 
2019
 
2018
 
2017
Net income
$
1,503
 $
1,848  $
273
Other comprehensive income (loss):
 
 
  
 
Foreign currency translation adjustments, net of tax
5
 
(9)  
36
Unrealized gains (losses) on forward contracts designated as hedges, net of tax
(15)  
38  
(44)
Unrealized gains (losses) on investments, net of tax
(8)  
5  
(1)
Total other comprehensive income (loss)
$
(18)  $
34  $
(9)
Comprehensive income
$
1,485
 $
1,882  $
264
The accompanying notes are an integral part of these Consolidated Financial Statements.
F-6

CONTEXT 3 (ACTIVISIONBLIZZARD_2019_10K.pdf):
restricted stock units
—
 
—
 
—
 
—
 
164
 
—
 
—  
164
Dividends ($0.37 per common share)
—
 
—
 
—
 
—
 
—
 
(283)  
—  
(283)
Balance at December 31, 2019
1,197
 $
—
 
(429)  $ (5,563)  $
11,174
 $
7,813
 $
(619)  $
12,805
The accompanying notes are an integral part of these Consolidated Financial Statements.
F-7
[Page 73]
Table of Contents
ACTIVISION BLIZZARD, INC. AND SUBSIDIARIES
CONSOLIDATED STATEMENTS OF CASH FLOWS
(Amounts in millions)
 
For the Years Ended December 31,
 
2019
 
2018
 
2017
Cash flows from operating activities:
 
 
 
 
 
Net income
$
1,503
 $
1,848
 $
273
Adjustments to reconcile net income to net cash provided by operating activities:
 
 
 
 
 
Deferred income taxes
(352)  
(35)  
(181)
Provision for inventories
6
 
6
 
33
Non-cash operating lease cost
64
 
—
 
—
Depreciation and amortization
328
 
509
 
888
Amortization of capitalized software development costs and intellectual property licenses (1)
225
 
489
 
311
Loss on extinguishment of debt
—
 
40
 
12
Share-based compensation expense (2)
166
 
209
 
176
Unrealized gain on equity investment (Note 10)
(38)  
—
 
—
Other
51
 
7
 
40
Changes in operating assets and liabilities, net of effect from business acquisitions:
 
 
 
 
 
Accounts receivable, net
182
 
(114)  
(165)
Inventories
7
 
(5)  
(26)
Software development and intellectual property licenses
(275)  
(372)  
(301)
Other assets
164
 
(51)  
(97)
Deferred revenues
(154)  
(122)  
220
Accounts payable
31
 
(65)  
85
Accrued expenses and other liabilities
(77)  
(554)  
945
Net cash provided by operating activities
1,831
 
1,790
 
2,213
Cash flows from investing activities:
 
 
 
 
 
Proceeds from maturities of available-for-sale investments
153
 
116
 
80
Purchases of available-for-sale investments
(65)  
(209)  
(135)
Capital expenditures
(116)  
(131)  
(155)
Other investing activities
6
 
(6)  
3
Net cash used in investing activities
(22)  
(230)  
(207)
Cash flows from financing activities:
 
 
 
 
 
Proceeds from issuance of common stock to employees
105
 
99
 
178
Tax payment related to net share settlements on restricted stock units
(59)  
(94)  
(56)
Dividends paid
(283)  
(259)  
(226)
Proceeds from debt issuances, net of discounts
—
 
—
 
3,741
Repayment of long-term debt
—
 
(1,740)  
(4,251)
Premium payment for early redemption of note
—
 
(25)  
—
Other financing activities
—
 
(1)  
(10)
Net cash used in financing activities
(237)  
(2,020)  
(624)
Effect of foreign exchange rate changes on cash and cash equivalents
(3)  
(31)  
76
Net increase (decrease) in cash and cash equivalents and restricted cash
1,569
 
(491)  
1,458
Cash and cash equivalents and restricted cash at beginning of period
4,229
 
4,720
 
3,262
Cash and cash equivalents and restricted cash at end of period
$
5,798
 $
4,229
 $
4,720
(1)
Excludes deferral and amortization of share-based compensation expense.
(2)
Includes the net effects of capitalization, deferral, and amortization of share-based compensation expense.
The accompanying notes are an integral part of these Consolidated Financial Statements.
F-8

[Page 74]
Table of Contents
ACTIVISION BLIZZARD, INC. AND SUBSIDIARIES
Notes to Consolidated Financial Statements
1. Description of Business
Activision Blizzard, Inc. is a leading global developer and publisher of interactive entertainment content and services. We develop and distribute content and
services on video game consoles, personal computers (“PC”s), and mobile devices. We also operate esports leagues and offer digital advertising within our content. The
terms “Activision Blizzard,” the “Company,” “we,” “us,” and “our” are used to refer collectively to Activision Blizzard, Inc. and its subsidiaries.
The Company was originally incorporated in California in 1979 and was reincorporated in Delaware in December 1992. In connection with the 2008 business

CONTEXT 4 (ACTIVISIONBLIZZARD_2019_10K.pdf):
694
 
265  
434  
595
Net income
685
 
260  
402  
500
Basic earnings per common share
0.90
 
0.34  
0.53  
0.66
Diluted earnings per common share
0.89
 
0.34  
0.52  
0.65
(1) Quarterly financial data for the quarter ended December 31, 2018, as presented above, have been revised to reflect the correction of the tax error identified during
2019, as previously discussed in Note 2.
F-55
[Page 123]
Table of Contents
SCHEDULE II
ACTIVISION BLIZZARD, INC. AND SUBSIDIARIES
VALUATION AND QUALIFYING ACCOUNTS
(Amounts in millions)
Col. A Description
 
Col. B
Balance at
Beginning of
Period
 
Col. C
Additions(A)
 
Col. D
Deductions(B)
 
Col. E
Balance at End
of Period
At December 31, 2019
 
 
 
 
 
  
 
Allowances for sales returns and price protection and other allowances  $
186
 $
11
 $
(79)  $
118
Valuation allowance for deferred tax assets
 $
61
 $
127
 $
(7)  $
181
At December 31, 2018
 
 
 
 
 
  
Allowances for sales returns and price protection and other allowances  $
274
 $
24
 $
(112)  $
186
Valuation allowance for deferred tax assets
 $
—
 $
61
 $
—  $
61
At December 31, 2017
 
 
 
 
 
  
Allowances for sales returns and price protection and other allowances  $
257
 $
83
 $
(66)  $
274
(A) Includes increases and reversals of allowances for sales returns, price protection, and valuation allowance for deferred tax assets due to normal reserving terms.
(B) Includes actual write-offs and utilization of allowances for sales returns, price protection, and releases of income tax valuation allowances and foreign currency
translation and other adjustments.
F-56

[Page 124]
Table of Contents
EXHIBIT INDEX
    
Pursuant to the rules and regulations of the SEC, the Company has filed certain agreements as exhibits to this Annual Report on Form 10-K. These agreements
may contain representations and warranties by the parties. These representations and warranties have been made solely for the benefit of the other party or parties to
such agreements and (i) may have been qualified by disclosures made to such other party or parties, (ii) were made only as of the date of such agreements or such other
date(s) as may be specified in such agreements and are subject to more recent developments, which may not be fully reflected in the Company’s public disclosure,
(iii) may reflect the allocation of risk among the parties to such agreements and (iv) may apply materiality standards different from what may be viewed as material to
investors. Accordingly, these representations and warranties may not describe the Company’s actual state of affairs at the date hereof and should not be relied upon.
Exhibit Number
 
Exhibit
3.1
 
Third Amended and Restated Certificate of Incorporation of Activision Blizzard, Inc., dated June 5, 2014 (incorporated by reference to
Exhibit 3.1 of the Company’s Form 8-K, filed June 6, 2014).
3.2
 
Fourth Amended and Restated Bylaws of Activision Blizzard, Inc., adopted as of February 1, 2018 (incorporated by reference to Exhibit 3.1
of the Company’s Form 8-K/A, filed March 21, 2018).
4.1
 
Indenture, dated as of September 19, 2016, among Activision Blizzard, Inc., the guarantors named therein and Wells Fargo Bank, National
Association, as trustee, with respect to the Company’s 2.300% Unsecured Senior Notes due 2021 and the Company’s 3.400% Unsecured
Senior Notes due 2026 (incorporated by reference to Exhibit 4.1 of the Company’s Form 8-K, filed September 19, 2016).
4.2
 
Base Indenture, dated as of May 26, 2017, between Activision Blizzard, Inc. and Wells Fargo Bank, National Association, as trustee
(incorporated by reference to Exhibit 4.1 of the Company’s Form 8-K, filed May 26, 2017).
4.3
 
First Supplemental Indenture, dated as of May 26, 2017, between Activision Blizzard, Inc. and Wells Fargo Bank, National Association, as
trustee, with respect to the Company’s 2.600% Unsecured Senior Notes due 2022, the Company’s 3.400% Unsecured Senior Notes due

CONTEXT 5 (ACTIVISIONBLIZZARD_2019_10K.pdf):
Foreign Exchange Impact
Changes in foreign exchange rates had a negative impact of $150 million and a positive impact of $102 million on Activision Blizzard’s consolidated net
revenues in 2019 and 2018, respectively, as compared to the same periods in the previous year. The changes are primarily due to changes in the value of the U.S. dollar
relative to the euro and the British pound.
39
[Page 40]
Table of Contents
Operating Segment Results
Currently, we have three reportable segments—Activision, Blizzard, and King. Our operating segments are consistent with the manner in which our operations
are reviewed and managed by our Chief Executive Officer, who is our chief operating decision maker (“CODM”). The CODM reviews segment performance exclusive
of: the impact of the change in deferred revenues and related cost of revenues with respect to certain of our online-enabled games; share-based compensation expense;
amortization of intangible assets as a result of purchase price accounting; fees and other expenses (including legal fees, expenses, and accruals) related to acquisitions,
associated integration activities, and financings; certain restructuring and related costs; and certain other non-cash charges. The CODM does not review any
information regarding total assets on an operating segment basis, and accordingly, no disclosure is made with respect thereto.
 
Our operating segments are also consistent with our internal organizational structure, the way we assess operating performance and allocate resources, and the
availability of separate financial information. We do not aggregate operating segments.
 
Information on the reportable segment net revenues and segment operating income are presented below (amounts in millions):
 
 
For the Year Ended December 31, 2019
 
Increase / (decrease) 2019 v 2018
 
 
Activision
 
Blizzard
 
King
 
Total
 
Activision
 
Blizzard
 
King
 
Total
Segment Revenues
  
  
  
  
  
  
  
  
Net revenues from external
customers
 $
2,219
 $
1,676
 $
2,031
 $
5,926
 $
(239)  $
(562)  $
(55)  $
(856)
Intersegment net revenues (1)
 
—
 
43
 
—
 
43
 
—
 
(10)  
—
 
(10)
Segment net revenues
 $
2,219
 $
1,719
 $
2,031
 $
5,969
 $
(239)  $
(572)  $
(55)  $
(866)
Segment operating income
 $
850
 $
464
 $
740
 $
2,054
 $
(161)  $
(221)  $
(10)  $
(392)
 
 
 
For the Year Ended December 31, 2018
  
 
 
Activision
 
Blizzard
 
King
 
Total
  
  
  
  
Segment Revenues
  
  
  
  
  
  
  
  
Net revenues from external
customers
 $
2,458
 $
2,238
 $
2,086
 $
6,782
 
 
 
 
Intersegment net revenues (1)
 
—
 
53
 
—
 
53
 
 
 
 
Segment net revenues
 $
2,458
 $
2,291
 $
2,086
 $
6,835
 
 
 
 
Segment operating income
 $
1,011
 $
685
 $
750
 $
2,446
 
 
 
 
(1) Intersegment revenues reflect licensing and service fees charged between segments.
40

CONTEXT 6 (ACTIVISIONBLIZZARD_2019_10K.pdf):
Reportable Segments
Based upon our organizational structure, we conduct our business through three reportable segments as follows:
(i) Activision Publishing, Inc.
Activision Publishing, Inc. (“Activision”) is a leading global developer and publisher of interactive software products and entertainment content, particularly for
to third-party or related-party companies that distribute Activision products. Activision develops, markets, and sells products primarily based on our internally
developed intellectual properties. Activision also includes the activities of the Call of Duty League, a global professional esports league with city-based teams for Call
of Duty®.
4
[Page 5]
Table of Contents
Activision’s key product franchise is Call of Duty, a first-person action title for the console and PC platforms and, following the October 1, 2019 launch of Call of
Duty: Mobile, the mobile platform, including for Google Inc.’s (“Google”) Android and Apple Inc.’s (“Apple”) iOS. Call of Duty has been the number one console
franchise globally for 10 of the last 11 years, based on data from The NPD Group, GfK Chart-Track, and GSD, and our internal estimates of upfront console sales.
Additionally, Call of Duty: Mobile installs exceeded 150 million, ending the fourth quarter of 2019 in the top-15 grossing games in U.S. app stores per App Annie
Intelligence and internal estimates.
(ii) Blizzard Entertainment, Inc.
Blizzard is a leading global developer and publisher of interactive software products and entertainment content, particularly for the PC platform. Blizzard
primarily delivers content through retail and digital channels, including subscriptions, full-game, and in-game sales, as well as by licensing software to third-party or
related-party companies that distribute Blizzard products. Blizzard also maintains a proprietary online gaming service, Blizzard Battle.net®, which facilitates digital
distribution of Blizzard content and selected Activision content, online social connectivity, and the creation of user-generated content. Blizzard also includes the
activities of the Overwatch LeagueTM, the first major global professional esports league with city-based teams.
    
Blizzard’s key product franchises include: World of Warcraft®, a subscription-based massive multi-player online role-playing game for the PC platform; Diablo®,
an action role-playing franchise for the PC and console platforms; Hearthstone®, an online collectible card franchise for the PC and mobile platforms; and Overwatch®,
a team-based first-person action title for the PC and console platforms.
(iii) King Digital Entertainment
King is a leading global developer and publisher of interactive entertainment content and services, particularly for the mobile platform, including for Google’s
Android and Apple’s iOS. King also distributes its content and services on the PC platform, primarily via Facebook. King’s games are free to play; however, players
can acquire in-game items, either with virtual currency or real currency, and we continue to focus on in-game advertising as a growing source of additional revenue.
King’s key product franchise is Candy Crush™, which features “match three” games for the mobile and PC platforms.
Other
We also engage in other businesses that do not represent reportable segments, including the Activision Blizzard Distribution (“Distribution”) business, which
consists of operations in Europe that provide warehousing, logistics, and sales distribution services to third-party publishers of interactive entertainment software, our
own publishing operations, and manufacturers of interactive entertainment hardware.
Products
We develop interactive entertainment content and services, principally for console, PC, and mobile devices, and we market and sell our games through retail and

CONTEXT 7 (ACTIVISIONBLIZZARD_2019_10K.pdf):
[Page 4]
Table of Contents
Item 1. BUSINESS
Overview
Activision Blizzard, Inc. is a leading global developer and publisher of interactive entertainment content and services. We develop and distribute content and
services on video game consoles, personal computers (“PC”s), and mobile devices. We also operate esports leagues and offer digital advertising within our content. The
The Company was originally incorporated in California in 1979 and was reincorporated in Delaware in December 1992. In connection with the 2008 business
combination by and among the Company (then known as Activision, Inc.), Vivendi S.A, and Vivendi Games, Inc., pursuant to which we acquired Blizzard
Entertainment, Inc. (“Blizzard”), we were renamed Activision Blizzard, Inc. On February 23, 2016, we acquired King Digital Entertainment plc, a leading interactive
mobile entertainment company ("King"), by purchasing all of its outstanding shares.
Our Strategy and Vision
Our objective is to continue to be a worldwide leader in the development, publishing, and distribution of high-quality interactive entertainment content and
services, as well as related media, that deliver engaging entertainment experiences on a year-round basis. In pursuit of this objective, we focus on three strategic pillars:
expanding audience reach; driving deep consumer engagement; and providing more opportunities for player investment.
Expanding audience reach. Building on our strong established franchises and creating new franchises through compelling new content is at the core of our
business. We endeavor to reach as many consumers as possible either through: (1) the purchase of our content and services; (2) engagement in our free-to-play games,
which allow consumers to play games with no up-front cost but provide for player investment through sales of downloadable content or via microtransactions; or (3)
engagement in other types of media based on our franchises, such as esports.
Driving deep consumer engagement. Our high-quality entertainment content not only expands our audience reach, but it also drives deep engagement with our
franchises. We design our games, as well as related media, to provide a depth of content that keeps consumers engaged for a long period of time following a game’s
release, delivering more value to our players and additional growth opportunities for our franchises.
Providing more opportunities for player investment. Increasingly, our consumers are connected to our games online through consoles, PCs, and mobile devices.
This allows us to offer additional digital player investment opportunities directly to our consumers on a year-round basis. In addition to purchasing full games or
subscriptions, players can invest in certain of our games and franchises by purchasing incremental “in-game” content (including larger downloadable content or smaller
content, via microtransactions). These digital revenue streams tend to be more recurring and have relatively higher profit margins. Further, if executed properly,
additional player investment can increase engagement as it provides more frequent and incremental content for our players. In addition, we generate revenue through
offering advertising within certain of our franchises, and we believe there are opportunities to grow new forms of player investment through esports and consumer
products. We are still in the early stages of developing these new revenue streams.
Reportable Segments
Based upon our organizational structure, we conduct our business through three reportable segments as follows:
(i) Activision Publishing, Inc.
Activision Publishing, Inc. (“Activision”) is a leading global developer and publisher of interactive software products and entertainment content, particularly for
the console platform. Activision primarily delivers content through retail and digital channels, including full-game and in-game sales, as well as by licensing software

CONTEXT 8 (ACTIVISIONBLIZZARD_2019_10K.pdf):
Segment Net Revenues
Activision
The decrease in Activision’s net revenues for 2019, as compared to 2018, was primarily due to:
•
lower revenues from the Destiny franchise (reflecting our sale of the publishing rights for Destiny to Bungie in December 2018); and
•
lower revenues from Call of Duty franchise catalog titles.
41
[Page 42]
Table of Contents
The decrease was partially offset by:
•
revenues from Sekiro: Shadows Die Twice, which was released in March 2019;
•
revenues from Crash Team Racing Nitro-Fueled, which was released in June 2019; and
•
revenues from Call of Duty: Mobile, which was released in October 2019.
Blizzard
The decrease in Blizzard’s net revenues for 2019, as compared to 2018, was primarily due to:
•
lower revenues from Hearthstone; and
•
overall lower revenues from World of Warcraft, primarily due to World of Warcraft: Battle for Azeroth, which was released in August 2018, with no
comparable release in 2019 (although revenues from subscriptions increased due to the release of World of Warcraft Classic in August 2019).
King
The decrease in King’s net revenues for 2019, as compared to 2018, was primarily due to lower in-game revenues from player purchases across various franchise
titles, primarily driven by the Candy Crush franchise, partially offset by an increase in advertising revenues.
Segment Income from Operations
Activision
The decrease in Activision’s operating income for 2019, as compared to 2018, was primarily due to:
•
lower revenues, as discussed above; and
•
marketing costs associated with the release of Call of Duty: Mobile in October 2019.
The decrease was partially offset by:
•
lower cost of revenues as a result of the decrease in revenues discussed above, primarily associated with Destiny; and
•
lower operating expenses, such as sales and marketing and product developments costs, for Destiny.
Blizzard
The decrease in Blizzard’s operating income for 2019, as compared to 2018, was primarily due to lower revenues, as discussed above.
The decrease is partially offset by:
•
lower spending on sales and marketing, primarily driven by lower marketing for esports initiatives;
•
higher capitalization of development costs driven by the timing of Blizzard’s game development cycles;
•
lower personnel costs;
•
lower software amortization from World of Warcraft, primarily due to the release of World of Warcraft: Battle for Azeroth in August 2018, with no
comparable release in 2019; and
42

ANSWER:
Not found in context.

GOLD:
24.26

JUSTIFICATION:
The metric in question was calculated using other simpler metrics. The various simpler metrics (from the current and, if relevant, previous fiscal year(s)) used were:

Metric 1: Total revenue. This metric was located in the 10K as a single line item named: Total net revenues.

Metric 2: Ppne, net. This metric was located in the 10K as a single line item named: Property and equipment, net.

================================================================================
[10/10]

QUESTION:
What is the FY2017 - FY2019 3 year average of capex as a % of revenue for Activision Blizzard? Answer in units of percents and round to one decimal place. Calculate (or extract) the answer from the statement of income and the cash flow statement.

CONTEXT 1 (ACTIVISIONBLIZZARD_2019_10K.pdf):
1,633
 
1,877  
1,151
Income tax expense
130
 
29  
878
Net income
$
1,503
 $
1,848  $
273
 
 
  
  
Earnings per common share
 
 
  
 
Basic
$
1.96
 $
2.43  $
0.36
Diluted
$
1.95
 $
2.40  $
0.36
 
 
  
  
Weighted-average number of shares outstanding
 
 
  
 
Basic
767
 
762  
754
Diluted
771
 
771  
766
The accompanying notes are an integral part of these Consolidated Financial Statements.
F-5
[Page 71]
Table of Contents
ACTIVISION BLIZZARD, INC. AND SUBSIDIARIES
CONSOLIDATED STATEMENTS OF COMPREHENSIVE INCOME
(Amounts in millions)
 
For the Years Ended December 31,
 
2019
 
2018
 
2017
Net income
$
1,503
 $
1,848  $
273
Other comprehensive income (loss):
 
 
  
 
Foreign currency translation adjustments, net of tax
5
 
(9)  
36
Unrealized gains (losses) on forward contracts designated as hedges, net of tax
(15)  
38  
(44)
Unrealized gains (losses) on investments, net of tax
(8)  
5  
(1)
Total other comprehensive income (loss)
$
(18)  $
34  $
(9)
Comprehensive income
$
1,485
 $
1,882  $
264
The accompanying notes are an integral part of these Consolidated Financial Statements.
F-6

CONTEXT 2 (ACTIVISIONBLIZZARD_2019_10K.pdf):
restricted stock units
—
 
—
 
—
 
—
 
164
 
—
 
—  
164
Dividends ($0.37 per common share)
—
 
—
 
—
 
—
 
—
 
(283)  
—  
(283)
Balance at December 31, 2019
1,197
 $
—
 
(429)  $ (5,563)  $
11,174
 $
7,813
 $
(619)  $
12,805
The accompanying notes are an integral part of these Consolidated Financial Statements.
F-7
[Page 73]
Table of Contents
ACTIVISION BLIZZARD, INC. AND SUBSIDIARIES
CONSOLIDATED STATEMENTS OF CASH FLOWS
(Amounts in millions)
 
For the Years Ended December 31,
 
2019
 
2018
 
2017
Cash flows from operating activities:
 
 
 
 
 
Net income
$
1,503
 $
1,848
 $
273
Adjustments to reconcile net income to net cash provided by operating activities:
 
 
 
 
 
Deferred income taxes
(352)  
(35)  
(181)
Provision for inventories
6
 
6
 
33
Non-cash operating lease cost
64
 
—
 
—
Depreciation and amortization
328
 
509
 
888
Amortization of capitalized software development costs and intellectual property licenses (1)
225
 
489
 
311
Loss on extinguishment of debt
—
 
40
 
12
Share-based compensation expense (2)
166
 
209
 
176
Unrealized gain on equity investment (Note 10)
(38)  
—
 
—
Other
51
 
7
 
40
Changes in operating assets and liabilities, net of effect from business acquisitions:
 
 
 
 
 
Accounts receivable, net
182
 
(114)  
(165)
Inventories
7
 
(5)  
(26)
Software development and intellectual property licenses
(275)  
(372)  
(301)
Other assets
164
 
(51)  
(97)
Deferred revenues
(154)  
(122)  
220
Accounts payable
31
 
(65)  
85
Accrued expenses and other liabilities
(77)  
(554)  
945
Net cash provided by operating activities
1,831
 
1,790
 
2,213
Cash flows from investing activities:
 
 
 
 
 
Proceeds from maturities of available-for-sale investments
153
 
116
 
80
Purchases of available-for-sale investments
(65)  
(209)  
(135)
Capital expenditures
(116)  
(131)  
(155)
Other investing activities
6
 
(6)  
3
Net cash used in investing activities
(22)  
(230)  
(207)
Cash flows from financing activities:
 
 
 
 
 
Proceeds from issuance of common stock to employees
105
 
99
 
178
Tax payment related to net share settlements on restricted stock units
(59)  
(94)  
(56)
Dividends paid
(283)  
(259)  
(226)
Proceeds from debt issuances, net of discounts
—
 
—
 
3,741
Repayment of long-term debt
—
 
(1,740)  
(4,251)
Premium payment for early redemption of note
—
 
(25)  
—
Other financing activities
—
 
(1)  
(10)
Net cash used in financing activities
(237)  
(2,020)  
(624)
Effect of foreign exchange rate changes on cash and cash equivalents
(3)  
(31)  
76
Net increase (decrease) in cash and cash equivalents and restricted cash
1,569
 
(491)  
1,458
Cash and cash equivalents and restricted cash at beginning of period
4,229
 
4,720
 
3,262
Cash and cash equivalents and restricted cash at end of period
$
5,798
 $
4,229
 $
4,720
(1)
Excludes deferral and amortization of share-based compensation expense.
(2)
Includes the net effects of capitalization, deferral, and amortization of share-based compensation expense.
The accompanying notes are an integral part of these Consolidated Financial Statements.
F-8

[Page 74]
Table of Contents
ACTIVISION BLIZZARD, INC. AND SUBSIDIARIES
Notes to Consolidated Financial Statements
1. Description of Business
Activision Blizzard, Inc. is a leading global developer and publisher of interactive entertainment content and services. We develop and distribute content and
services on video game consoles, personal computers (“PC”s), and mobile devices. We also operate esports leagues and offer digital advertising within our content. The
terms “Activision Blizzard,” the “Company,” “we,” “us,” and “our” are used to refer collectively to Activision Blizzard, Inc. and its subsidiaries.
The Company was originally incorporated in California in 1979 and was reincorporated in Delaware in December 1992. In connection with the 2008 business

CONTEXT 3 (ACTIVISIONBLIZZARD_2019_10K.pdf):
For the Years Ended December 31,
 
 
2019
 
2018
 
2017
Interest income
 $
(79)  $
(65)  $
(24)
Interest expense from debt and amortization of debt discount and deferred
financing costs
 
90
 
140  
162
Unrealized gain on equity investment
 
(38)  
—  
—
Other expense (income), net
 
1
 
(4)  
8
Interest and other expense (income), net
 $
(26)  $
71  $
146
F-47
[Page 115]
Table of Contents
ACTIVISION BLIZZARD, INC. AND SUBSIDIARIES
Notes to Consolidated Financial Statements (continued)
19. Income Taxes
Domestic and foreign income (loss) before income taxes and details of the income tax expense (benefit) are as follows (amounts in millions):
 
For the Years Ended December 31,
 
2019
 
2018
 
2017
Income before income tax expense:
 
 
  
 
Domestic
$
328
 $
432  $
185
Foreign
1,305
 
1,445  
966
 
$
1,633
 $
1,877  $
1,151
Income tax expense (benefit):
 
 
  
 
Current:
 
 
  
 
Federal
$
136
 $
(208)  $
696
State
24
 
(15)  
26
Foreign
323
 
280  
335
Total current
483
 
57  
1,057
Deferred:
 
  
  
Federal
781
 
(153)  
(111)
State
(16)  
106  
(32)
Foreign
(1,118)  
19  
(36)
Total deferred
(353)  
(28)  
(179)
 
 
  
  
Income tax expense
$
130
 $
29  $
878
The items accounting for the difference between income taxes computed at the U.S. federal statutory income tax rate and the income tax expense (benefit) at the
effective tax rate for each of the years are as follows (amounts in millions):
 
For the Years Ended December 31,
 
2019
 
2018
 
2017
Federal income tax provision at statutory rate
$
343  
21 %  $
394  
21 %  $
403  
35 %
State taxes, net of federal benefit
20  
1
 
36  
2
 
4  
—
Research and development credits
(38)  
(2)
 
(46)  
(2)
 
(26)  
(2)
Foreign rate differential
(104)  
(7)
 
(198)  
(11)
 
(271)  
(24)
Change in tax reserves
96  
6
 
285  
15
 
291  
25
Acquired net operating loss utilization
—  
—
 
—  
—
 
(36)  
(3)
Audit settlements
54  
3
 
(115)  
(6)
 
—  
—
Excess tax benefits related to share-based payments
(2)  
—
 
(58)  
(3)
 
(113)  
(10)
U.S. Tax Reform Act
—  
—
 
(340)  
(18)
 
636  
55
Change in valuation allowance
11  
1
 
61  
3
 
—  
—
Intra-entity IP Transfer
(230)  
(14)
 
—  
—
 
—  
—
Other
(20)  
(1)
 
10  
1
 
(10)  
—
Income tax expense
$
130  
8 %  $
29  
2 %  $
878  
76 %
F-48

CONTEXT 4 (ACTIVISIONBLIZZARD_2019_10K.pdf):
Reportable Segments
Based upon our organizational structure, we conduct our business through three reportable segments as follows:
(i) Activision Publishing, Inc.
Activision Publishing, Inc. (“Activision”) is a leading global developer and publisher of interactive software products and entertainment content, particularly for
to third-party or related-party companies that distribute Activision products. Activision develops, markets, and sells products primarily based on our internally
developed intellectual properties. Activision also includes the activities of the Call of Duty League, a global professional esports league with city-based teams for Call
of Duty®.
4
[Page 5]
Table of Contents
Activision’s key product franchise is Call of Duty, a first-person action title for the console and PC platforms and, following the October 1, 2019 launch of Call of
Duty: Mobile, the mobile platform, including for Google Inc.’s (“Google”) Android and Apple Inc.’s (“Apple”) iOS. Call of Duty has been the number one console
franchise globally for 10 of the last 11 years, based on data from The NPD Group, GfK Chart-Track, and GSD, and our internal estimates of upfront console sales.
Additionally, Call of Duty: Mobile installs exceeded 150 million, ending the fourth quarter of 2019 in the top-15 grossing games in U.S. app stores per App Annie
Intelligence and internal estimates.
(ii) Blizzard Entertainment, Inc.
Blizzard is a leading global developer and publisher of interactive software products and entertainment content, particularly for the PC platform. Blizzard
primarily delivers content through retail and digital channels, including subscriptions, full-game, and in-game sales, as well as by licensing software to third-party or
related-party companies that distribute Blizzard products. Blizzard also maintains a proprietary online gaming service, Blizzard Battle.net®, which facilitates digital
distribution of Blizzard content and selected Activision content, online social connectivity, and the creation of user-generated content. Blizzard also includes the
activities of the Overwatch LeagueTM, the first major global professional esports league with city-based teams.
    
Blizzard’s key product franchises include: World of Warcraft®, a subscription-based massive multi-player online role-playing game for the PC platform; Diablo®,
an action role-playing franchise for the PC and console platforms; Hearthstone®, an online collectible card franchise for the PC and mobile platforms; and Overwatch®,
a team-based first-person action title for the PC and console platforms.
(iii) King Digital Entertainment
King is a leading global developer and publisher of interactive entertainment content and services, particularly for the mobile platform, including for Google’s
Android and Apple’s iOS. King also distributes its content and services on the PC platform, primarily via Facebook. King’s games are free to play; however, players
can acquire in-game items, either with virtual currency or real currency, and we continue to focus on in-game advertising as a growing source of additional revenue.
King’s key product franchise is Candy Crush™, which features “match three” games for the mobile and PC platforms.
Other
We also engage in other businesses that do not represent reportable segments, including the Activision Blizzard Distribution (“Distribution”) business, which
consists of operations in Europe that provide warehousing, logistics, and sales distribution services to third-party publishers of interactive entertainment software, our
own publishing operations, and manufacturers of interactive entertainment hardware.
Products
We develop interactive entertainment content and services, principally for console, PC, and mobile devices, and we market and sell our games through retail and

CONTEXT 5 (ACTIVISIONBLIZZARD_2019_10K.pdf):
Table of Contents
ACTIVISION BLIZZARD, INC. AND SUBSIDIARIES
Notes to Consolidated Financial Statements (continued)
The following table summarizes our RSU activity with performance-based RSUs presented at the maximum potential shares that could be earned and issued at
vesting (amounts in thousands except per share amounts):
 
Number of shares
 
Weighted-
Average Grant
Date Fair Value
Unvested RSUs at December 31, 2018
10,623
 $
40.39
Granted
4,426
 
45.55
Vested
(2,758)  
47.86
Forfeited
(2,963)  
54.61
Unvested RSUs at December 31, 2019
9,328
 $
32.60
Certain of our performance-based RSUs did not have an accounting grant date as of December 31, 2019, as there is not a mutual understanding between the
Company and the employee of the performance terms. Generally, these performance terms relate to operating income performance for future years where the
performance goals have not yet been set. As of December 31, 2019, there were 3.2 million performance-based RSUs outstanding for which the accounting grant date
has not been set, of which 1.9 million were 2019 grants. Accordingly, no grant date fair value was established and the weighted average grant date fair value calculated
above for 2019 grants excludes these RSUs.
At December 31, 2019, approximately $96 million of total unrecognized compensation cost was related to RSUs and is expected to be recognized over a
weighted-average period of 1.64 years. Of the total unrecognized compensation cost, $50 million was related to performance-based RSUs, which is expected to be
recognized over a weighted-average period of 1.63 years. The total grant date fair value of vested RSUs was $147 million, $120 million and $64 million for the years
ended December 31, 2019, 2018, and 2017, respectively.
The income tax benefit from stock option exercises and RSU vestings was $47 million, $94 million, and $160 million for the years ended December 31, 2019,
2018, and 2017, respectively.
Share-Based Compensation Expense
The following table sets forth the total share-based compensation expense included in our consolidated statements of operations (amounts in millions):
 
For the Years Ended December 31,
 
2019
 
2018
 
2017
Cost of revenues—product sales: Software royalties, amortization, and intellectual property
licenses
$
19
 $
13  $
10
Cost of revenues—subscription, licensing, and other revenues: Game Operations and Distribution
Costs
1
 
2  
1
Cost of revenues—subscription, licensing, and other revenues: Software royalties, amortization,
and intellectual property licenses
1
 
3  
3
Product development
53
 
61  
57
Sales and marketing
10
 
15  
15
General and administrative
82
 
115  
92
Share-based compensation expense before income taxes
166
 
209  
178
Income tax benefit
(29)  
(46)  
(34)
Total share-based compensation expense, net of income tax benefit
$
137
 $
163  $
144
17. Restructuring
During 2019, we implemented a restructuring plan aimed at refocusing our resources on our largest opportunities and removing unnecessary levels of complexity
from certain parts of our business. We have been, and will continue:
•
increasing our investment in development for our largest, internally-owned franchises—across upfront releases, in-game content, mobile, and geographic
expansion;
•
reducing certain non-development and administrative-related costs across our business; and
•
integrating our global and regional sales and “go-to-market,” partnerships, and sponsorships capabilities across the business, which we believe will enable
us to provide better opportunities for talent, and greater expertise and scale on behalf of our business units.
The restructuring actions remain in progress and will continue into 2020 as we execute against our plan. During implementation, we expanded the scope of
certain actions within our plan aimed at integrating our global and regional sales and “go-to-market” functions, along with certain of our administrative-related
functions.

CONTEXT 6 (ACTIVISIONBLIZZARD_2019_10K.pdf):
694
 
265  
434  
595
Net income
685
 
260  
402  
500
Basic earnings per common share
0.90
 
0.34  
0.53  
0.66
Diluted earnings per common share
0.89
 
0.34  
0.52  
0.65
(1) Quarterly financial data for the quarter ended December 31, 2018, as presented above, have been revised to reflect the correction of the tax error identified during
2019, as previously discussed in Note 2.
F-55
[Page 123]
Table of Contents
SCHEDULE II
ACTIVISION BLIZZARD, INC. AND SUBSIDIARIES
VALUATION AND QUALIFYING ACCOUNTS
(Amounts in millions)
Col. A Description
 
Col. B
Balance at
Beginning of
Period
 
Col. C
Additions(A)
 
Col. D
Deductions(B)
 
Col. E
Balance at End
of Period
At December 31, 2019
 
 
 
 
 
  
 
Allowances for sales returns and price protection and other allowances  $
186
 $
11
 $
(79)  $
118
Valuation allowance for deferred tax assets
 $
61
 $
127
 $
(7)  $
181
At December 31, 2018
 
 
 
 
 
  
Allowances for sales returns and price protection and other allowances  $
274
 $
24
 $
(112)  $
186
Valuation allowance for deferred tax assets
 $
—
 $
61
 $
—  $
61
At December 31, 2017
 
 
 
 
 
  
Allowances for sales returns and price protection and other allowances  $
257
 $
83
 $
(66)  $
274
(A) Includes increases and reversals of allowances for sales returns, price protection, and valuation allowance for deferred tax assets due to normal reserving terms.
(B) Includes actual write-offs and utilization of allowances for sales returns, price protection, and releases of income tax valuation allowances and foreign currency
translation and other adjustments.
F-56

[Page 124]
Table of Contents
EXHIBIT INDEX
    
Pursuant to the rules and regulations of the SEC, the Company has filed certain agreements as exhibits to this Annual Report on Form 10-K. These agreements
may contain representations and warranties by the parties. These representations and warranties have been made solely for the benefit of the other party or parties to
such agreements and (i) may have been qualified by disclosures made to such other party or parties, (ii) were made only as of the date of such agreements or such other
date(s) as may be specified in such agreements and are subject to more recent developments, which may not be fully reflected in the Company’s public disclosure,
(iii) may reflect the allocation of risk among the parties to such agreements and (iv) may apply materiality standards different from what may be viewed as material to
investors. Accordingly, these representations and warranties may not describe the Company’s actual state of affairs at the date hereof and should not be relied upon.
Exhibit Number
 
Exhibit
3.1
 
Third Amended and Restated Certificate of Incorporation of Activision Blizzard, Inc., dated June 5, 2014 (incorporated by reference to
Exhibit 3.1 of the Company’s Form 8-K, filed June 6, 2014).
3.2
 
Fourth Amended and Restated Bylaws of Activision Blizzard, Inc., adopted as of February 1, 2018 (incorporated by reference to Exhibit 3.1
of the Company’s Form 8-K/A, filed March 21, 2018).
4.1
 
Indenture, dated as of September 19, 2016, among Activision Blizzard, Inc., the guarantors named therein and Wells Fargo Bank, National
Association, as trustee, with respect to the Company’s 2.300% Unsecured Senior Notes due 2021 and the Company’s 3.400% Unsecured
Senior Notes due 2026 (incorporated by reference to Exhibit 4.1 of the Company’s Form 8-K, filed September 19, 2016).
4.2
 
Base Indenture, dated as of May 26, 2017, between Activision Blizzard, Inc. and Wells Fargo Bank, National Association, as trustee
(incorporated by reference to Exhibit 4.1 of the Company’s Form 8-K, filed May 26, 2017).
4.3
 
First Supplemental Indenture, dated as of May 26, 2017, between Activision Blizzard, Inc. and Wells Fargo Bank, National Association, as
trustee, with respect to the Company’s 2.600% Unsecured Senior Notes due 2022, the Company’s 3.400% Unsecured Senior Notes due

CONTEXT 7 (ACTIVISIONBLIZZARD_2019_10K.pdf):
[Page 1]
UNITED STATES
SECURITIES AND EXCHANGE COMMISSION
Washington, D.C. 20549
FORM 10-K
☒    ANNUAL REPORT PURSUANT TO SECTION 13 OR 15(d) OF THE SECURITIES EXCHANGE ACT OF 1934
For the Fiscal Year Ended December 31, 2019  
OR
☐TRANSITION REPORT PURSUANT TO SECTION 13 OR 15(d) OF THE SECURITIES EXCHANGE ACT OF 1934
For the transition period from                      to   
Commission File Number 1-15839
ACTIVISION BLIZZARD, INC.
(Exact name of registrant as specified in its charter)
Delaware
 
95-4803544
(State or other jurisdiction of incorporation or organization)
 
(I.R.S. Employer Identification No.)
3100 Ocean Park Boulevard
Santa Monica,
CA  
90405
(Address of principal executive offices)
 
(Zip Code)
(310) 255-2000
(Registrant’s telephone number, including area code)
Securities registered pursuant to Section 12(b) of the Act:
Title of each class
 
Trading Symbol(s)
 
Name of each exchange on which registered
Common Stock, par value $0.000001 per share
 
ATVI
 
The Nasdaq Global Select Market
Securities registered pursuant to Section 12(g) of the Act:
None
Indicate by check mark if the registrant is a well‑known seasoned issuer, as defined in Rule 405 of the Securities Act. Yes ☒  No ☐
Indicate by check mark if the registrant is not required to file reports pursuant to Section 13 or Section 15 (d) of the Act. Yes ☐ No ☒
Indicate by check mark whether the registrant:  (1) has filed all reports required to be filed by Section 13 or 15(d) of the Securities Exchange Act of 1934 during
the preceding 12 months (or for such shorter period that the registrant was required to file such reports), and (2) has been subject to such filing requirements for the past
90 days.  Yes ☒  No ☐
Indicate by check mark whether the registrant has submitted electronically every Interactive Data File required to be submitted pursuant to Rule 405 of Regulation
S-T (§ 232.405 of this chapter) during the preceding 12 months (or for such shorter period that the registrant was required to submit such files).  Yes ☒  No ☐
Indicate by check mark whether the registrant is a large accelerated filer, an accelerated filer, a non-accelerated filer, smaller reporting company, or an emerging
growth company. See the definitions of “large accelerated filer”, “accelerated filer”, “smaller reporting company”, and “emerging growth company” in Rule 12b-2 of
the Exchange Act.
Large Accelerated Filer ☒ 
Non-accelerated Filer
☐ 
Accelerated Filer
☐ 
Smaller reporting company
☐ 
Emerging growth company
☐
If an emerging growth company, indicate by check mark if the registrant has elected not to use the extended transition period for complying with any new or
revised financial accounting standards provided pursuant to Section 13(a) of the Exchange Act. ☐ 
Indicate by check mark whether the registrant is a shell company (as defined in Rule 12b-2 of the Exchange Act).  Yes ☐ No ☒
The aggregate market value of the registrant’s Common Stock held by non-affiliates on June 30, 2019 (based on the closing sale price as reported on the Nasdaq)
was $35,743,039,830.
The number of shares of the registrant’s Common Stock outstanding at February 20, 2020 was 769,221,524.
Documents Incorporated by Reference
Portions of the registrant’s definitive Proxy Statement, to be filed with the Securities and Exchange Commission with respect to the 2020 Annual Meeting of
Shareholders which is expected to be held on June 11, 2020, are incorporated by reference into Part III of this Annual Report.

CONTEXT 8 (ACTIVISIONBLIZZARD_2019_10K.pdf):
Activision
 
Blizzard
 
King
 
Total
Segment Revenues
  
  
  
  
Net revenues from external customers
 $
2,628
 $
2,120
 $
1,998  $
6,746
Intersegment net revenues (1)
 
—
 
19
 
—  
19
Segment net revenues
 $
2,628
 $
2,139
 $
1,998  $
6,765
Segment operating income
 $
1,005
 $
712
 $
700  $
2,417
(1) Intersegment revenues reflect licensing and service fees charged between segments.
F-36
[Page 102]
Table of Contents
ACTIVISION BLIZZARD, INC. AND SUBSIDIARIES
Notes to Consolidated Financial Statements (continued)
Reconciliations of total segment net revenues and total segment operating income to consolidated net revenues and consolidated income before income tax
expense are presented in the table below (amounts in millions):
 
 
Years Ended December 31,
 
 
2019
 
2018
 
2017
Reconciliation to consolidated net revenues:
  
  
  
Segment net revenues
 $
5,969
 $
6,835  $
6,765
Revenues from non-reportable segments (1)
 
462
 
480  
410
Net effect from recognition (deferral) of deferred net revenues (2)
 
101
 
238  
(139)
Elimination of intersegment revenues (3)
 
(43)  
(53)  
(19)
Consolidated net revenues
 $
6,489
 $
7,500  $
7,017
 
  
  
  
Reconciliation to consolidated income before income tax expense:
  
  
  
Segment operating income
 $
2,054
 $
2,446  $
2,417
Operating income (loss) from non-reportable segments (1)
 
24
 
31  
(19)
Net effect from recognition (deferral) of deferred net revenues and related cost of
revenues (2)
 
52
 
100  
(71)
Share-based compensation expense
 
(166)  
(209)  
(178)
Amortization of intangible assets
 
(203)  
(370)  
(757)
Fees and other expenses related to the acquisition of King (4)
 
—
 
—  
(15)
Restructuring costs (5)
 
(137)  
(10)  
(15)
Other non-cash charges (6)
 
—
 
—  
(14)
Discrete tax-related items (7)
 
(17)  
—  
(39)
Consolidated operating income
 
1,607
 
1,988  
1,309
Interest and other expense (income), net
 
(26)  
71  
146
Loss on extinguishment of debt
 
—
 
40  
12
Consolidated income before income tax expense
 $
1,633
 $
1,877  $
1,151
(1) Includes other income and expenses from operating segments managed outside the reportable segments, including our Distribution business. Also includes
unallocated corporate income and expenses.
(2) Reflects the net effect from recognition (deferral) of deferred net revenues, along with related cost of revenues, on certain of our online-enabled products.
(3) Intersegment revenues reflect licensing and service fees charged between segments.
 
(4) Reflects fees and other expenses, such as legal, banking, and professional services fees, related to the acquisition of King and associated integration activities,
including related debt financings.
(5) Reflects restructuring initiatives, which include severance and other restructuring-related costs.
(6) Reflects a non-cash accounting charge to reclassify certain cumulative translation gains (losses) into earnings due to the substantial liquidation of certain of our
foreign entities.
(7) Reflects the impact of other unusual or unique tax-related items and activities.
F-37

ANSWER:
To calculate the 3-year average of capital expenditures (capex) as a percentage of revenue for FY2017 through FY2019, we first identify the consolidated net revenues and capital expenditures for each year from the provided financial statements.

**1. Identify Data (in millions):**
*   **FY2019:**
    *   Consolidated net revenues: $6,489
    *   Capital expenditures: $116
*   **FY2018:**
    *   Consolidated net revenues: $7,500
    *   Capital expenditures: $131
*   **FY2017:**
    *   Consolidated net revenues: $7,017
    *   Capital expenditures: $155

**2. Calculate Capex as a % of Revenue for each year:**
*   **FY2019:** ($116 / $6,489) * 100 = 1.7876406...%
*   **FY2018:** ($131 / $7,500) * 100 = 1.7466666...%
*   **FY2017:** ($155 / $7,017) * 100 = 2.2089211...%

**3. Calculate the 3-year average:**
*   Sum of percentages: 1.7876406% + 1.7466666% + 2.2089211% = 5.7432283%
*   Average: 5.7432283% / 3 = 1.9144094...%

**Final Answer:**
Rounding to one decimal place, the 3-year average of capex as a % of revenue is **1.9%**.

GOLD:
1.9%

JUSTIFICATION:
The metric in question was calculated using other simpler metrics. The various simpler metrics (from the current and, if relevant, previous fiscal year(s)) used were:

Metric 1: Capital expenditures. This metric was located in the 10K as a single line item named: Capital expenditures.

Metric 2: Total revenue. This metric was located in the 10K as a single line item named: Total net revenues.

